preferred_category,preferred_type,preferred_genre,content_category,content_type,primary_genre,category_match,type_match,genre_overlap_count,genre_overlap_ratio,view_count,log_views,days_since_publish,freshness_score,label
,FILM,,,FILM,Action,0.0,1.0,0,0.0,,,543,0.3966666666666666,
SERIES,SERIES,Drama,MOVIE,FILM,Comedy,0.0,0.0,0,0.0,2618.0,7.870547844507712,286,0.6822222222222223,0.07200291167726386
DOCUMENTARY,DOCUMENTARY,History,MOVIE,FILM,Drama,0.0,0.0,0,0.0,4761.0,8.468423027046809,230,0.7444444444444445,0.13459541599440175
MOVIE,FILM,Comedy,,FILM,Sci-Fi,1.0,1.0,0,0.0,2032.0,7.617267813628347,645,0.2833333333333333,0.7104047984411958
MOVIE,FILM,Sci-Fi,SERIES,SERIES,Drama,0.0,0.0,0,0.0,2929.0,7.982757702011113,297,0.6699999999999999,0.043947867460434296
SERIES,SERIES,Drama,SERIES,SERIES,Comedy,1.0,1.0,0,0.0,,6.806829360392176,522,0.42000000000000004,0.653187189729207
MOVIE,FILM,Action,SERIES,SERIES,Action,0.0,0.0,2,1.0,251.0,5.529429087511423,126,0.86,0.35441045248395825
SERIES,SERIES,,DOCUMENTARY,DOCUMENTARY,History,0.0,0.0,0,0.0,4766.0,8.469472455204826,66,0.9266666666666666,0.12082148869726952
DOCUMENTARY,DOCUMENTARY,History,DOCUMENTARY,DOCUMENTARY,Science,1.0,1.0,0,0.0,3061.0,8.026823576217629,0,1.0,0.7551707367247276
MOVIE,FILM,Comedy,MOVIE,FILM,Action,1.0,1.0,0,0.0,562.0,6.333279628139691,626,0.3044444444444444,0.6530010360756359
MOVIE,FILM,Sci-Fi,MOVIE,FILM,Comedy,1.0,1.0,0,0.0,380.0,5.942799375126701,70,0.9222222222222223,0.7650166031353369
,SERIES,Drama,MOVIE,FILM,Drama,0.0,0.0,1,0.5,2474.0,7.813995675002791,486,0.45999999999999996,0.2240626277295475
,FILM,Action,MOVIE,FILM,Sci-Fi,1.0,1.0,1,0.5,612.0,6.418364935936212,229,0.7455555555555555,0.8450625428643308
SERIES,SERIES,Drama,SERIES,SERIES,Drama,1.0,1.0,2,1.0,2724.0,7.9102237070973445,620,0.3111111111111111,0.9600848971294736
DOCUMENTARY,DOCUMENTARY,History,SERIES,SERIES,Comedy,0.0,0.0,0,0.0,4422.0,8.394573477868327,605,0.3277777777777777,0.0841122735025317
MOVIE,FILM,,SERIES,SERIES,Action,1.0,1.0,0,0.0,,6.523562306149512,118,0.8688888888888888,0.7101037252519452
,FILM,Sci-Fi,,DOCUMENTARY,History,1.0,1.0,1,0.5,4047.0,8.305978210967302,538,0.40222222222222226,0.8282002044601076
SERIES,SERIES,Drama,,DOCUMENTARY,Science,0.0,1.0,0,0.0,2316.0,7.748028524432376,451,0.49888888888888894,0.3355580931948295
MOVIE,FILM,Action,MOVIE,FILM,Action,1.0,1.0,2,1.0,2275.0,7.730174795246222,362,0.5977777777777777,0.9804876192403127
,SERIES,,MOVIE,FILM,Comedy,0.0,0.0,0,0.0,1922.0,7.56164174558878,45,0.95,0.12710951931747366
DOCUMENTARY,DOCUMENTARY,History,MOVIE,FILM,Drama,0.0,0.0,0,0.0,4990.0,8.515391569469609,98,0.8911111111111111,0.12141142495795156
MOVIE,FILM,Comedy,MOVIE,FILM,Sci-Fi,1.0,1.0,0,0.0,2345.0,7.76046702921342,60,0.9333333333333333,0.7273964115754972
MOVIE,FILM,Sci-Fi,SERIES,SERIES,Drama,0.0,0.0,0,0.0,2110.0,7.65491704784832,675,0.25,0.09569809370621343
,SERIES,,SERIES,SERIES,Comedy,1.0,1.0,0,0.0,3521.0,8.166784289056151,508,0.4355555555555556,0.6952164901559633
MOVIE,FILM,,SERIES,SERIES,Action,0.0,0.0,2,1.0,1425.0,7.262628600974241,542,0.3977777777777778,0.29920629245054786
SERIES,SERIES,Drama,DOCUMENTARY,DOCUMENTARY,History,0.0,0.0,0,0.0,3290.0,8.098946748943339,643,0.28555555555555556,0.05398686792510129
DOCUMENTARY,DOCUMENTARY,History,DOCUMENTARY,DOCUMENTARY,Science,1.0,1.0,0,0.0,3297.0,8.101071503119543,780,0.1333333333333333,0.6853073711360207
MOVIE,FILM,Comedy,MOVIE,FILM,Action,1.0,1.0,0,0.0,4130.0,8.326274787396764,760,0.15555555555555556,0.6835245432082414
MOVIE,FILM,Sci-Fi,MOVIE,FILM,Comedy,1.0,1.0,0,0.0,3844.0,8.254528881939745,679,0.24555555555555553,0.6936243289342786
SERIES,SERIES,Drama,MOVIE,FILM,Drama,0.0,0.0,1,0.5,,,291,0.6766666666666667,
MOVIE,FILM,Action,MOVIE,FILM,Sci-Fi,1.0,1.0,1,0.5,1050.0,6.957497370876951,197,0.7811111111111111,0.913282749674456
SERIES,SERIES,Drama,SERIES,SERIES,Drama,1.0,1.0,2,1.0,3128.0,8.048468743668883,539,0.4011111111111111,0.9236896328136566
DOCUMENTARY,DOCUMENTARY,History,,SERIES,Comedy,0.0,0.0,0,0.0,4438.0,8.398184404834035,633,0.29666666666666663,0.05162464881600515
MOVIE,FILM,Comedy,SERIES,SERIES,Action,1.0,1.0,0,0.0,345.0,5.846438775057725,53,0.9411111111111111,0.7156821015972648
MOVIE,FILM,Sci-Fi,,DOCUMENTARY,History,0.0,1.0,1,0.5,4653.0,8.445482343862237,8,0.9911111111111112,0.5551259708722083
SERIES,SERIES,Drama,DOCUMENTARY,DOCUMENTARY,Science,1.0,1.0,0,0.0,811.0,6.699500340161678,661,0.26555555555555554,0.7102002814045676
MOVIE,FILM,Action,MOVIE,FILM,Action,1.0,1.0,2,1.0,559.0,6.327936783729195,517,0.4255555555555556,0.9272612953091502
SERIES,SERIES,Drama,MOVIE,FILM,Comedy,0.0,0.0,0,0.0,2481.0,7.8168199657645525,364,0.5955555555555556,0.0690922833167444
DOCUMENTARY,DOCUMENTARY,History,MOVIE,FILM,Drama,0.0,0.0,0,0.0,2678.0,7.893198869544609,659,0.2677777777777778,0.0371242251716833
MOVIE,FILM,Comedy,MOVIE,FILM,Sci-Fi,1.0,1.0,0,0.0,2997.0,8.005700678662542,198,0.78,0.7530986755399081
MOVIE,FILM,Sci-Fi,SERIES,SERIES,Drama,0.0,0.0,0,0.0,2840.0,7.951911381854188,577,0.3588888888888889,0.09352834238878856
SERIES,SERIES,,SERIES,SERIES,Comedy,1.0,1.0,0,0.0,114.0,4.74493212836325,129,0.8566666666666667,0.7430498819529926
MOVIE,FILM,Action,SERIES,SERIES,Action,0.0,0.0,2,1.0,4948.0,8.506940814951886,692,0.23111111111111116,0.28095444573668094
SERIES,SERIES,,DOCUMENTARY,DOCUMENTARY,History,0.0,0.0,0,0.0,4702.0,8.455955881945048,865,0.03888888888888886,0.04843575472286847
DOCUMENTARY,DOCUMENTARY,History,DOCUMENTARY,DOCUMENTARY,Science,1.0,1.0,0,0.0,4651.0,8.445052513638554,285,0.6833333333333333,0.7293674743348378
MOVIE,FILM,Comedy,MOVIE,FILM,Action,1.0,1.0,0,0.0,2444.0,7.801800401908973,511,0.4322222222222222,0.7044575485770216
MOVIE,FILM,,MOVIE,FILM,Comedy,1.0,1.0,0,0.0,4348.0,8.37770121259764,726,0.19333333333333336,0.7027104242833242
SERIES,SERIES,Drama,MOVIE,FILM,Drama,0.0,0.0,1,0.5,1136.0,7.036148493750536,384,0.5733333333333333,0.2153129708799095
MOVIE,FILM,Action,MOVIE,FILM,Sci-Fi,1.0,1.0,1,0.5,2252.0,7.720017940432244,774,0.14,0.8086785977385226
,SERIES,Drama,SERIES,SERIES,Drama,1.0,1.0,2,1.0,4282.0,8.36240897761537,8,0.9911111111111112,0.998304745318513
DOCUMENTARY,DOCUMENTARY,History,SERIES,SERIES,Comedy,0.0,0.0,0,0.0,2679.0,7.893572073504902,112,0.8755555555555555,0.13131168006516578
MOVIE,FILM,Comedy,,SERIES,Action,0.0,1.0,0,0.0,685.0,6.530877627725885,495,0.44999999999999996,0.37296476956504904
MOVIE,FILM,Sci-Fi,DOCUMENTARY,DOCUMENTARY,History,1.0,1.0,1,0.5,2098.0,7.649216319820633,606,0.32666666666666666,0.7629485090479773
SERIES,SERIES,Drama,DOCUMENTARY,DOCUMENTARY,Science,1.0,1.0,0,0.0,2502.0,7.8252452914317745,694,0.22888888888888892,0.6680776203600889
,FILM,Action,MOVIE,FILM,Action,1.0,1.0,2,1.0,3681.0,8.211211361793023,848,0.05777777777777782,0.8881608708680742
SERIES,SERIES,Drama,MOVIE,FILM,Comedy,0.0,0.0,0,0.0,1497.0,7.311886164077165,158,0.8244444444444444,0.09577538083748714
DOCUMENTARY,DOCUMENTARY,History,MOVIE,FILM,Drama,0.0,0.0,0,0.0,2909.0,7.975908360165538,726,0.19333333333333336,0.04652754739726855
MOVIE,FILM,Comedy,MOVIE,FILM,Sci-Fi,1.0,1.0,0,0.0,,8.242756345714477,85,0.9055555555555556,0.7920382675402073
MOVIE,FILM,Sci-Fi,SERIES,SERIES,Drama,0.0,0.0,0,0.0,,,454,0.4955555555555555,
SERIES,SERIES,Drama,SERIES,SERIES,Comedy,1.0,1.0,0,0.0,3969.0,8.286521373681236,629,0.3011111111111111,0.7159884456318834
MOVIE,FILM,Action,SERIES,SERIES,Action,0.0,0.0,2,1.0,3038.0,8.019283792916793,458,0.49111111111111116,0.2742662792644894
SERIES,SERIES,Drama,DOCUMENTARY,DOCUMENTARY,History,0.0,0.0,0,0.0,3110.0,8.042699496897637,265,0.7055555555555555,0.09625433575330512
DOCUMENTARY,DOCUMENTARY,History,DOCUMENTARY,DOCUMENTARY,Science,1.0,1.0,0,0.0,374.0,5.926926025970411,377,0.5811111111111111,0.7093355965130188
,FILM,Comedy,MOVIE,FILM,Action,1.0,1.0,0,0.0,2276.0,7.7306140660637395,232,0.7422222222222222,0.7461671769010616
MOVIE,FILM,Sci-Fi,MOVIE,FILM,Comedy,1.0,1.0,0,0.0,4127.0,8.325548307161398,713,0.20777777777777773,0.6991170120922809
SERIES,SERIES,Drama,MOVIE,FILM,Drama,0.0,0.0,1,0.5,1059.0,6.966024187106113,88,0.9022222222222223,0.2649827467764694
MOVIE,FILM,,MOVIE,FILM,Sci-Fi,1.0,1.0,1,0.5,4902.0,8.497602541651233,310,0.6555555555555556,0.8328609257954414
SERIES,SERIES,Drama,,SERIES,Drama,1.0,1.0,2,1.0,4373.0,8.383433201236713,440,0.5111111111111111,0.9345002604477818
DOCUMENTARY,DOCUMENTARY,,,SERIES,Comedy,0.0,0.0,0,0.0,1782.0,7.48605261786314,877,0.025555555555555554,0.06156617696155079
MOVIE,FILM,,SERIES,SERIES,Action,1.0,1.0,0,0.0,4263.0,8.357962965845681,246,0.7266666666666667,0.7240740389906436
,FILM,Sci-Fi,DOCUMENTARY,DOCUMENTARY,History,1.0,1.0,1,0.5,2899.0,7.9724660159745655,186,0.7933333333333333,0.8164959259264162
SERIES,SERIES,Drama,DOCUMENTARY,DOCUMENTARY,Science,1.0,1.0,0,0.0,2591.0,7.860185057472165,217,0.758888888888889,0.696824428279772
MOVIE,FILM,Action,MOVIE,FILM,Action,1.0,1.0,2,1.0,1083.0,6.988413181999592,321,0.6433333333333333,0.9278093788955055
SERIES,SERIES,Drama,MOVIE,FILM,Comedy,0.0,0.0,0,0.0,2165.0,7.680637427560936,497,0.44777777777777783,0.09382876644410598
DOCUMENTARY,DOCUMENTARY,History,MOVIE,FILM,Drama,0.0,0.0,0,0.0,3739.0,8.226840890408578,238,0.7355555555555555,0.11439206492837731
MOVIE,FILM,Comedy,MOVIE,FILM,Sci-Fi,1.0,1.0,0,0.0,4376.0,8.384118837190895,277,0.6922222222222223,0.7471995332317704
MOVIE,FILM,Sci-Fi,SERIES,SERIES,Drama,0.0,0.0,0,0.0,3637.0,8.199189359078067,677,0.24777777777777776,0.04840103998358427
SERIES,SERIES,Drama,SERIES,SERIES,Comedy,1.0,1.0,0,0.0,4666.0,8.448271745949816,828,0.07999999999999996,0.6703040651587451
MOVIE,FILM,Action,SERIES,SERIES,Action,0.0,0.0,2,1.0,3239.0,8.083328608786376,118,0.8688888888888888,0.38158250563584845
SERIES,SERIES,,DOCUMENTARY,DOCUMENTARY,History,0.0,0.0,0,0.0,526.0,6.267200548541362,683,0.24111111111111116,0.0426849395796878
DOCUMENTARY,DOCUMENTARY,History,DOCUMENTARY,DOCUMENTARY,Science,1.0,1.0,0,0.0,,7.638198244285779,246,0.7266666666666667,0.7403174715457704
MOVIE,FILM,Comedy,MOVIE,FILM,Action,1.0,1.0,0,0.0,2179.0,7.687080155783135,287,0.6811111111111111,0.7024181335714812
MOVIE,FILM,Sci-Fi,MOVIE,FILM,Comedy,1.0,1.0,0,0.0,2012.0,7.607381425639791,222,0.7533333333333333,0.718252302050336
SERIES,SERIES,Drama,MOVIE,FILM,Drama,0.0,0.0,1,0.5,,7.60887062919126,489,0.45666666666666667,0.1880317326431224
MOVIE,FILM,Action,MOVIE,FILM,Sci-Fi,1.0,1.0,1,0.5,1164.0,7.060476365999801,544,0.39555555555555555,0.7750602611478836
,SERIES,Drama,,SERIES,Drama,0.0,1.0,2,1.0,196.0,5.2832037287379885,510,0.43333333333333335,0.6014234132179586
DOCUMENTARY,DOCUMENTARY,History,SERIES,SERIES,Comedy,0.0,0.0,0,0.0,618.0,6.428105272684596,200,0.7777777777777778,0.09226506433918316
MOVIE,FILM,Comedy,SERIES,SERIES,Action,1.0,1.0,0,0.0,,,831,0.07666666666666666,
MOVIE,FILM,Sci-Fi,DOCUMENTARY,DOCUMENTARY,History,1.0,1.0,1,0.5,2018.0,7.610357618312838,174,0.8066666666666666,0.86891287807079
SERIES,SERIES,Drama,DOCUMENTARY,DOCUMENTARY,Science,1.0,1.0,0,0.0,3383.0,8.126813720726114,19,0.9788888888888889,0.7674039962619034
MOVIE,FILM,,MOVIE,FILM,Action,1.0,1.0,2,1.0,3565.0,8.179199798423086,240,0.7333333333333334,0.9896468857066196
SERIES,SERIES,Drama,MOVIE,FILM,Comedy,0.0,0.0,0,0.0,4204.0,8.344029572407049,194,0.7844444444444445,0.1125744557865264
DOCUMENTARY,DOCUMENTARY,,MOVIE,FILM,Drama,0.0,0.0,0,0.0,222.0,5.407171771460119,425,0.5277777777777778,0.06411070295627593
,FILM,Comedy,MOVIE,FILM,Sci-Fi,1.0,1.0,0,0.0,1833.0,7.51425465281641,52,0.9422222222222222,0.745227363240881
MOVIE,FILM,Sci-Fi,SERIES,SERIES,Drama,0.0,0.0,0,0.0,3220.0,8.0774471493312,416,0.5377777777777778,0.03905750986717556
SERIES,SERIES,Drama,SERIES,SERIES,Comedy,1.0,1.0,0,0.0,1269.0,7.146772179452637,693,0.22999999999999998,0.6313500577359858
MOVIE,FILM,Action,SERIES,SERIES,Action,0.0,0.0,2,1.0,4770.0,8.470311205516108,435,0.5166666666666666,0.2896315058761062
,SERIES,Drama,DOCUMENTARY,DOCUMENTARY,History,0.0,0.0,0,0.0,1683.0,7.428927194802272,178,0.8022222222222222,0.08332227159329898
DOCUMENTARY,DOCUMENTARY,History,DOCUMENTARY,DOCUMENTARY,Science,1.0,1.0,0,0.0,2939.0,7.986164860332727,283,0.6855555555555555,0.736042848403182
MOVIE,FILM,Comedy,MOVIE,FILM,Action,1.0,1.0,0,0.0,1226.0,7.112327444710911,785,0.12777777777777777,0.6372237503156912
MOVIE,FILM,Sci-Fi,MOVIE,FILM,Comedy,1.0,1.0,0,0.0,2833.0,7.949444420250626,383,0.5744444444444444,0.7014304319132656
SERIES,SERIES,Drama,MOVIE,FILM,Drama,0.0,0.0,1,0.5,3255.0,8.08825472712243,353,0.6077777777777778,0.25570242549857053
MOVIE,FILM,Action,,FILM,Sci-Fi,0.0,1.0,1,0.5,4327.0,8.372860820526318,549,0.39,0.465524795626052
SERIES,SERIES,Drama,SERIES,SERIES,Drama,1.0,1.0,2,1.0,4060.0,8.309184527686298,495,0.44999999999999996,0.9640551760659519
DOCUMENTARY,DOCUMENTARY,History,SERIES,SERIES,Comedy,0.0,0.0,0,0.0,2785.0,7.932362154339751,130,0.8555555555555556,0.09280196806343592
MOVIE,FILM,Comedy,SERIES,SERIES,Action,1.0,1.0,0,0.0,3868.0,8.260751354700513,636,0.29333333333333333,0.6798846570626401
MOVIE,FILM,Sci-Fi,DOCUMENTARY,DOCUMENTARY,History,1.0,1.0,1,0.5,2732.0,7.913155185928068,867,0.036666666666666625,0.7503355836234741
SERIES,SERIES,Drama,DOCUMENTARY,DOCUMENTARY,Science,1.0,1.0,0,0.0,3084.0,8.034306936339489,800,0.11111111111111116,0.6566481496622698
MOVIE,FILM,Action,MOVIE,FILM,Action,1.0,1.0,2,1.0,1515.0,7.323830566202317,805,0.10555555555555551,0.9283151577512878
SERIES,SERIES,,MOVIE,FILM,Comedy,0.0,0.0,0,0.0,4620.0,8.438366410870266,679,0.24555555555555553,0.01023979357476406
DOCUMENTARY,DOCUMENTARY,History,MOVIE,FILM,Drama,0.0,0.0,0,0.0,4211.0,8.345692873253865,726,0.19333333333333336,0.06945801096528179
MOVIE,FILM,Comedy,MOVIE,FILM,Sci-Fi,1.0,1.0,0,0.0,965.0,6.873163834212518,153,0.83,0.7406794628886907
MOVIE,FILM,Sci-Fi,SERIES,SERIES,Drama,0.0,0.0,0,0.0,3133.0,8.050065422915965,404,0.5511111111111111,0.07306468098650046
SERIES,SERIES,Drama,SERIES,SERIES,Comedy,1.0,1.0,0,0.0,3044.0,8.021256180143997,671,0.2544444444444445,0.6377127362800976
MOVIE,FILM,Action,,SERIES,Action,0.0,0.0,2,1.0,4062.0,8.309676895987726,287,0.6811111111111111,0.3472068936580282
,SERIES,,DOCUMENTARY,DOCUMENTARY,History,0.0,0.0,0,0.0,2447.0,7.803026643632217,476,0.47111111111111115,0.06590644825534023
DOCUMENTARY,DOCUMENTARY,History,DOCUMENTARY,DOCUMENTARY,Science,1.0,1.0,0,0.0,,,833,0.07444444444444442,
MOVIE,FILM,,MOVIE,FILM,Action,1.0,1.0,0,0.0,2938.0,7.985824666418917,203,0.7744444444444445,0.7335925628831207
MOVIE,FILM,Sci-Fi,MOVIE,FILM,Comedy,1.0,1.0,0,0.0,1785.0,7.487733761436444,102,0.8866666666666667,0.7899988501237896
SERIES,SERIES,Drama,,FILM,Drama,0.0,0.0,1,0.5,3118.0,8.045267716607803,573,0.3633333333333333,0.1849094099162884
,FILM,Action,MOVIE,FILM,Sci-Fi,1.0,1.0,1,0.5,3178.0,8.064321960910803,676,0.24888888888888894,0.7700253950476144
SERIES,SERIES,Drama,SERIES,SERIES,Drama,1.0,1.0,2,1.0,1900.0,7.550135342488429,524,0.4177777777777778,0.9407122039041936
DOCUMENTARY,DOCUMENTARY,History,SERIES,SERIES,Comedy,0.0,0.0,0,0.0,3764.0,8.233503140233994,298,0.6688888888888889,0.11008213669797069
MOVIE,FILM,Comedy,SERIES,SERIES,Action,1.0,1.0,0,0.0,1652.0,7.410347097821024,692,0.23111111111111116,0.7168216143586399
,FILM,,DOCUMENTARY,DOCUMENTARY,History,1.0,1.0,1,0.5,4287.0,8.363575702750637,148,0.8355555555555556,0.8857803405007736
SERIES,SERIES,Drama,DOCUMENTARY,DOCUMENTARY,Science,1.0,1.0,0,0.0,814.0,6.703188113240863,321,0.6433333333333333,0.7248314122777781
MOVIE,FILM,Action,MOVIE,FILM,Action,1.0,1.0,2,1.0,1940.0,7.57095858316901,704,0.21777777777777774,0.9593255693284491
SERIES,SERIES,Drama,MOVIE,FILM,Comedy,0.0,0.0,0,0.0,1712.0,7.44600149832412,797,0.11444444444444446,0.008874892807310561
DOCUMENTARY,DOCUMENTARY,History,MOVIE,FILM,Drama,0.0,0.0,0,0.0,4737.0,8.463370384718731,567,0.37,0.055422433505146376
MOVIE,FILM,Comedy,MOVIE,FILM,Sci-Fi,1.0,1.0,0,0.0,3959.0,8.283999304248526,210,0.7666666666666666,0.7056871631100501
MOVIE,FILM,Sci-Fi,SERIES,SERIES,Drama,0.0,0.0,0,0.0,3190.0,8.068089626278244,128,0.8577777777777778,0.10994165979989695
SERIES,SERIES,Drama,SERIES,SERIES,Comedy,1.0,1.0,0,0.0,2018.0,7.610357618312838,609,0.32333333333333336,0.6448565605435901
MOVIE,FILM,Action,SERIES,SERIES,Action,0.0,0.0,2,1.0,4970.0,8.511376306094673,625,0.3055555555555556,0.3274384230981862
SERIES,SERIES,Drama,DOCUMENTARY,DOCUMENTARY,History,0.0,0.0,0,0.0,4477.0,8.4069317971587,492,0.45333333333333337,0.07603079374107548
DOCUMENTARY,DOCUMENTARY,History,DOCUMENTARY,DOCUMENTARY,Science,1.0,1.0,0,0.0,1885.0,7.542213463193403,414,0.54,0.6633967598902244
MOVIE,FILM,Comedy,MOVIE,FILM,Action,1.0,1.0,0,0.0,2559.0,7.847762537473608,324,0.64,0.6884115721747678
MOVIE,FILM,Sci-Fi,,FILM,Comedy,0.0,1.0,0,0.0,2545.0,7.842278779117352,463,0.4855555555555555,0.37281554333069417
SERIES,SERIES,Drama,MOVIE,FILM,Drama,0.0,0.0,1,0.5,4822.0,8.481151420068972,375,0.5833333333333333,0.24117113668158238
MOVIE,FILM,,MOVIE,FILM,Sci-Fi,1.0,1.0,0,0.0,2583.0,7.857093864902493,376,0.5822222222222222,0.7730445661503202
SERIES,SERIES,Drama,SERIES,SERIES,Drama,1.0,1.0,2,1.0,1331.0,7.194436851100335,63,0.9299999999999999,1.0
DOCUMENTARY,DOCUMENTARY,History,SERIES,SERIES,Comedy,0.0,0.0,0,0.0,919.0,6.824373670043086,125,0.8611111111111112,0.12887394375402694
MOVIE,FILM,Comedy,SERIES,SERIES,Action,1.0,1.0,0,0.0,1998.0,7.6004023345004,822,0.08666666666666667,0.6327600889968238
MOVIE,FILM,Sci-Fi,DOCUMENTARY,DOCUMENTARY,History,1.0,1.0,1,0.5,2253.0,7.720461694599722,430,0.5222222222222221,0.7625739968873928
SERIES,SERIES,Drama,DOCUMENTARY,DOCUMENTARY,Science,1.0,1.0,0,0.0,3514.0,8.164794804244766,283,0.6855555555555555,0.7328748763336254
MOVIE,FILM,Action,MOVIE,FILM,Action,1.0,1.0,2,1.0,335.0,5.817111159963204,337,0.6255555555555555,0.9240211500738601
SERIES,SERIES,Drama,MOVIE,FILM,Comedy,0.0,0.0,0,0.0,,,430,0.5222222222222221,
DOCUMENTARY,DOCUMENTARY,,MOVIE,FILM,Drama,0.0,0.0,0,0.0,150.0,5.017279836814924,349,0.6122222222222222,0.0651583397473832
MOVIE,FILM,Comedy,MOVIE,FILM,Sci-Fi,1.0,1.0,0,0.0,2705.0,7.903226808730733,598,0.3355555555555556,0.6844572814463118
MOVIE,FILM,,SERIES,SERIES,Drama,0.0,0.0,0,0.0,2234.0,7.711996507047669,748,0.16888888888888887,0.08314383584384116
SERIES,SERIES,Drama,SERIES,SERIES,Comedy,1.0,1.0,0,0.0,237.0,5.472270673671475,730,0.18888888888888888,0.6679215489063447
MOVIE,FILM,Action,SERIES,SERIES,Action,0.0,0.0,2,1.0,4559.0,8.425077902508432,526,0.41555555555555557,0.31424130112221016
SERIES,SERIES,Drama,DOCUMENTARY,DOCUMENTARY,History,0.0,0.0,0,0.0,846.0,6.741700694652055,781,0.13222222222222224,0.012115723835901458
DOCUMENTARY,DOCUMENTARY,History,DOCUMENTARY,DOCUMENTARY,Science,1.0,1.0,0,0.0,3211.0,8.074649075066652,699,0.22333333333333338,0.6279801742147212
MOVIE,FILM,Comedy,,FILM,Action,0.0,1.0,0,0.0,3554.0,8.176110342237342,379,0.5788888888888889,0.3596379198044105
MOVIE,FILM,Sci-Fi,MOVIE,FILM,Comedy,1.0,1.0,0,0.0,134.0,4.90527477843843,741,0.17666666666666664,0.6578544113796214
SERIES,SERIES,Drama,MOVIE,FILM,Drama,0.0,0.0,1,0.5,3543.0,8.173011311724972,854,0.05111111111111111,0.21447350323728526
MOVIE,FILM,Action,MOVIE,FILM,Sci-Fi,1.0,1.0,1,0.5,387.0,5.961005339623274,848,0.05777777777777782,0.7761793704869568
SERIES,SERIES,Drama,SERIES,SERIES,Drama,1.0,1.0,2,1.0,4351.0,8.378390788535778,12,0.9866666666666667,1.0
,DOCUMENTARY,,SERIES,SERIES,Comedy,0.0,0.0,0,0.0,4790.0,8.474494436883122,335,0.6277777777777778,0.08546332954108377
MOVIE,FILM,,SERIES,SERIES,Action,1.0,1.0,0,0.0,3519.0,8.166216268592143,357,0.6033333333333333,0.681079314867899
MOVIE,FILM,Sci-Fi,DOCUMENTARY,DOCUMENTARY,History,1.0,1.0,1,0.5,1063.0,6.96979066990159,306,0.6599999999999999,0.8080233445548137
SERIES,SERIES,,DOCUMENTARY,DOCUMENTARY,Science,1.0,1.0,0,0.0,927.0,6.833031732786201,6,0.9933333333333333,0.727945581320755
MOVIE,FILM,Action,MOVIE,FILM,Action,1.0,1.0,2,1.0,4088.0,8.316055720364643,285,0.6833333333333333,1.0
SERIES,SERIES,Drama,,FILM,Comedy,0.0,0.0,0,0.0,4789.0,8.474285690404962,778,0.13555555555555554,0.026577447136179357
DOCUMENTARY,DOCUMENTARY,History,MOVIE,FILM,Drama,0.0,0.0,0,0.0,513.0,6.2422232654551655,581,0.35444444444444445,0.08834233506966886
MOVIE,FILM,Comedy,MOVIE,FILM,Sci-Fi,1.0,1.0,0,0.0,1647.0,7.4073177104694174,170,0.8111111111111111,0.7069447078150312
MOVIE,FILM,Sci-Fi,,SERIES,Drama,0.0,0.0,0,0.0,1401.0,7.2456550675945355,73,0.9188888888888889,0.15203899068664747
SERIES,SERIES,,SERIES,SERIES,Comedy,1.0,1.0,0,0.0,342.0,5.8377304471659395,80,0.9111111111111111,0.7486051087483581
MOVIE,FILM,Action,,SERIES,Action,0.0,0.0,2,1.0,2345.0,7.76046702921342,739,0.17888888888888888,0.287680716533428
SERIES,SERIES,Drama,,DOCUMENTARY,History,0.0,0.0,0,0.0,960.0,6.8679744089702925,721,0.1988888888888889,0.049190343811360504
DOCUMENTARY,DOCUMENTARY,History,,DOCUMENTARY,Science,0.0,1.0,0,0.0,3224.0,8.078688229229872,156,0.8266666666666667,0.3789283168225844
MOVIE,FILM,Comedy,MOVIE,FILM,Action,1.0,1.0,0,0.0,4580.0,8.429672593886743,398,0.5577777777777777,0.7266251553506259
MOVIE,FILM,Sci-Fi,MOVIE,FILM,Comedy,1.0,1.0,0,0.0,2487.0,7.81923445385907,489,0.45666666666666667,0.6867693153847059
SERIES,SERIES,Drama,MOVIE,FILM,Drama,0.0,0.0,1,0.5,,5.424950017481403,635,0.2944444444444444,0.13678716049801098
MOVIE,FILM,,MOVIE,FILM,Sci-Fi,1.0,1.0,1,0.5,,,414,0.54,
SERIES,SERIES,Drama,SERIES,SERIES,Drama,1.0,1.0,2,1.0,1760.0,7.473637108496206,261,0.71,0.9693938024583134
DOCUMENTARY,DOCUMENTARY,History,SERIES,SERIES,Comedy,0.0,0.0,0,0.0,808.0,6.695798917058491,68,0.9244444444444444,0.16957628843479522
MOVIE,FILM,Comedy,SERIES,SERIES,Action,1.0,1.0,0,0.0,4463.0,8.403800504061147,809,0.10111111111111115,0.6722610839808083
MOVIE,FILM,Sci-Fi,DOCUMENTARY,DOCUMENTARY,History,1.0,1.0,1,0.5,1239.0,7.122866658599083,53,0.9411111111111111,0.862209146477144
SERIES,SERIES,Drama,DOCUMENTARY,DOCUMENTARY,Science,1.0,1.0,0,0.0,2340.0,7.75833346749091,734,0.1844444444444444,0.6815007107102583
MOVIE,FILM,Action,MOVIE,FILM,Action,1.0,1.0,2,1.0,3136.0,8.051022208190679,649,0.27888888888888885,0.9628512620653855
SERIES,SERIES,Drama,MOVIE,FILM,Comedy,0.0,0.0,0,0.0,234.0,5.459585514144159,233,0.741111111111111,0.10495741065933417
DOCUMENTARY,DOCUMENTARY,History,MOVIE,FILM,Drama,0.0,0.0,0,0.0,1736.0,7.459914766241105,718,0.2022222222222222,0.04104958203605946
MOVIE,FILM,Comedy,MOVIE,FILM,Sci-Fi,1.0,1.0,0,0.0,4133.0,8.327000740241713,29,0.9677777777777777,0.7869753312584266
MOVIE,FILM,,SERIES,SERIES,Drama,0.0,0.0,0,0.0,1583.0,7.367708572374371,834,0.07333333333333336,0.05294139791995672
SERIES,SERIES,Drama,SERIES,SERIES,Comedy,1.0,1.0,0,0.0,64.0,4.174387269895637,104,0.8844444444444445,0.7730699565149716
MOVIE,FILM,,SERIES,SERIES,Action,0.0,0.0,2,1.0,,8.509967146324497,765,0.15000000000000002,0.29831910932254385
SERIES,SERIES,Drama,,DOCUMENTARY,History,0.0,0.0,0,0.0,1593.0,7.374001859350161,94,0.8955555555555555,0.08559482620105238
DOCUMENTARY,DOCUMENTARY,History,DOCUMENTARY,DOCUMENTARY,Science,1.0,1.0,0,0.0,1551.0,7.347299700743164,869,0.0344444444444445,0.6150543338037109
MOVIE,FILM,Comedy,MOVIE,FILM,Action,1.0,1.0,0,0.0,3857.0,8.257904193465674,297,0.6699999999999999,0.7732296343823405
MOVIE,FILM,Sci-Fi,MOVIE,FILM,Comedy,1.0,1.0,0,0.0,680.0,6.523562306149512,73,0.9188888888888889,0.7925924707619413
SERIES,SERIES,Drama,MOVIE,FILM,Drama,0.0,0.0,1,0.5,2606.0,7.865955413933502,283,0.6855555555555555,0.21812978099678196
MOVIE,FILM,,MOVIE,FILM,Sci-Fi,1.0,1.0,1,0.5,1774.0,7.4815557019095165,519,0.42333333333333334,0.8040890723744072
SERIES,SERIES,Drama,SERIES,SERIES,Drama,1.0,1.0,2,1.0,,6.643789733147672,855,0.050000000000000044,0.9383712831368114
DOCUMENTARY,DOCUMENTARY,,SERIES,SERIES,Comedy,0.0,0.0,0,0.0,601.0,6.400257445308821,568,0.36888888888888893,0.03212310707340124
MOVIE,FILM,Comedy,SERIES,SERIES,Action,1.0,1.0,0,0.0,401.0,5.996452088619021,334,0.6288888888888888,0.6826979764918544
MOVIE,FILM,Sci-Fi,DOCUMENTARY,DOCUMENTARY,History,1.0,1.0,1,0.5,4006.0,8.295798110636145,260,0.7111111111111111,0.867281128776832
SERIES,SERIES,,DOCUMENTARY,DOCUMENTARY,Science,1.0,1.0,0,0.0,4543.0,8.421562960400987,606,0.32666666666666666,0.6782576816937723
MOVIE,FILM,Action,MOVIE,FILM,Action,1.0,1.0,2,1.0,2182.0,7.688455356549944,592,0.3422222222222222,0.9282394789163978
SERIES,SERIES,Drama,MOVIE,FILM,Comedy,0.0,0.0,0,0.0,4040.0,8.304247465078474,697,0.2255555555555555,0.054560035111280054
DOCUMENTARY,DOCUMENTARY,History,MOVIE,FILM,Drama,0.0,0.0,0,0.0,,7.005789019253503,516,0.42666666666666664,0.08393074321620579
MOVIE,FILM,Comedy,MOVIE,FILM,Sci-Fi,1.0,1.0,0,0.0,2322.0,7.750614732770409,687,0.2366666666666667,0.720338299096169
MOVIE,FILM,Sci-Fi,SERIES,SERIES,Drama,0.0,0.0,0,0.0,1769.0,7.478734825567875,587,0.34777777777777774,0.07073414643179847
SERIES,SERIES,Drama,SERIES,SERIES,Comedy,1.0,1.0,0,0.0,,,43,0.9522222222222222,
MOVIE,FILM,Action,,SERIES,Action,0.0,0.0,2,1.0,3457.0,8.148445666243235,842,0.06444444444444442,0.22115459548570593
SERIES,SERIES,Drama,DOCUMENTARY,DOCUMENTARY,History,0.0,0.0,0,0.0,619.0,6.429719478039138,768,0.1466666666666666,0.0417816456222704
DOCUMENTARY,DOCUMENTARY,History,DOCUMENTARY,DOCUMENTARY,Science,1.0,1.0,0,0.0,233.0,5.455321115357702,895,0.005555555555555536,0.6195045190705815
MOVIE,FILM,,MOVIE,FILM,Action,1.0,1.0,0,0.0,763.0,6.638567789166521,110,0.8777777777777778,0.700718131694698
MOVIE,FILM,Sci-Fi,,FILM,Comedy,1.0,1.0,0,0.0,1375.0,7.226936018493289,584,0.35111111111111115,0.6608862557409967
SERIES,SERIES,Drama,,FILM,Drama,0.0,0.0,1,0.5,,7.864419904994565,730,0.18888888888888888,0.16381816302339594
MOVIE,FILM,Action,,FILM,Sci-Fi,1.0,1.0,1,0.5,2323.0,7.751045117971802,78,0.9133333333333333,0.8932594990172219
SERIES,SERIES,Drama,SERIES,SERIES,Drama,1.0,1.0,2,1.0,1064.0,6.970730078143525,798,0.11333333333333329,0.8625225743706733
DOCUMENTARY,DOCUMENTARY,History,SERIES,SERIES,Comedy,0.0,0.0,0,0.0,3372.0,8.12355783506165,362,0.5977777777777777,0.09680142404477318
MOVIE,FILM,Comedy,SERIES,SERIES,Action,1.0,1.0,0,0.0,2354.0,7.764296006450518,378,0.5800000000000001,0.697982899250884
MOVIE,FILM,Sci-Fi,DOCUMENTARY,DOCUMENTARY,History,1.0,1.0,1,0.5,1192.0,7.084226422097916,35,0.9611111111111111,0.857766369045132
SERIES,SERIES,Drama,DOCUMENTARY,DOCUMENTARY,Science,1.0,1.0,0,0.0,3140.0,8.052296499538647,64,0.9288888888888889,0.7787596080904211
MOVIE,FILM,Action,,FILM,Action,1.0,1.0,2,1.0,4645.0,8.443761913330354,381,0.5766666666666667,0.9713379605026973
SERIES,SERIES,,MOVIE,FILM,Comedy,0.0,0.0,0,0.0,1144.0,7.0431599159883405,206,0.7711111111111111,0.14853598729434161
DOCUMENTARY,DOCUMENTARY,History,MOVIE,FILM,Drama,0.0,0.0,0,0.0,967.0,6.875232087276577,414,0.54,0.07992141667706555
MOVIE,FILM,Comedy,MOVIE,FILM,Sci-Fi,1.0,1.0,0,0.0,2603.0,7.86480400332846,666,0.26,0.6600764061091166
MOVIE,FILM,Sci-Fi,SERIES,SERIES,Drama,0.0,0.0,0,0.0,1784.0,7.487173694213739,496,0.4488888888888889,0.07144945191231275
SERIES,SERIES,Drama,,SERIES,Comedy,0.0,1.0,0,0.0,2531.0,7.836764783264067,856,0.04888888888888887,0.32699385833042144
MOVIE,FILM,Action,SERIES,SERIES,Action,0.0,0.0,2,1.0,2559.0,7.847762537473608,404,0.5511111111111111,0.3352872564757163
SERIES,SERIES,Drama,DOCUMENTARY,DOCUMENTARY,History,0.0,0.0,0,0.0,381.0,5.945420608606575,351,0.61,0.054892449426806
DOCUMENTARY,DOCUMENTARY,History,DOCUMENTARY,DOCUMENTARY,Science,1.0,1.0,0,0.0,514.0,6.244166900663736,695,0.22777777777777775,0.6732443241184529
MOVIE,FILM,Comedy,MOVIE,FILM,Action,1.0,1.0,0,0.0,1401.0,7.2456550675945355,636,0.29333333333333333,0.6883830946490319
MOVIE,FILM,Sci-Fi,MOVIE,FILM,Comedy,1.0,1.0,0,0.0,2387.0,7.778211474512493,415,0.5388888888888889,0.7839829387905177
SERIES,SERIES,Drama,MOVIE,FILM,Drama,0.0,0.0,1,0.5,2670.0,7.890208213109961,385,0.5722222222222222,0.2685951526189388
MOVIE,FILM,Action,MOVIE,FILM,Sci-Fi,1.0,1.0,1,0.5,1424.0,7.261927092702751,508,0.4355555555555556,0.7902334865619144
SERIES,SERIES,Drama,SERIES,SERIES,Drama,1.0,1.0,2,1.0,2646.0,7.881182202227102,685,0.23888888888888893,0.9102948644967563
DOCUMENTARY,DOCUMENTARY,,,SERIES,Comedy,0.0,0.0,0,0.0,4690.0,8.453401058328458,246,0.7266666666666667,0.0663340779819053
MOVIE,FILM,Comedy,,SERIES,Action,1.0,1.0,0,0.0,3339.0,8.113726085970747,874,0.028888888888888853,0.641228683296521
MOVIE,FILM,Sci-Fi,DOCUMENTARY,DOCUMENTARY,History,1.0,1.0,1,0.5,,,218,0.7577777777777778,
SERIES,SERIES,Drama,DOCUMENTARY,DOCUMENTARY,Science,1.0,1.0,0,0.0,1795.0,7.493317248862145,35,0.9611111111111111,0.7855903519549233
MOVIE,FILM,Action,MOVIE,FILM,Action,1.0,1.0,2,1.0,1354.0,7.2115567333138015,85,0.9055555555555556,0.9607344036824198
SERIES,SERIES,,MOVIE,FILM,Comedy,0.0,0.0,0,0.0,,7.895808377083183,43,0.9522222222222222,0.11069031069611358
DOCUMENTARY,DOCUMENTARY,History,MOVIE,FILM,Drama,0.0,0.0,0,0.0,498.0,6.212606095751519,132,0.8533333333333333,0.04852624508895821
MOVIE,FILM,Comedy,MOVIE,FILM,Sci-Fi,1.0,1.0,0,0.0,1229.0,7.114769448366463,582,0.3533333333333334,0.6820745532652817
MOVIE,FILM,Sci-Fi,,SERIES,Drama,0.0,0.0,0,0.0,117.0,4.770684624465665,434,0.5177777777777778,0.04110838819739385
SERIES,SERIES,Drama,SERIES,SERIES,Comedy,1.0,1.0,0,0.0,3613.0,8.192570471152173,150,0.8333333333333334,0.7238615748285832
MOVIE,FILM,Action,SERIES,SERIES,Action,0.0,0.0,2,1.0,1119.0,7.02108396428914,464,0.48444444444444446,0.2933434387184797
SERIES,SERIES,Drama,DOCUMENTARY,DOCUMENTARY,History,0.0,0.0,0,0.0,4868.0,8.4906438561827,722,0.19777777777777783,0.05468609606656863
DOCUMENTARY,DOCUMENTARY,History,DOCUMENTARY,DOCUMENTARY,Science,1.0,1.0,0,0.0,3991.0,8.292047637431354,401,0.5544444444444445,0.6595661377589961
MOVIE,FILM,Comedy,MOVIE,FILM,Action,1.0,1.0,0,0.0,3774.0,8.236155661683124,690,0.23333333333333328,0.6359271122457509
MOVIE,FILM,Sci-Fi,MOVIE,FILM,Comedy,1.0,1.0,0,0.0,4252.0,8.355379895253634,526,0.41555555555555557,0.7625679906730874
SERIES,SERIES,Drama,MOVIE,FILM,Drama,0.0,0.0,1,0.5,2474.0,7.813995675002791,31,0.9655555555555555,0.21266174778401367
MOVIE,FILM,Action,MOVIE,FILM,Sci-Fi,1.0,1.0,1,0.5,4735.0,8.462948176563842,408,0.5466666666666666,0.799376202319978
SERIES,SERIES,Drama,SERIES,SERIES,Drama,1.0,1.0,2,1.0,421.0,6.045005314036012,802,0.10888888888888892,0.952862985023133
DOCUMENTARY,DOCUMENTARY,,SERIES,SERIES,Comedy,0.0,0.0,0,0.0,2250.0,7.719129840906732,617,0.3144444444444444,0.15290370325901992
MOVIE,FILM,Comedy,SERIES,SERIES,Action,1.0,1.0,0,0.0,979.0,6.887552571664617,298,0.6688888888888889,0.6823532347870827
MOVIE,FILM,Sci-Fi,DOCUMENTARY,DOCUMENTARY,History,1.0,1.0,1,0.5,2979.0,7.9996785794994505,517,0.4255555555555556,0.8070622138719123
SERIES,SERIES,Drama,DOCUMENTARY,DOCUMENTARY,Science,1.0,1.0,0,0.0,2310.0,7.745435610274381,335,0.6277777777777778,0.7274486025738793
MOVIE,FILM,Action,MOVIE,FILM,Action,1.0,1.0,2,1.0,3496.0,8.159660737063376,167,0.8144444444444444,1.0
SERIES,SERIES,,MOVIE,FILM,Comedy,0.0,0.0,0,0.0,3946.0,8.280711075662847,481,0.4655555555555555,0.05375300353898775
DOCUMENTARY,DOCUMENTARY,History,MOVIE,FILM,Drama,0.0,0.0,0,0.0,2742.0,7.916807490937603,898,0.0022222222222222365,0.028049697914792723
MOVIE,FILM,Comedy,,FILM,Sci-Fi,0.0,1.0,0,0.0,1903.0,7.55171221535131,557,0.38111111111111107,0.37499440379452487
MOVIE,FILM,Sci-Fi,SERIES,SERIES,Drama,0.0,0.0,0,0.0,2329.0,7.753623546559746,155,0.8277777777777777,0.13028130910759744
SERIES,SERIES,,SERIES,SERIES,Comedy,1.0,1.0,0,0.0,472.0,6.159095388491933,322,0.6422222222222222,0.7003112973675057
MOVIE,FILM,Action,SERIES,SERIES,Action,0.0,0.0,2,1.0,1014.0,6.922643891475888,690,0.23333333333333328,0.29008595058218933
SERIES,SERIES,Drama,DOCUMENTARY,DOCUMENTARY,History,0.0,0.0,0,0.0,4593.0,8.432506383249043,170,0.8111111111111111,0.07734204300778519
DOCUMENTARY,DOCUMENTARY,History,DOCUMENTARY,DOCUMENTARY,Science,1.0,1.0,0,0.0,4324.0,8.37216741936598,363,0.5966666666666667,0.7097310873223868
MOVIE,FILM,Comedy,MOVIE,FILM,Action,1.0,1.0,0,0.0,,,650,0.2777777777777778,
MOVIE,FILM,Sci-Fi,MOVIE,FILM,Comedy,1.0,1.0,0,0.0,4063.0,8.309922989258318,587,0.34777777777777774,0.6986758655299359
SERIES,SERIES,Drama,MOVIE,FILM,Drama,0.0,0.0,1,0.5,181.0,5.204006687076795,871,0.03222222222222226,0.12969132426688196
MOVIE,FILM,Action,MOVIE,FILM,Sci-Fi,1.0,1.0,1,0.5,2293.0,7.738052297689316,780,0.1333333333333333,0.8018708325549734
SERIES,SERIES,Drama,SERIES,SERIES,Drama,1.0,1.0,2,1.0,4017.0,8.29853954537488,890,0.011111111111111072,0.9283749836251499
DOCUMENTARY,DOCUMENTARY,,SERIES,SERIES,Comedy,0.0,0.0,0,0.0,4122.0,8.3243363327069,135,0.85,0.1266599301976402
MOVIE,FILM,Comedy,SERIES,SERIES,Action,1.0,1.0,0,0.0,4173.0,8.336630087637147,211,0.7655555555555555,0.7441599370859191
MOVIE,FILM,Sci-Fi,DOCUMENTARY,DOCUMENTARY,History,1.0,1.0,1,0.5,615.0,6.423246963533519,787,0.12555555555555553,0.7826979802652628
SERIES,SERIES,Drama,,DOCUMENTARY,Science,1.0,1.0,0,0.0,1499.0,7.313220387090301,148,0.8355555555555556,0.7360612890686995
MOVIE,FILM,Action,MOVIE,FILM,Action,1.0,1.0,2,1.0,4008.0,8.296297112642508,540,0.4,0.9152256906054592
SERIES,SERIES,Drama,MOVIE,FILM,Comedy,0.0,0.0,0,0.0,4567.0,8.426830751335846,594,0.33999999999999997,0.08094740896724743
DOCUMENTARY,DOCUMENTARY,History,,FILM,Drama,0.0,0.0,0,0.0,4206.0,8.344505083590521,454,0.4955555555555555,0.08372364686355319
MOVIE,FILM,Comedy,MOVIE,FILM,Sci-Fi,1.0,1.0,0,0.0,2029.0,7.615791072035833,797,0.11444444444444446,0.7280874540325217
MOVIE,FILM,Sci-Fi,SERIES,SERIES,Drama,0.0,0.0,0,0.0,2242.0,7.715569534520208,544,0.39555555555555555,0.12104762278323597
,SERIES,Drama,,SERIES,Comedy,1.0,1.0,0,0.0,1914.0,7.557472901614746,185,0.7944444444444445,0.7446086094727606
MOVIE,FILM,,SERIES,SERIES,Action,0.0,0.0,0,0.0,2444.0,7.801800401908973,303,0.6633333333333333,0.07811628549541909
,SERIES,Drama,DOCUMENTARY,DOCUMENTARY,History,0.0,0.0,0,0.0,1373.0,7.2254814727822945,369,0.5900000000000001,0.05774090683064101
DOCUMENTARY,DOCUMENTARY,History,DOCUMENTARY,DOCUMENTARY,Science,1.0,1.0,0,0.0,2932.0,7.983781068977451,540,0.4,0.7312177600103437
MOVIE,FILM,Comedy,MOVIE,FILM,Action,1.0,1.0,0,0.0,1927.0,7.564238475170491,111,0.8766666666666667,0.7491679810885052
MOVIE,FILM,,MOVIE,FILM,Comedy,1.0,1.0,0,0.0,3964.0,8.285261134068948,316,0.6488888888888888,0.7361165738087215
,SERIES,Drama,MOVIE,FILM,Drama,0.0,0.0,1,0.5,3783.0,8.238536930171769,483,0.4633333333333334,0.15061147341375986
MOVIE,FILM,Action,MOVIE,FILM,Sci-Fi,1.0,1.0,1,0.5,,5.799092654460526,728,0.19111111111111112,0.8127080106887923
SERIES,SERIES,Drama,SERIES,SERIES,Drama,1.0,1.0,2,1.0,4419.0,8.393894975071744,528,0.41333333333333333,0.9522721433689721
DOCUMENTARY,DOCUMENTARY,History,SERIES,SERIES,Comedy,0.0,0.0,0,0.0,2478.0,7.8156105320351905,137,0.8477777777777777,0.08620090405438874
MOVIE,FILM,Comedy,SERIES,SERIES,Action,1.0,1.0,0,0.0,1413.0,7.254177846456518,785,0.12777777777777777,0.6508728239829751
MOVIE,FILM,Sci-Fi,DOCUMENTARY,DOCUMENTARY,History,1.0,1.0,1,0.5,3422.0,8.138272638530186,574,0.3622222222222222,0.8203038389686077
SERIES,SERIES,Drama,DOCUMENTARY,DOCUMENTARY,Science,1.0,1.0,0,0.0,,7.7488913372555315,62,0.9311111111111111,0.7491246321162676
MOVIE,FILM,Action,MOVIE,FILM,Action,1.0,1.0,2,1.0,3795.0,8.241703159729818,253,0.7188888888888889,0.9597535451358038
SERIES,SERIES,Drama,,FILM,Comedy,0.0,0.0,0,0.0,481.0,6.1779441140506,288,0.6799999999999999,0.09235288135380161
,DOCUMENTARY,History,MOVIE,FILM,Drama,0.0,0.0,0,0.0,,,732,0.18666666666666665,
MOVIE,FILM,Comedy,MOVIE,FILM,Sci-Fi,1.0,1.0,0,0.0,3275.0,8.09437844497296,420,0.5333333333333333,0.7138852240073984
MOVIE,FILM,Sci-Fi,SERIES,SERIES,Drama,0.0,0.0,0,0.0,3141.0,8.052614818815567,502,0.4422222222222222,0.12415638060675277
SERIES,SERIES,Drama,SERIES,SERIES,Comedy,1.0,1.0,0,0.0,380.0,5.942799375126701,551,0.3877777777777778,0.6081904662170687
,FILM,Action,SERIES,SERIES,Action,0.0,0.0,2,1.0,1122.0,7.023758954738443,98,0.8911111111111111,0.3532223096413248
SERIES,SERIES,Drama,DOCUMENTARY,DOCUMENTARY,History,0.0,0.0,0,0.0,2077.0,7.639161171659173,418,0.5355555555555556,0.09280275562632528
DOCUMENTARY,DOCUMENTARY,History,DOCUMENTARY,DOCUMENTARY,Science,1.0,1.0,0,0.0,2420.0,7.791935956938058,185,0.7944444444444445,0.7429550906103378
MOVIE,FILM,Comedy,MOVIE,FILM,Action,1.0,1.0,0,0.0,4364.0,8.381373468273702,86,0.9044444444444444,0.736537555752689
MOVIE,FILM,Sci-Fi,MOVIE,FILM,Comedy,1.0,1.0,0,0.0,4047.0,8.305978210967302,610,0.3222222222222222,0.6364360274632751
SERIES,SERIES,,MOVIE,FILM,Drama,0.0,0.0,0,0.0,2703.0,7.902487437162855,893,0.007777777777777772,0.04573980867659153
MOVIE,FILM,Action,MOVIE,FILM,Sci-Fi,1.0,1.0,1,0.5,3620.0,8.19450550976564,249,0.7233333333333334,0.9005738642461063
SERIES,SERIES,Drama,SERIES,SERIES,Drama,1.0,1.0,2,1.0,4513.0,8.414938957377482,261,0.71,0.9223838865519715
DOCUMENTARY,DOCUMENTARY,History,SERIES,SERIES,Comedy,0.0,0.0,0,0.0,3181.0,8.065265208897733,445,0.5055555555555555,0.11231601911715779
MOVIE,FILM,Comedy,SERIES,SERIES,Action,1.0,1.0,0,0.0,2230.0,7.7102051944325325,200,0.7777777777777778,0.7221895997260135
MOVIE,FILM,Sci-Fi,DOCUMENTARY,DOCUMENTARY,History,1.0,1.0,1,0.5,2462.0,7.809135398120538,187,0.7922222222222222,0.8520897602834482
SERIES,SERIES,Drama,,DOCUMENTARY,Science,1.0,1.0,0,0.0,4236.0,8.351610750626559,838,0.06888888888888889,0.6324202035705553
MOVIE,FILM,Action,,FILM,Action,0.0,1.0,2,1.0,478.0,6.171700597410915,895,0.005555555555555536,0.5379516508178167
SERIES,SERIES,Drama,MOVIE,FILM,Comedy,0.0,0.0,0,0.0,4038.0,8.303752415563412,515,0.4277777777777778,0.11868468191013948
DOCUMENTARY,DOCUMENTARY,History,MOVIE,FILM,Drama,0.0,0.0,0,0.0,1041.0,6.948897222313312,85,0.9055555555555556,0.1389192004699126
MOVIE,FILM,Comedy,,FILM,Sci-Fi,1.0,1.0,0,0.0,2944.0,7.987864096085687,745,0.17222222222222228,0.724693188589346
MOVIE,FILM,Sci-Fi,SERIES,SERIES,Drama,0.0,0.0,0,0.0,3978.0,8.288785810426928,309,0.6566666666666667,0.1378280713823394
SERIES,SERIES,Drama,SERIES,SERIES,Comedy,1.0,1.0,0,0.0,1519.0,7.326465613840322,291,0.6766666666666667,0.7334013364293999
MOVIE,FILM,Action,SERIES,SERIES,Action,0.0,0.0,2,1.0,1151.0,7.049254841255837,255,0.7166666666666667,0.395314723968393
SERIES,SERIES,,,DOCUMENTARY,History,0.0,0.0,0,0.0,2043.0,7.622663951323595,830,0.07777777777777772,0.054826078990253824
DOCUMENTARY,DOCUMENTARY,History,DOCUMENTARY,DOCUMENTARY,Science,1.0,1.0,0,0.0,4938.0,8.504918160540624,444,0.5066666666666666,0.733305948239648
MOVIE,FILM,Comedy,MOVIE,FILM,Action,1.0,1.0,0,0.0,2502.0,7.8252452914317745,274,0.6955555555555555,0.7154372949114334
MOVIE,FILM,Sci-Fi,MOVIE,FILM,Comedy,1.0,1.0,0,0.0,,8.003028666384733,187,0.7922222222222222,0.7367876129930417
SERIES,SERIES,Drama,MOVIE,FILM,Drama,0.0,0.0,1,0.5,2438.0,7.79934339821592,94,0.8955555555555555,0.22329658929306245
,FILM,Action,MOVIE,FILM,Sci-Fi,1.0,1.0,1,0.5,1202.0,7.0925737159746784,298,0.6688888888888889,0.868098956775511
SERIES,SERIES,Drama,SERIES,SERIES,Drama,1.0,1.0,2,1.0,,,645,0.2833333333333333,
DOCUMENTARY,DOCUMENTARY,History,SERIES,SERIES,Comedy,0.0,0.0,0,0.0,1777.0,7.48324441607385,429,0.5233333333333333,0.1090627076773025
MOVIE,FILM,Comedy,SERIES,SERIES,Action,1.0,1.0,0,0.0,,7.787796878181171,653,0.2744444444444445,0.6763373432889839
MOVIE,FILM,,DOCUMENTARY,DOCUMENTARY,History,1.0,1.0,0,0.0,3810.0,8.24564690087386,58,0.9355555555555556,0.7853402879190147
SERIES,SERIES,,,DOCUMENTARY,Science,0.0,1.0,0,0.0,1646.0,7.4067107301776405,877,0.025555555555555554,0.33800033957383846
MOVIE,FILM,Action,MOVIE,FILM,Action,1.0,1.0,2,1.0,3057.0,8.025516386489008,174,0.8066666666666666,1.0
SERIES,SERIES,Drama,MOVIE,FILM,Comedy,0.0,0.0,0,0.0,1794.0,7.492760300922379,869,0.0344444444444445,0.05866884207159215
DOCUMENTARY,DOCUMENTARY,History,MOVIE,FILM,Drama,0.0,0.0,0,0.0,1026.0,6.934397209928558,451,0.49888888888888894,0.03354722437452971
MOVIE,FILM,Comedy,MOVIE,FILM,Sci-Fi,1.0,1.0,0,0.0,1772.0,7.480428306074208,606,0.32666666666666666,0.6839044195067171
MOVIE,FILM,Sci-Fi,SERIES,SERIES,Drama,0.0,0.0,0,0.0,,6.744059186311348,840,0.06666666666666665,0.0014800472724281755
SERIES,SERIES,Drama,SERIES,SERIES,Comedy,1.0,1.0,0,0.0,2143.0,7.670428522190693,475,0.4722222222222222,0.6857646203831927
MOVIE,FILM,Action,SERIES,SERIES,Action,0.0,0.0,2,1.0,2496.0,7.822845290279774,732,0.18666666666666665,0.3387717209551006
SERIES,SERIES,Drama,DOCUMENTARY,DOCUMENTARY,History,0.0,0.0,0,0.0,570.0,6.3473892096560105,863,0.0411111111111111,0.05144774414762425
DOCUMENTARY,DOCUMENTARY,History,DOCUMENTARY,DOCUMENTARY,Science,1.0,1.0,0,0.0,2606.0,7.865955413933502,721,0.1988888888888889,0.653880777871231
MOVIE,FILM,Comedy,MOVIE,FILM,Action,1.0,1.0,0,0.0,1621.0,7.3914152346753585,310,0.6555555555555556,0.6879947689386786
MOVIE,FILM,Sci-Fi,MOVIE,FILM,Comedy,1.0,1.0,0,0.0,3440.0,8.14351740579748,763,0.15222222222222226,0.6723990957009434
SERIES,SERIES,Drama,,FILM,Drama,0.0,0.0,1,0.5,2471.0,7.812782818577581,707,0.21444444444444444,0.13967111915668873
MOVIE,FILM,Action,MOVIE,FILM,Sci-Fi,1.0,1.0,1,0.5,4318.0,8.3707791729607,177,0.8033333333333333,0.8374025880023725
SERIES,SERIES,Drama,SERIES,SERIES,Drama,1.0,1.0,2,1.0,3472.0,8.152774052744075,24,0.9733333333333334,1.0
,DOCUMENTARY,History,SERIES,SERIES,Comedy,0.0,0.0,0,0.0,457.0,6.126869184114185,562,0.37555555555555553,0.09944544634593061
MOVIE,FILM,Comedy,SERIES,SERIES,Action,1.0,1.0,0,0.0,509.0,6.234410725718371,208,0.768888888888889,0.7428602251699261
MOVIE,FILM,Sci-Fi,,DOCUMENTARY,History,0.0,1.0,1,0.5,4981.0,8.513586695822125,456,0.4933333333333333,0.4184328111679332
SERIES,SERIES,Drama,DOCUMENTARY,DOCUMENTARY,Science,1.0,1.0,0,0.0,4824.0,8.481566013773087,215,0.7611111111111111,0.7429379619321216
MOVIE,FILM,Action,MOVIE,FILM,Action,1.0,1.0,2,1.0,680.0,6.523562306149512,33,0.9633333333333334,0.9874879507798642
SERIES,SERIES,Drama,MOVIE,FILM,Comedy,0.0,0.0,0,0.0,2025.0,7.613818684808629,182,0.7977777777777778,0.1260336804936636
DOCUMENTARY,DOCUMENTARY,History,MOVIE,FILM,Drama,0.0,0.0,0,0.0,3056.0,8.025189321890835,86,0.9044444444444444,0.17459824299127324
MOVIE,FILM,,MOVIE,FILM,Sci-Fi,1.0,1.0,0,0.0,996.0,6.904750769961838,2,0.9977777777777778,0.688568410673466
MOVIE,FILM,Sci-Fi,SERIES,SERIES,Drama,0.0,0.0,0,0.0,2424.0,7.793586803371584,785,0.12777777777777777,0.029682838592584988
SERIES,SERIES,Drama,SERIES,SERIES,Comedy,1.0,1.0,0,0.0,3266.0,8.09162741160107,413,0.5411111111111111,0.7278010892909166
MOVIE,FILM,Action,SERIES,SERIES,Action,0.0,0.0,2,1.0,,,560,0.37777777777777777,
SERIES,SERIES,Drama,DOCUMENTARY,DOCUMENTARY,History,0.0,0.0,0,0.0,2741.0,7.91644286012226,280,0.6888888888888889,0.14835155081992643
,DOCUMENTARY,History,DOCUMENTARY,DOCUMENTARY,Science,1.0,1.0,0,0.0,1561.0,7.3537223303996315,349,0.6122222222222222,0.7249561309605738
MOVIE,FILM,Comedy,MOVIE,FILM,Action,1.0,1.0,0,0.0,,7.708859601047175,806,0.10444444444444445,0.6901035622466231
MOVIE,FILM,Sci-Fi,MOVIE,FILM,Comedy,1.0,1.0,0,0.0,2322.0,7.750614732770409,396,0.56,0.693318866744437
SERIES,SERIES,Drama,MOVIE,FILM,Drama,0.0,0.0,1,0.5,4248.0,8.354438940114811,899,0.0011111111111110628,0.18165486154394103
MOVIE,FILM,,MOVIE,FILM,Sci-Fi,1.0,1.0,1,0.5,4487.0,8.409162447202533,140,0.8444444444444444,0.8938726464450157
SERIES,SERIES,Drama,SERIES,SERIES,Drama,1.0,1.0,2,1.0,1490.0,7.307202314764738,30,0.9666666666666667,0.9961294620030696
DOCUMENTARY,DOCUMENTARY,History,SERIES,SERIES,Comedy,0.0,0.0,0,0.0,750.0,6.621405651764134,652,0.27555555555555555,0.0640160518999126
MOVIE,FILM,Comedy,,SERIES,Action,0.0,1.0,0,0.0,,7.4377951216719325,58,0.9355555555555556,0.41472271994143817
MOVIE,FILM,Sci-Fi,DOCUMENTARY,DOCUMENTARY,History,1.0,1.0,1,0.5,722.0,6.583409222158765,498,0.44666666666666666,0.7880259052674131
SERIES,SERIES,Drama,DOCUMENTARY,DOCUMENTARY,Science,1.0,1.0,0,0.0,,6.672032945461067,29,0.9677777777777777,0.742005397128172
MOVIE,FILM,Action,MOVIE,FILM,Action,1.0,1.0,2,1.0,3031.0,8.016977746762262,175,0.8055555555555556,0.9716108917898172
SERIES,SERIES,Drama,MOVIE,FILM,Comedy,0.0,0.0,0,0.0,491.0,6.198478716492308,487,0.4588888888888889,0.08493949911501512
DOCUMENTARY,DOCUMENTARY,History,MOVIE,FILM,Drama,0.0,0.0,0,0.0,1967.0,7.584773077612199,713,0.20777777777777773,0.08448260775225194
MOVIE,FILM,Comedy,MOVIE,FILM,Sci-Fi,1.0,1.0,0,0.0,2144.0,7.6708948313621175,291,0.6766666666666667,0.6900034501244795
,FILM,Sci-Fi,SERIES,SERIES,Drama,0.0,0.0,0,0.0,1586.0,7.369600720526409,129,0.8566666666666667,0.1146701767371967
SERIES,SERIES,Drama,SERIES,SERIES,Comedy,1.0,1.0,0,0.0,1322.0,7.187657164114956,247,0.7255555555555555,0.7689443649369468
MOVIE,FILM,Action,SERIES,SERIES,Action,0.0,0.0,2,1.0,3509.0,8.163371316459912,92,0.8977777777777778,0.34375178120877825
SERIES,SERIES,Drama,DOCUMENTARY,DOCUMENTARY,History,0.0,0.0,0,0.0,30.0,3.4339872044851463,812,0.09777777777777774,0.00037244261233548154
DOCUMENTARY,DOCUMENTARY,,DOCUMENTARY,DOCUMENTARY,Science,1.0,1.0,0,0.0,4408.0,8.391403185357937,342,0.62,0.7253643110231934
MOVIE,FILM,Comedy,MOVIE,FILM,Action,1.0,1.0,0,0.0,3878.0,8.263332667439967,800,0.11111111111111116,0.6931685897920706
MOVIE,FILM,Sci-Fi,,FILM,Comedy,1.0,1.0,0,0.0,1251.0,7.132497551660044,92,0.8977777777777778,0.7418205485630867
SERIES,SERIES,Drama,MOVIE,FILM,Drama,0.0,0.0,1,0.5,115.0,4.7535901911063645,732,0.18666666666666665,0.19966255189580462
MOVIE,FILM,Action,MOVIE,FILM,Sci-Fi,1.0,1.0,1,0.5,1858.0,7.527793987721444,0,1.0,0.8991606816446468
SERIES,SERIES,Drama,SERIES,SERIES,Drama,1.0,1.0,2,1.0,3884.0,8.264878262801748,15,0.9833333333333333,1.0
DOCUMENTARY,DOCUMENTARY,History,,SERIES,Comedy,0.0,0.0,0,0.0,3691.0,8.213923595622743,58,0.9355555555555556,0.146685377686935
MOVIE,FILM,Comedy,SERIES,SERIES,Action,1.0,1.0,0,0.0,432.0,6.07073772800249,871,0.03222222222222226,0.7200328718015048
MOVIE,FILM,Sci-Fi,DOCUMENTARY,DOCUMENTARY,History,1.0,1.0,1,0.5,4656.0,8.446126742982377,285,0.6833333333333333,0.8397168237472739
SERIES,SERIES,Drama,DOCUMENTARY,DOCUMENTARY,Science,1.0,1.0,0,0.0,,,537,0.4033333333333333,
,FILM,Action,MOVIE,FILM,Action,1.0,1.0,2,1.0,1920.0,7.560601162768557,513,0.43000000000000005,0.9847303026800412
SERIES,SERIES,Drama,MOVIE,FILM,Comedy,0.0,0.0,0,0.0,3205.0,8.072779333169498,492,0.45333333333333337,0.06748136966315967
DOCUMENTARY,DOCUMENTARY,History,MOVIE,FILM,Drama,0.0,0.0,0,0.0,1079.0,6.984716320118266,758,0.1577777777777778,0.050057374753038834
MOVIE,FILM,Comedy,MOVIE,FILM,Sci-Fi,1.0,1.0,0,0.0,,7.236339342754344,546,0.3933333333333333,0.7307813620691685
MOVIE,FILM,Sci-Fi,SERIES,SERIES,Drama,0.0,0.0,0,0.0,,6.150602768446279,454,0.4955555555555555,0.028823781627993483
SERIES,SERIES,Drama,SERIES,SERIES,Comedy,1.0,1.0,0,0.0,4296.0,8.365672383774996,878,0.02444444444444449,0.6220757941713715
MOVIE,FILM,Action,SERIES,SERIES,Action,0.0,0.0,2,1.0,4527.0,8.41803561988302,820,0.0888888888888889,0.2382640424192478
SERIES,SERIES,Drama,DOCUMENTARY,DOCUMENTARY,History,0.0,0.0,0,0.0,1631.0,7.397561535524052,727,0.19222222222222218,0.028276184790455298
DOCUMENTARY,DOCUMENTARY,History,,DOCUMENTARY,Science,1.0,1.0,0,0.0,1847.0,7.521859252201629,588,0.3466666666666667,0.7012862504125171
MOVIE,FILM,Comedy,MOVIE,FILM,Action,1.0,1.0,0,0.0,4461.0,8.403352374992478,892,0.008888888888888835,0.6739627569510165
MOVIE,FILM,Sci-Fi,MOVIE,FILM,Comedy,1.0,1.0,0,0.0,3433.0,8.141481041457421,271,0.6988888888888889,0.7343614744530008
SERIES,SERIES,Drama,MOVIE,FILM,Drama,0.0,0.0,1,0.5,3274.0,8.094073148069352,243,0.73,0.18659068191909278
MOVIE,FILM,Action,MOVIE,FILM,Sci-Fi,1.0,1.0,1,0.5,2947.0,7.988882253309227,263,0.7077777777777778,0.7769808180268396
SERIES,SERIES,,,SERIES,Drama,0.0,1.0,0,0.0,2351.0,7.763021309018518,49,0.9455555555555556,0.41068848004623826
DOCUMENTARY,DOCUMENTARY,History,SERIES,SERIES,Comedy,0.0,0.0,0,0.0,1328.0,7.192182058713246,835,0.07222222222222219,0.025034194807353242
MOVIE,FILM,Comedy,SERIES,SERIES,Action,1.0,1.0,0,0.0,3212.0,8.074960359115858,393,0.5633333333333334,0.7260036191920134
MOVIE,FILM,Sci-Fi,DOCUMENTARY,DOCUMENTARY,History,1.0,1.0,1,0.5,1825.0,7.509883061154913,896,0.004444444444444473,0.7948803112806601
SERIES,SERIES,,DOCUMENTARY,DOCUMENTARY,Science,1.0,1.0,0,0.0,4778.0,8.471986598578159,889,0.012222222222222245,0.6630227389554413
MOVIE,FILM,Action,MOVIE,FILM,Action,1.0,1.0,2,1.0,625.0,6.439350371100098,561,0.3766666666666667,0.9490899942106095
SERIES,SERIES,Drama,MOVIE,FILM,Comedy,0.0,0.0,0,0.0,4390.0,8.387312270561717,432,0.52,0.0961532846481708
DOCUMENTARY,DOCUMENTARY,History,MOVIE,FILM,Drama,0.0,0.0,0,0.0,1917.0,7.559038255443384,397,0.5588888888888889,0.10538655563668126
MOVIE,FILM,Comedy,MOVIE,FILM,Sci-Fi,1.0,1.0,0,0.0,2833.0,7.949444420250626,17,0.9811111111111112,0.7323017773150176
MOVIE,FILM,Sci-Fi,SERIES,SERIES,Drama,0.0,0.0,0,0.0,2238.0,7.713784616598755,209,0.7677777777777778,0.10567292254771739
SERIES,SERIES,Drama,SERIES,SERIES,Comedy,1.0,1.0,0,0.0,234.0,5.459585514144159,617,0.3144444444444444,0.6816125518514606
MOVIE,FILM,Action,SERIES,SERIES,Action,0.0,0.0,2,1.0,1997.0,7.599901959208498,26,0.9711111111111111,0.39550430741456033
SERIES,SERIES,Drama,DOCUMENTARY,DOCUMENTARY,History,0.0,0.0,0,0.0,3490.0,8.157943507105037,8,0.9911111111111112,0.12355640264261858
DOCUMENTARY,DOCUMENTARY,History,DOCUMENTARY,DOCUMENTARY,Science,1.0,1.0,0,0.0,4831.0,8.48301573961465,812,0.09777777777777774,0.6831150876258064
,FILM,,MOVIE,FILM,Action,1.0,1.0,0,0.0,3773.0,8.235890725928495,233,0.741111111111111,0.7227399061355543
MOVIE,FILM,Sci-Fi,,FILM,Comedy,1.0,1.0,0,0.0,,,324,0.64,
SERIES,SERIES,Drama,MOVIE,FILM,Drama,0.0,0.0,1,0.5,,7.571473648851271,859,0.04555555555555557,0.1830921208111723
MOVIE,FILM,Action,,FILM,Sci-Fi,0.0,1.0,1,0.5,987.0,6.895682697747868,342,0.62,0.4328556675250325
SERIES,SERIES,Drama,SERIES,SERIES,Drama,1.0,1.0,2,1.0,4551.0,8.423321975806166,92,0.8977777777777778,0.9483205944946735
DOCUMENTARY,DOCUMENTARY,History,SERIES,SERIES,Comedy,0.0,0.0,0,0.0,,7.870165946469845,628,0.30222222222222217,0.020735175616581343
MOVIE,FILM,Comedy,SERIES,SERIES,Action,1.0,1.0,0,0.0,1598.0,7.377133712833954,233,0.741111111111111,0.6568898884615908
MOVIE,FILM,Sci-Fi,DOCUMENTARY,DOCUMENTARY,History,1.0,1.0,1,0.5,3347.0,8.116118431609365,511,0.4322222222222222,0.7989459264913863
SERIES,SERIES,Drama,DOCUMENTARY,DOCUMENTARY,Science,1.0,1.0,0,0.0,455.0,6.1224928095143865,84,0.9066666666666666,0.7603607628118962
MOVIE,FILM,,MOVIE,FILM,Action,1.0,1.0,0,0.0,3014.0,8.011355109161286,623,0.3077777777777778,0.6778372784936841
,SERIES,Drama,MOVIE,FILM,Comedy,0.0,0.0,0,0.0,2875.0,7.964155718840937,693,0.22999999999999998,0.06432995009754862
DOCUMENTARY,DOCUMENTARY,History,MOVIE,FILM,Drama,0.0,0.0,0,0.0,1130.0,7.030857476116121,478,0.4688888888888889,0.11081366923961766
MOVIE,FILM,Comedy,MOVIE,FILM,Sci-Fi,1.0,1.0,0,0.0,1493.0,7.309212365692763,890,0.011111111111111072,0.6934270833711097
MOVIE,FILM,Sci-Fi,SERIES,SERIES,Drama,0.0,0.0,0,0.0,4736.0,8.463159302923751,608,0.3244444444444444,0.06798434774898804
SERIES,SERIES,Drama,SERIES,SERIES,Comedy,1.0,1.0,0,0.0,3588.0,8.185628891147607,556,0.38222222222222224,0.7352103717588492
,FILM,Action,SERIES,SERIES,Action,0.0,0.0,2,1.0,3547.0,8.17413934342947,891,0.010000000000000009,0.28009330794604315
SERIES,SERIES,,DOCUMENTARY,DOCUMENTARY,History,0.0,0.0,0,0.0,3214.0,8.07558263667172,208,0.768888888888889,0.08765842055927268
DOCUMENTARY,DOCUMENTARY,History,DOCUMENTARY,DOCUMENTARY,Science,1.0,1.0,0,0.0,2002.0,7.602401335665818,268,0.7022222222222223,0.7061786620369972
MOVIE,FILM,Comedy,MOVIE,FILM,Action,1.0,1.0,0,0.0,519.0,6.253828811575473,426,0.5266666666666666,0.6560453660078295
MOVIE,FILM,Sci-Fi,MOVIE,FILM,Comedy,1.0,1.0,0,0.0,3901.0,8.269244521183056,608,0.3244444444444444,0.6625526267043598
SERIES,SERIES,Drama,,FILM,Drama,0.0,0.0,1,0.5,4612.0,8.43663368355782,887,0.014444444444444482,0.148200093506913
MOVIE,FILM,Action,MOVIE,FILM,Sci-Fi,1.0,1.0,1,0.5,1634.0,7.399398083331354,422,0.5311111111111111,0.8501048753961642
SERIES,SERIES,Drama,SERIES,SERIES,Drama,1.0,1.0,2,1.0,266.0,5.58724865840025,858,0.046666666666666634,0.941121977861203
DOCUMENTARY,DOCUMENTARY,History,SERIES,SERIES,Comedy,0.0,0.0,0,0.0,1795.0,7.493317248862145,437,0.5144444444444445,0.04328263120029835
MOVIE,FILM,Comedy,SERIES,SERIES,Action,1.0,1.0,0,0.0,1570.0,7.359467638255621,685,0.23888888888888893,0.6883824579956004
MOVIE,FILM,,DOCUMENTARY,DOCUMENTARY,History,1.0,1.0,1,0.5,4819.0,8.480529207044645,74,0.9177777777777778,0.8382527005232503
SERIES,SERIES,Drama,DOCUMENTARY,DOCUMENTARY,Science,1.0,1.0,0,0.0,4902.0,8.497602541651233,685,0.23888888888888893,0.6958969239501238
MOVIE,FILM,Action,MOVIE,FILM,Action,1.0,1.0,2,1.0,2246.0,7.717351272185329,195,0.7833333333333333,0.968700072800192
SERIES,SERIES,Drama,MOVIE,FILM,Comedy,0.0,0.0,0,0.0,3574.0,8.181720455128108,162,0.8200000000000001,0.06343602724736569
,DOCUMENTARY,History,MOVIE,FILM,Drama,0.0,0.0,0,0.0,3380.0,8.125926802707886,880,0.022222222222222254,0.06618636220353402
MOVIE,FILM,Comedy,MOVIE,FILM,Sci-Fi,1.0,1.0,0,0.0,,,553,0.38555555555555554,
MOVIE,FILM,Sci-Fi,SERIES,SERIES,Drama,0.0,0.0,0,0.0,3193.0,8.069029328774958,838,0.06888888888888889,0.026734234310015398
SERIES,SERIES,,SERIES,SERIES,Comedy,1.0,1.0,0,0.0,2417.0,7.790696031174738,220,0.7555555555555555,0.698088298910975
MOVIE,FILM,Action,SERIES,SERIES,Action,0.0,0.0,2,1.0,2957.0,7.992268643270745,666,0.26,0.2818926956694655
SERIES,SERIES,Drama,DOCUMENTARY,DOCUMENTARY,History,0.0,0.0,0,0.0,1875.0,7.53689712956617,603,0.32999999999999996,0.07933403379669716
DOCUMENTARY,DOCUMENTARY,History,DOCUMENTARY,DOCUMENTARY,Science,1.0,1.0,0,0.0,4384.0,8.385944904806284,633,0.29666666666666663,0.681260202682158
MOVIE,FILM,Comedy,MOVIE,FILM,Action,1.0,1.0,0,0.0,4835.0,8.483843211734683,363,0.5966666666666667,0.727232496565073
MOVIE,FILM,Sci-Fi,,FILM,Comedy,0.0,1.0,0,0.0,2715.0,7.906915488678587,339,0.6233333333333333,0.388332835567548
SERIES,SERIES,Drama,MOVIE,FILM,Drama,0.0,0.0,1,0.5,898.0,6.80128303447162,112,0.8755555555555555,0.2774033298190522
MOVIE,FILM,Action,MOVIE,FILM,Sci-Fi,1.0,1.0,1,0.5,1658.0,7.413970290190444,890,0.011111111111111072,0.7637785056526929
SERIES,SERIES,Drama,SERIES,SERIES,Drama,1.0,1.0,2,1.0,4615.0,8.437283808187935,804,0.10666666666666669,0.8638599713087969
DOCUMENTARY,DOCUMENTARY,History,SERIES,SERIES,Comedy,0.0,0.0,0,0.0,,6.587550014824796,521,0.4211111111111111,0.10340578367415859
MOVIE,FILM,Comedy,SERIES,SERIES,Action,1.0,1.0,0,0.0,815.0,6.704414354964107,152,0.8311111111111111,0.7229638630813674
MOVIE,FILM,Sci-Fi,DOCUMENTARY,DOCUMENTARY,History,1.0,1.0,1,0.5,2098.0,7.649216319820633,648,0.28,0.835434290314302
SERIES,SERIES,Drama,DOCUMENTARY,DOCUMENTARY,Science,1.0,1.0,0,0.0,273.0,5.6131281063880705,622,0.3088888888888889,0.6873374383127545
MOVIE,FILM,Action,MOVIE,FILM,Action,1.0,1.0,2,1.0,4540.0,8.420902531097951,279,0.69,0.9624921075654462
SERIES,SERIES,Drama,MOVIE,FILM,Comedy,0.0,0.0,0,0.0,2880.0,7.9658927350845286,475,0.4722222222222222,0.09308946675509787
DOCUMENTARY,DOCUMENTARY,History,MOVIE,FILM,Drama,0.0,0.0,0,0.0,128.0,4.859812404361672,132,0.8533333333333333,0.16546287637872975
MOVIE,FILM,Comedy,MOVIE,FILM,Sci-Fi,1.0,1.0,0,0.0,4365.0,8.38160253710989,330,0.6333333333333333,0.7828943160365455
MOVIE,FILM,Sci-Fi,SERIES,SERIES,Drama,0.0,0.0,0,0.0,1997.0,7.599901959208498,891,0.010000000000000009,0.03685877609491002
SERIES,SERIES,Drama,SERIES,SERIES,Comedy,1.0,1.0,0,0.0,4316.0,8.370315995555478,807,0.10333333333333339,0.6723404555575366
MOVIE,FILM,Action,SERIES,SERIES,Action,0.0,0.0,2,1.0,4334.0,8.374476889214643,788,0.12444444444444447,0.3219515464538344
SERIES,SERIES,,DOCUMENTARY,DOCUMENTARY,History,0.0,0.0,0,0.0,4662.0,8.44741429680832,40,0.9555555555555556,0.10772978811390545
DOCUMENTARY,DOCUMENTARY,History,DOCUMENTARY,DOCUMENTARY,Science,1.0,1.0,0,0.0,204.0,5.3230099791384085,27,0.97,0.7506499333080519
MOVIE,FILM,Comedy,,FILM,Action,0.0,1.0,0,0.0,4293.0,8.364973978438726,217,0.758888888888889,0.3922906655766676
MOVIE,FILM,,MOVIE,FILM,Comedy,1.0,1.0,0,0.0,2475.0,7.814399633804487,185,0.7944444444444445,0.7435923558273022
SERIES,SERIES,Drama,MOVIE,FILM,Drama,0.0,0.0,1,0.5,4052.0,8.307212626628308,394,0.5622222222222222,0.18814210305097698
MOVIE,FILM,Action,MOVIE,FILM,Sci-Fi,1.0,1.0,1,0.5,4648.0,8.444407421690585,272,0.6977777777777778,0.799621452630467
SERIES,SERIES,Drama,SERIES,SERIES,Drama,1.0,1.0,2,1.0,1668.0,7.419979923661835,799,0.11222222222222222,0.8420104076920918
,DOCUMENTARY,History,SERIES,SERIES,Comedy,0.0,0.0,0,0.0,,,377,0.5811111111111111,
MOVIE,FILM,Comedy,SERIES,SERIES,Action,1.0,1.0,0,0.0,2690.0,7.897668150726906,259,0.7122222222222222,0.7125627110106063
MOVIE,FILM,Sci-Fi,,DOCUMENTARY,History,1.0,1.0,1,0.5,592.0,6.385194398997726,28,0.9688888888888889,0.8564717830627494
SERIES,SERIES,Drama,DOCUMENTARY,DOCUMENTARY,Science,1.0,1.0,0,0.0,1358.0,7.214504414151143,218,0.7577777777777778,0.7859591767135573
MOVIE,FILM,,MOVIE,FILM,Action,1.0,1.0,2,1.0,2594.0,7.861341795599989,314,0.6511111111111111,0.9932302090776635
SERIES,SERIES,Drama,MOVIE,FILM,Comedy,0.0,0.0,0,0.0,2375.0,7.773173680482536,695,0.22777777777777775,0.028462482867451344
DOCUMENTARY,DOCUMENTARY,History,MOVIE,FILM,Drama,0.0,0.0,0,0.0,4352.0,8.378620541552298,217,0.758888888888889,0.12355845598042782
MOVIE,FILM,Comedy,MOVIE,FILM,Sci-Fi,1.0,1.0,0,0.0,4822.0,8.481151420068972,618,0.31333333333333335,0.6768149925542413
MOVIE,FILM,Sci-Fi,SERIES,SERIES,Drama,0.0,0.0,0,0.0,4465.0,8.404248432400102,604,0.3288888888888889,0.061710189002797594
SERIES,SERIES,,SERIES,SERIES,Comedy,1.0,1.0,0,0.0,1561.0,7.3537223303996315,789,0.1233333333333333,0.6705763131731266
MOVIE,FILM,Action,SERIES,SERIES,Action,0.0,0.0,2,1.0,1113.0,7.01571242048723,697,0.2255555555555555,0.31231163315587174
SERIES,SERIES,Drama,DOCUMENTARY,DOCUMENTARY,History,0.0,0.0,0,0.0,793.0,6.677083461247136,872,0.03111111111111109,0.02260928308902236
DOCUMENTARY,DOCUMENTARY,,,DOCUMENTARY,Science,0.0,1.0,0,0.0,2915.0,7.977968093128549,624,0.30666666666666664,0.37803984861815765
MOVIE,FILM,Comedy,MOVIE,FILM,Action,1.0,1.0,0,0.0,363.0,5.8971538676367405,696,0.22666666666666668,0.6346180926274468
MOVIE,FILM,Sci-Fi,MOVIE,FILM,Comedy,1.0,1.0,0,0.0,2005.0,7.603897968521881,665,0.26111111111111107,0.6800963850642987
SERIES,SERIES,Drama,,FILM,Drama,0.0,0.0,1,0.5,4349.0,8.37793112408273,514,0.4288888888888889,0.27805435012713153
,FILM,Action,MOVIE,FILM,Sci-Fi,1.0,1.0,1,0.5,491.0,6.198478716492308,410,0.5444444444444445,0.8286856310187242
SERIES,SERIES,Drama,SERIES,SERIES,Drama,1.0,1.0,2,1.0,1820.0,7.507141079727608,440,0.5111111111111111,0.9874726177747525
DOCUMENTARY,DOCUMENTARY,History,SERIES,SERIES,Comedy,0.0,0.0,0,0.0,2603.0,7.86480400332846,179,0.8011111111111111,0.11781140091554496
MOVIE,FILM,,SERIES,SERIES,Action,1.0,1.0,0,0.0,2867.0,7.961370201719511,196,0.7822222222222223,0.7510294026453139
MOVIE,FILM,Sci-Fi,DOCUMENTARY,DOCUMENTARY,History,1.0,1.0,1,0.5,2805.0,7.939515260662406,2,0.9977777777777778,0.87336101643783
SERIES,SERIES,Drama,DOCUMENTARY,DOCUMENTARY,Science,1.0,1.0,0,0.0,3723.0,8.222553638396958,59,0.9344444444444444,0.7448768998468382
MOVIE,FILM,Action,MOVIE,FILM,Action,1.0,1.0,2,1.0,3094.0,8.037543185118697,518,0.4244444444444444,0.914782386698765
SERIES,SERIES,Drama,MOVIE,FILM,Comedy,0.0,0.0,0,0.0,,6.07993319509559,883,0.018888888888888844,0.041819854969151436
DOCUMENTARY,DOCUMENTARY,History,MOVIE,FILM,Drama,0.0,0.0,0,0.0,896.0,6.799055862058796,532,0.40888888888888886,0.04556079926691051
MOVIE,FILM,Comedy,MOVIE,FILM,Sci-Fi,1.0,1.0,0,0.0,3885.0,8.265135629937385,460,0.48888888888888893,0.725590382111347
MOVIE,FILM,Sci-Fi,SERIES,SERIES,Drama,0.0,0.0,0,0.0,3034.0,8.017966703493599,898,0.0022222222222222365,0.06841623992668218
SERIES,SERIES,Drama,SERIES,SERIES,Comedy,1.0,1.0,0,0.0,3882.0,8.264363329731667,334,0.6288888888888888,0.7306153347937021
MOVIE,FILM,Action,SERIES,SERIES,Action,0.0,0.0,2,1.0,1554.0,7.349230824613334,532,0.40888888888888886,0.3049646749916107
SERIES,SERIES,Drama,,DOCUMENTARY,History,0.0,0.0,0,0.0,,,179,0.8011111111111111,
DOCUMENTARY,DOCUMENTARY,History,DOCUMENTARY,DOCUMENTARY,Science,1.0,1.0,0,0.0,3836.0,8.252446090246952,499,0.4455555555555556,0.6919729020680386
MOVIE,FILM,Comedy,,FILM,Action,1.0,1.0,0,0.0,4148.0,8.330622620332868,851,0.054444444444444406,0.6905358476321007
MOVIE,FILM,Sci-Fi,MOVIE,FILM,Comedy,1.0,1.0,0,0.0,3121.0,8.046229101075378,839,0.06777777777777783,0.6075966134783259
SERIES,SERIES,Drama,MOVIE,FILM,Drama,0.0,0.0,1,0.5,3423.0,8.138564737261632,734,0.1844444444444444,0.16454762223315897
MOVIE,FILM,Action,MOVIE,FILM,Sci-Fi,1.0,1.0,1,0.5,,6.061456918928017,408,0.5466666666666666,0.7618821153415157
SERIES,SERIES,Drama,SERIES,SERIES,Drama,1.0,1.0,2,1.0,4270.0,8.359603270841466,76,0.9155555555555556,0.9438575229635905
DOCUMENTARY,DOCUMENTARY,History,SERIES,SERIES,Comedy,0.0,0.0,0,0.0,682.0,6.52649485957079,101,0.8877777777777778,0.1587002884925097
MOVIE,FILM,Comedy,SERIES,SERIES,Action,1.0,1.0,0,0.0,3068.0,8.029107054619736,229,0.7455555555555555,0.7570960252574607
MOVIE,FILM,Sci-Fi,DOCUMENTARY,DOCUMENTARY,History,1.0,1.0,1,0.5,2089.0,7.644919344958857,320,0.6444444444444444,0.8168374567568291
SERIES,SERIES,Drama,DOCUMENTARY,DOCUMENTARY,Science,1.0,1.0,0,0.0,4125.0,8.325063693631197,84,0.9066666666666666,0.7025918460682452
MOVIE,FILM,Action,MOVIE,FILM,Action,1.0,1.0,2,1.0,636.0,6.456769655572163,797,0.11444444444444446,0.8112053333339602
SERIES,SERIES,Drama,MOVIE,FILM,Comedy,0.0,0.0,0,0.0,689.0,6.536691597591305,418,0.5355555555555556,0.06630265297353787
DOCUMENTARY,DOCUMENTARY,,MOVIE,FILM,Drama,0.0,0.0,0,0.0,3176.0,8.063692634269517,300,0.6666666666666667,0.17511775096417548
MOVIE,FILM,Comedy,MOVIE,FILM,Sci-Fi,1.0,1.0,0,0.0,4535.0,8.419800845407588,394,0.5622222222222222,0.7266900874568321
,FILM,Sci-Fi,SERIES,SERIES,Drama,0.0,0.0,0,0.0,3303.0,8.102889134640868,749,0.1677777777777778,0.03600344979469696
SERIES,SERIES,Drama,SERIES,SERIES,Comedy,1.0,1.0,0,0.0,4489.0,8.4096079807363,248,0.7244444444444444,0.7437728861993929
MOVIE,FILM,Action,,SERIES,Action,0.0,0.0,2,1.0,4398.0,8.389132521348719,222,0.7533333333333333,0.3057896161717166
SERIES,SERIES,Drama,DOCUMENTARY,DOCUMENTARY,History,0.0,0.0,0,0.0,3698.0,8.215817791832453,199,0.7788888888888889,0.1054839337494374
DOCUMENTARY,DOCUMENTARY,History,DOCUMENTARY,DOCUMENTARY,Science,1.0,1.0,0,0.0,1218.0,7.105786129481271,560,0.37777777777777777,0.6923433736548334
MOVIE,FILM,Comedy,MOVIE,FILM,Action,1.0,1.0,0,0.0,4260.0,8.357259153499912,564,0.3733333333333333,0.6918936877942571
MOVIE,FILM,Sci-Fi,MOVIE,FILM,Comedy,1.0,1.0,0,0.0,2903.0,7.973844375944687,693,0.22999999999999998,0.7021634919882345
SERIES,SERIES,Drama,MOVIE,FILM,Drama,0.0,0.0,1,0.5,2711.0,7.905441649060286,561,0.3766666666666667,0.20314131967179397
MOVIE,FILM,Action,MOVIE,FILM,Sci-Fi,1.0,1.0,1,0.5,98.0,4.59511985013459,716,0.20444444444444443,0.8009169798771716
SERIES,SERIES,Drama,SERIES,SERIES,Drama,1.0,1.0,2,1.0,999.0,6.907755278982137,165,0.8166666666666667,0.9517166327729979
DOCUMENTARY,DOCUMENTARY,History,SERIES,SERIES,Comedy,0.0,0.0,0,0.0,4428.0,8.395929103923198,200,0.7777777777777778,0.1420274804919751
MOVIE,FILM,Comedy,,SERIES,Action,1.0,1.0,0,0.0,4624.0,8.439231649946526,789,0.1233333333333333,0.7187091379840377
MOVIE,FILM,,DOCUMENTARY,DOCUMENTARY,History,1.0,1.0,1,0.5,2119.0,7.659171367666058,125,0.8611111111111112,0.8310473871556402
SERIES,SERIES,Drama,DOCUMENTARY,DOCUMENTARY,Science,1.0,1.0,0,0.0,,5.332718793265369,59,0.9344444444444444,0.7105145471875205
MOVIE,FILM,Action,MOVIE,FILM,Action,1.0,1.0,2,1.0,,,152,0.8311111111111111,
SERIES,SERIES,Drama,MOVIE,FILM,Comedy,0.0,0.0,0,0.0,1012.0,6.920671504248683,212,0.7644444444444445,0.10146266486247568
DOCUMENTARY,DOCUMENTARY,History,MOVIE,FILM,Drama,0.0,0.0,0,0.0,3149.0,8.055157731819678,2,0.9977777777777778,0.17769312057008418
MOVIE,FILM,Comedy,MOVIE,FILM,Sci-Fi,1.0,1.0,0,0.0,1605.0,7.381501894506707,86,0.9044444444444444,0.7299750481743754
MOVIE,FILM,Sci-Fi,SERIES,SERIES,Drama,0.0,0.0,0,0.0,,7.829232537543592,452,0.49777777777777776,0.12822573412164842
SERIES,SERIES,Drama,,SERIES,Comedy,0.0,1.0,0,0.0,,8.065579427282092,176,0.8044444444444444,0.40023603862541735
MOVIE,FILM,Action,SERIES,SERIES,Action,0.0,0.0,2,1.0,3311.0,8.10530751550515,343,0.6188888888888888,0.3456593425463704
SERIES,SERIES,,DOCUMENTARY,DOCUMENTARY,History,0.0,0.0,0,0.0,,6.726233402358747,154,0.8288888888888889,0.159724800216136
DOCUMENTARY,DOCUMENTARY,,DOCUMENTARY,DOCUMENTARY,Science,1.0,1.0,0,0.0,2258.0,7.7226775164680035,225,0.75,0.7184698968609772
MOVIE,FILM,Comedy,MOVIE,FILM,Action,1.0,1.0,0,0.0,1400.0,7.244941546337007,326,0.6377777777777778,0.6877438551059715
MOVIE,FILM,,,FILM,Comedy,1.0,1.0,0,0.0,4343.0,8.37655086161377,588,0.3466666666666667,0.6784388553663218
,SERIES,Drama,MOVIE,FILM,Drama,0.0,0.0,1,0.5,1875.0,7.53689712956617,641,0.2877777777777778,0.19584511687292158
MOVIE,FILM,Action,MOVIE,FILM,Sci-Fi,1.0,1.0,1,0.5,2391.0,7.779885115070522,489,0.45666666666666667,0.7732711616793425
SERIES,SERIES,Drama,SERIES,SERIES,Drama,1.0,1.0,2,1.0,1595.0,7.3752557780097545,853,0.05222222222222217,0.9171252638706882
DOCUMENTARY,DOCUMENTARY,History,SERIES,SERIES,Comedy,0.0,0.0,0,0.0,3467.0,8.151333337900432,29,0.9677777777777777,0.11684278641769186
MOVIE,FILM,Comedy,SERIES,SERIES,Action,1.0,1.0,0,0.0,2748.0,7.918992488165245,191,0.7877777777777778,0.7684076797694082
MOVIE,FILM,Sci-Fi,DOCUMENTARY,DOCUMENTARY,History,1.0,1.0,1,0.5,4420.0,8.394121193826242,123,0.8633333333333333,0.7918127294922137
SERIES,SERIES,,DOCUMENTARY,DOCUMENTARY,Science,1.0,1.0,0,0.0,4637.0,8.442038517815478,369,0.5900000000000001,0.6929231979371662
MOVIE,FILM,Action,MOVIE,FILM,Action,1.0,1.0,2,1.0,330.0,5.802118375377063,372,0.5866666666666667,0.8938598149090973
SERIES,SERIES,Drama,MOVIE,FILM,Comedy,0.0,0.0,0,0.0,4618.0,8.437933510430605,654,0.2733333333333333,0.04004837605543968
DOCUMENTARY,DOCUMENTARY,History,MOVIE,FILM,Drama,0.0,0.0,0,0.0,1376.0,7.227662498728654,838,0.06888888888888889,0.046441810360951206
MOVIE,FILM,Comedy,MOVIE,FILM,Sci-Fi,1.0,1.0,0,0.0,1266.0,7.144407180321139,343,0.6188888888888888,0.7082650109268237
MOVIE,FILM,Sci-Fi,,SERIES,Drama,0.0,0.0,0,0.0,4891.0,8.495356496807062,780,0.1333333333333333,0.04348914625070205
SERIES,SERIES,Drama,SERIES,SERIES,Comedy,1.0,1.0,0,0.0,4854.0,8.487764380725425,646,0.28222222222222226,0.6811700733284891
MOVIE,FILM,Action,SERIES,SERIES,Action,0.0,0.0,2,1.0,1185.0,7.078341579557671,552,0.3866666666666667,0.31622760979441017
SERIES,SERIES,Drama,DOCUMENTARY,DOCUMENTARY,History,0.0,0.0,0,0.0,2519.0,7.832014180505469,630,0.30000000000000004,0.03455287065506441
DOCUMENTARY,DOCUMENTARY,History,DOCUMENTARY,DOCUMENTARY,Science,1.0,1.0,0,0.0,879.0,6.779921907472252,514,0.4288888888888889,0.7142273643712928
MOVIE,FILM,Comedy,MOVIE,FILM,Action,1.0,1.0,0,0.0,3251.0,8.087025470667701,682,0.24222222222222223,0.7000445367589766
MOVIE,FILM,Sci-Fi,MOVIE,FILM,Comedy,1.0,1.0,0,0.0,1125.0,7.026426808699636,522,0.42000000000000004,0.7047797017239038
SERIES,SERIES,Drama,MOVIE,FILM,Drama,0.0,0.0,1,0.5,,,718,0.2022222222222222,
MOVIE,FILM,,MOVIE,FILM,Sci-Fi,1.0,1.0,0,0.0,2911.0,7.976595409316577,570,0.3666666666666667,0.7010107418434446
SERIES,SERIES,Drama,SERIES,SERIES,Drama,1.0,1.0,2,1.0,2236.0,7.71289096149013,406,0.5488888888888889,1.0
DOCUMENTARY,DOCUMENTARY,History,SERIES,SERIES,Comedy,0.0,0.0,0,0.0,1496.0,7.311218384419629,585,0.35,0.0648814787991786
MOVIE,FILM,Comedy,SERIES,SERIES,Action,1.0,1.0,0,0.0,3394.0,8.130059039992796,844,0.06222222222222218,0.6531433214054864
MOVIE,FILM,Sci-Fi,DOCUMENTARY,DOCUMENTARY,History,1.0,1.0,1,0.5,2182.0,7.688455356549944,66,0.9266666666666666,0.844231751951723
SERIES,SERIES,Drama,DOCUMENTARY,DOCUMENTARY,Science,1.0,1.0,0,0.0,1346.0,7.205635176410364,39,0.9566666666666667,0.7167238317778222
MOVIE,FILM,Action,MOVIE,FILM,Action,1.0,1.0,2,1.0,2134.0,7.666221925662725,662,0.2644444444444445,0.8831823882638022
SERIES,SERIES,Drama,MOVIE,FILM,Comedy,0.0,0.0,0,0.0,4056.0,8.308199063206446,861,0.043333333333333335,0.014594743106212213
DOCUMENTARY,DOCUMENTARY,History,MOVIE,FILM,Drama,0.0,0.0,0,0.0,2680.0,7.893945138235959,477,0.47,0.0799637891648199
MOVIE,FILM,Comedy,,FILM,Sci-Fi,0.0,1.0,0,0.0,880.0,6.78105762593618,107,0.8811111111111111,0.4082779988590923
MOVIE,FILM,,SERIES,SERIES,Drama,0.0,0.0,0,0.0,2598.0,7.8628820346414905,7,0.9922222222222222,0.1357026263549715
SERIES,SERIES,,SERIES,SERIES,Comedy,1.0,1.0,0,0.0,626.0,6.440946540632921,78,0.9133333333333333,0.7169937040799218
MOVIE,FILM,Action,SERIES,SERIES,Action,0.0,0.0,2,1.0,4360.0,8.380456667842767,293,0.6744444444444444,0.3716964554443445
SERIES,SERIES,Drama,DOCUMENTARY,DOCUMENTARY,History,0.0,0.0,0,0.0,751.0,6.62273632394984,200,0.7777777777777778,0.1293945416088055
DOCUMENTARY,DOCUMENTARY,History,DOCUMENTARY,DOCUMENTARY,Science,1.0,1.0,0,0.0,2999.0,8.006367567650246,355,0.6055555555555556,0.7113499621891184
MOVIE,FILM,Comedy,,FILM,Action,1.0,1.0,0,0.0,1681.0,7.427738840532894,139,0.8455555555555556,0.717980243840205
MOVIE,FILM,Sci-Fi,MOVIE,FILM,Comedy,1.0,1.0,0,0.0,,7.68937110752969,39,0.9566666666666667,0.7662944869916928
SERIES,SERIES,Drama,MOVIE,FILM,Drama,0.0,0.0,1,0.5,1979.0,7.590852123688581,685,0.23888888888888893,0.18326521706319907
MOVIE,FILM,Action,MOVIE,FILM,Sci-Fi,1.0,1.0,1,0.5,777.0,6.656726524178391,8,0.9911111111111112,0.8252527445472304
SERIES,SERIES,Drama,SERIES,SERIES,Drama,1.0,1.0,2,1.0,1597.0,7.37650812632622,307,0.6588888888888889,0.9566339617708067
DOCUMENTARY,DOCUMENTARY,History,SERIES,SERIES,Comedy,0.0,0.0,0,0.0,1091.0,6.9957661563048505,68,0.9244444444444444,0.13139781283469743
MOVIE,FILM,Comedy,SERIES,SERIES,Action,1.0,1.0,0,0.0,905.0,6.80903930604298,607,0.3255555555555556,0.6558271088766696
MOVIE,FILM,Sci-Fi,DOCUMENTARY,DOCUMENTARY,History,1.0,1.0,1,0.5,677.0,6.519147287940395,796,0.11555555555555552,0.7862248452870807
SERIES,SERIES,,DOCUMENTARY,DOCUMENTARY,Science,1.0,1.0,0,0.0,3384.0,8.127109185346375,444,0.5066666666666666,0.6631424773771392
MOVIE,FILM,Action,MOVIE,FILM,Action,1.0,1.0,2,1.0,4620.0,8.438366410870266,546,0.3933333333333333,0.9769227670486775
SERIES,SERIES,,MOVIE,FILM,Comedy,0.0,0.0,0,0.0,318.0,5.765191102784844,335,0.6277777777777778,0.12583934889749337
DOCUMENTARY,DOCUMENTARY,History,,FILM,Drama,0.0,0.0,0,0.0,2123.0,7.66105638236183,678,0.2466666666666667,0.05114028611474142
,FILM,Comedy,MOVIE,FILM,Sci-Fi,1.0,1.0,0,0.0,3991.0,8.292047637431354,6,0.9933333333333333,0.767090508523756
MOVIE,FILM,Sci-Fi,SERIES,SERIES,Drama,0.0,0.0,0,0.0,,,868,0.03555555555555556,
SERIES,SERIES,Drama,SERIES,SERIES,Comedy,1.0,1.0,0,0.0,4777.0,8.471777327885755,42,0.9533333333333334,0.7182952472048657
MOVIE,FILM,Action,SERIES,SERIES,Action,0.0,0.0,2,1.0,3598.0,8.188411308079031,360,0.6,0.327579571542454
SERIES,SERIES,Drama,DOCUMENTARY,DOCUMENTARY,History,0.0,0.0,0,0.0,2124.0,7.661527081358517,702,0.21999999999999997,0.023887240829898744
DOCUMENTARY,DOCUMENTARY,History,DOCUMENTARY,DOCUMENTARY,Science,1.0,1.0,0,0.0,752.0,6.6240652277998935,324,0.64,0.7348721843802528
MOVIE,FILM,Comedy,MOVIE,FILM,Action,1.0,1.0,0,0.0,781.0,6.661854740545311,802,0.10888888888888892,0.7204160281026414
MOVIE,FILM,Sci-Fi,MOVIE,FILM,Comedy,1.0,1.0,0,0.0,1733.0,7.458186157340487,675,0.25,0.6428490524497454
SERIES,SERIES,Drama,MOVIE,FILM,Drama,0.0,0.0,1,0.5,38.0,3.6635616461296463,352,0.6088888888888888,0.17204748297135375
MOVIE,FILM,Action,MOVIE,FILM,Sci-Fi,1.0,1.0,1,0.5,1162.0,7.0587581525186645,72,0.92,0.8704357095049365
SERIES,SERIES,Drama,SERIES,SERIES,Drama,1.0,1.0,2,1.0,938.0,6.844815479208263,481,0.4655555555555555,0.9853104421403588
DOCUMENTARY,DOCUMENTARY,History,SERIES,SERIES,Comedy,0.0,0.0,0,0.0,,8.157370441186774,736,0.18222222222222217,0.01780597258463302
MOVIE,FILM,Comedy,SERIES,SERIES,Action,1.0,1.0,0,0.0,2437.0,7.798933310041217,417,0.5366666666666666,0.7157996761582803
MOVIE,FILM,Sci-Fi,,DOCUMENTARY,History,1.0,1.0,1,0.5,3535.0,8.170751423757535,406,0.5488888888888889,0.885842305185538
SERIES,SERIES,Drama,DOCUMENTARY,DOCUMENTARY,Science,1.0,1.0,0,0.0,1350.0,7.208600337960199,596,0.33777777777777773,0.6362632270566675
MOVIE,FILM,Action,MOVIE,FILM,Action,1.0,1.0,2,1.0,4748.0,8.465689348549121,771,0.1433333333333333,0.8735265431215101
SERIES,SERIES,Drama,,FILM,Comedy,0.0,0.0,0,0.0,1845.0,7.520776415062797,743,0.1744444444444444,0.03816191920645395
DOCUMENTARY,DOCUMENTARY,History,MOVIE,FILM,Drama,0.0,0.0,0,0.0,585.0,6.373319789577012,252,0.72,0.08470821334579105
MOVIE,FILM,Comedy,MOVIE,FILM,Sci-Fi,1.0,1.0,0,0.0,4845.0,8.48590890137647,176,0.8044444444444444,0.7625376337498382
MOVIE,FILM,,SERIES,SERIES,Drama,0.0,0.0,0,0.0,1911.0,7.555905093611346,294,0.6733333333333333,0.10816492534400891
SERIES,SERIES,Drama,SERIES,SERIES,Comedy,1.0,1.0,0,0.0,2028.0,7.615298339825815,253,0.7188888888888889,0.6724857974988511
MOVIE,FILM,Action,SERIES,SERIES,Action,0.0,0.0,2,1.0,4397.0,8.388905171114706,614,0.3177777777777778,0.32452411284753413
SERIES,SERIES,Drama,DOCUMENTARY,DOCUMENTARY,History,0.0,0.0,0,0.0,2800.0,7.937731775260109,877,0.025555555555555554,0.020508196824930967
DOCUMENTARY,DOCUMENTARY,History,DOCUMENTARY,DOCUMENTARY,Science,1.0,1.0,0,0.0,493.0,6.202535517187923,679,0.24555555555555553,0.7103557965846281
MOVIE,FILM,Comedy,MOVIE,FILM,Action,1.0,1.0,0,0.0,4401.0,8.389814262086407,81,0.91,0.7294604372939432
MOVIE,FILM,Sci-Fi,MOVIE,FILM,Comedy,1.0,1.0,0,0.0,4264.0,8.35819745992578,236,0.7377777777777778,0.7118268635510476
SERIES,SERIES,Drama,MOVIE,FILM,Drama,0.0,0.0,1,0.5,,7.948031990637284,861,0.043333333333333335,0.17589186828252384
MOVIE,FILM,Action,MOVIE,FILM,Sci-Fi,1.0,1.0,1,0.5,173.0,5.159055299214529,861,0.043333333333333335,0.7901502624666172
SERIES,SERIES,Drama,SERIES,SERIES,Drama,1.0,1.0,2,1.0,807.0,6.694562058521095,490,0.4555555555555556,0.9487521456226244
DOCUMENTARY,DOCUMENTARY,History,SERIES,SERIES,Comedy,0.0,0.0,0,0.0,1767.0,7.477604243197589,811,0.09888888888888892,0.0
MOVIE,FILM,,SERIES,SERIES,Action,1.0,1.0,0,0.0,,,319,0.6455555555555555,
MOVIE,FILM,Sci-Fi,DOCUMENTARY,DOCUMENTARY,History,1.0,1.0,1,0.5,2425.0,7.793999089503996,73,0.9188888888888889,0.8354996432920081
SERIES,SERIES,Drama,DOCUMENTARY,DOCUMENTARY,Science,1.0,1.0,0,0.0,2920.0,7.979681302387741,458,0.49111111111111116,0.7116346446915935
MOVIE,FILM,Action,,FILM,Action,0.0,1.0,2,1.0,4445.0,8.399760094524142,222,0.7533333333333333,0.5899535673581355
SERIES,SERIES,Drama,MOVIE,FILM,Comedy,0.0,0.0,0,0.0,3183.0,8.065893546964274,54,0.94,0.14323808019057757
DOCUMENTARY,DOCUMENTARY,History,,FILM,Drama,0.0,0.0,0,0.0,2252.0,7.720017940432244,662,0.2644444444444445,0.036557668161588806
MOVIE,FILM,Comedy,MOVIE,FILM,Sci-Fi,1.0,1.0,0,0.0,80.0,4.394449154672439,801,0.10999999999999999,0.612051845624062
MOVIE,FILM,Sci-Fi,SERIES,SERIES,Drama,0.0,0.0,0,0.0,1912.0,7.556427969440253,886,0.015555555555555545,0.056554283958650885
SERIES,SERIES,Drama,SERIES,SERIES,Comedy,1.0,1.0,0,0.0,,7.933796874815411,292,0.6755555555555556,0.7300662106494823
MOVIE,FILM,Action,SERIES,SERIES,Action,0.0,0.0,2,1.0,1821.0,7.507690077819904,80,0.9111111111111111,0.34605931852630156
SERIES,SERIES,Drama,DOCUMENTARY,DOCUMENTARY,History,0.0,0.0,0,0.0,733.0,6.598509028614515,884,0.01777777777777778,0.07463985004225199
DOCUMENTARY,DOCUMENTARY,History,DOCUMENTARY,DOCUMENTARY,Science,1.0,1.0,0,0.0,,8.070906088787819,663,0.2633333333333333,0.668984454414187
,FILM,,,FILM,Action,1.0,1.0,0,0.0,4871.0,8.491259809389733,712,0.2088888888888889,0.6795910515941935
MOVIE,FILM,Sci-Fi,MOVIE,FILM,Comedy,1.0,1.0,0,0.0,181.0,5.204006687076795,49,0.9455555555555556,0.7457518775951438
SERIES,SERIES,Drama,MOVIE,FILM,Drama,0.0,0.0,1,0.5,1078.0,6.983789965258135,91,0.8988888888888888,0.2223379773772889
MOVIE,FILM,Action,MOVIE,FILM,Sci-Fi,1.0,1.0,1,0.5,2138.0,7.668093709082406,195,0.7833333333333333,0.866547838620142
SERIES,SERIES,Drama,SERIES,SERIES,Drama,1.0,1.0,2,1.0,2039.0,7.620705086838262,513,0.43000000000000005,0.9208662299710062
DOCUMENTARY,DOCUMENTARY,History,SERIES,SERIES,Comedy,0.0,0.0,0,0.0,1834.0,7.51479976048867,840,0.06666666666666665,0.02771662704679671
MOVIE,FILM,Comedy,SERIES,SERIES,Action,1.0,1.0,0,0.0,3164.0,8.059908334578276,721,0.1988888888888889,0.7165899829033371
MOVIE,FILM,Sci-Fi,DOCUMENTARY,DOCUMENTARY,History,1.0,1.0,1,0.5,3437.0,8.142645185942795,364,0.5955555555555556,0.8045275081399285
SERIES,SERIES,Drama,,DOCUMENTARY,Science,0.0,1.0,0,0.0,1422.0,7.260522598089852,777,0.13666666666666671,0.25355224606362575
,FILM,Action,MOVIE,FILM,Action,1.0,1.0,2,1.0,2913.0,7.97728198675515,326,0.6377777777777778,1.0
SERIES,SERIES,Drama,MOVIE,FILM,Comedy,0.0,0.0,0,0.0,1617.0,7.388946097618437,86,0.9044444444444444,0.19976404345651425
DOCUMENTARY,DOCUMENTARY,History,MOVIE,FILM,Drama,0.0,0.0,0,0.0,2710.0,7.905072849498666,561,0.3766666666666667,0.06064224581206969
,FILM,Comedy,MOVIE,FILM,Sci-Fi,1.0,1.0,0,0.0,4795.0,8.475537516147405,764,0.15111111111111108,0.6146750255198274
MOVIE,FILM,Sci-Fi,,SERIES,Drama,0.0,0.0,0,0.0,202.0,5.313205979041787,73,0.9188888888888889,0.10618861839875186
SERIES,SERIES,,SERIES,SERIES,Comedy,1.0,1.0,0,0.0,2807.0,7.940227765145702,460,0.48888888888888893,0.6955921015720943
MOVIE,FILM,Action,SERIES,SERIES,Action,0.0,0.0,2,1.0,1149.0,7.047517221357296,832,0.0755555555555556,0.2731801390864758
SERIES,SERIES,Drama,,DOCUMENTARY,History,0.0,0.0,0,0.0,756.0,6.6293632534374485,403,0.5522222222222222,0.051284417646510996
DOCUMENTARY,DOCUMENTARY,History,DOCUMENTARY,DOCUMENTARY,Science,1.0,1.0,0,0.0,,,24,0.9733333333333334,
MOVIE,FILM,Comedy,MOVIE,FILM,Action,1.0,1.0,0,0.0,2321.0,7.7501841622578365,679,0.24555555555555553,0.6947360397575064
MOVIE,FILM,Sci-Fi,MOVIE,FILM,Comedy,1.0,1.0,0,0.0,1630.0,7.396948602621014,850,0.05555555555555558,0.6135987140837366
SERIES,SERIES,Drama,MOVIE,FILM,Drama,0.0,0.0,1,0.5,4603.0,8.434680769841773,165,0.8166666666666667,0.26013003870569895
MOVIE,FILM,Action,MOVIE,FILM,Sci-Fi,1.0,1.0,1,0.5,4206.0,8.344505083590521,777,0.13666666666666671,0.852333905385446
SERIES,SERIES,Drama,SERIES,SERIES,Drama,1.0,1.0,2,1.0,885.0,6.786716950605081,781,0.13222222222222224,0.9085442186424678
DOCUMENTARY,DOCUMENTARY,,SERIES,SERIES,Comedy,0.0,0.0,0,0.0,3058.0,8.025843344150903,79,0.9122222222222223,0.11677288222305995
MOVIE,FILM,Comedy,SERIES,SERIES,Action,1.0,1.0,0,0.0,4524.0,8.417372856134026,616,0.3155555555555556,0.6847060051505923
MOVIE,FILM,Sci-Fi,,DOCUMENTARY,History,0.0,1.0,1,0.5,3475.0,8.153637486385282,513,0.43000000000000005,0.49769609183743596
SERIES,SERIES,Drama,DOCUMENTARY,DOCUMENTARY,Science,1.0,1.0,0,0.0,4305.0,8.367764677924308,332,0.6311111111111112,0.6683810281811139
MOVIE,FILM,Action,,FILM,Action,1.0,1.0,2,1.0,3898.0,8.268475388982598,166,0.8155555555555556,0.983236056151464
SERIES,SERIES,Drama,MOVIE,FILM,Comedy,0.0,0.0,0,0.0,4300.0,8.366602832783736,342,0.62,0.08747098299515453
DOCUMENTARY,DOCUMENTARY,History,MOVIE,FILM,Drama,0.0,0.0,0,0.0,4269.0,8.35936910622267,799,0.11222222222222222,0.10380972419411547
MOVIE,FILM,Comedy,MOVIE,FILM,Sci-Fi,1.0,1.0,0,0.0,4811.0,8.47886807709457,288,0.6799999999999999,0.7204586761062716
MOVIE,FILM,Sci-Fi,,SERIES,Drama,0.0,0.0,0,0.0,2771.0,7.927324360309794,433,0.518888888888889,0.1371580699349625
SERIES,SERIES,Drama,SERIES,SERIES,Comedy,1.0,1.0,0,0.0,4371.0,8.382975849296429,109,0.8788888888888888,0.7120343383967462
MOVIE,FILM,Action,SERIES,SERIES,Action,0.0,0.0,2,1.0,3105.0,8.041091003708633,345,0.6166666666666667,0.3550226239094555
SERIES,SERIES,Drama,,DOCUMENTARY,History,0.0,0.0,0,0.0,,8.279189777195004,509,0.4344444444444444,0.08982285136793688
DOCUMENTARY,DOCUMENTARY,History,DOCUMENTARY,DOCUMENTARY,Science,1.0,1.0,0,0.0,4197.0,8.342363500380579,367,0.5922222222222222,0.6902279758990815
MOVIE,FILM,Comedy,MOVIE,FILM,Action,1.0,1.0,0,0.0,2624.0,7.872836175025724,612,0.31999999999999995,0.6923122664392227
,FILM,Sci-Fi,MOVIE,FILM,Comedy,1.0,1.0,0,0.0,728.0,6.591673732008658,379,0.5788888888888889,0.7435607816916532
SERIES,SERIES,Drama,MOVIE,FILM,Drama,0.0,0.0,1,0.5,2478.0,7.8156105320351905,308,0.6577777777777778,0.21080007345822505
MOVIE,FILM,Action,MOVIE,FILM,Sci-Fi,1.0,1.0,1,0.5,867.0,6.7661917146603505,820,0.0888888888888889,0.7282019725900643
SERIES,SERIES,Drama,SERIES,SERIES,Drama,1.0,1.0,2,1.0,205.0,5.327876168789581,15,0.9833333333333333,0.9814858981780749
DOCUMENTARY,DOCUMENTARY,History,SERIES,SERIES,Comedy,0.0,0.0,0,0.0,2918.0,7.978996370854115,840,0.06666666666666665,0.01505617991557625
MOVIE,FILM,Comedy,,SERIES,Action,0.0,1.0,0,0.0,1478.0,7.2991214627108,587,0.34777777777777774,0.33694808945213156
MOVIE,FILM,Sci-Fi,DOCUMENTARY,DOCUMENTARY,History,1.0,1.0,1,0.5,2446.0,7.802618063442671,29,0.9677777777777777,0.8690084471914139
SERIES,SERIES,Drama,DOCUMENTARY,DOCUMENTARY,Science,1.0,1.0,0,0.0,4870.0,8.491054533806542,684,0.24,0.6305684536697859
MOVIE,FILM,Action,MOVIE,FILM,Action,1.0,1.0,2,1.0,3605.0,8.190354403763262,27,0.97,0.9449318249482165
SERIES,SERIES,,MOVIE,FILM,Comedy,0.0,0.0,0,0.0,,,610,0.3222222222222222,
,DOCUMENTARY,History,MOVIE,FILM,Drama,0.0,0.0,0,0.0,597.0,6.393590753950631,704,0.21777777777777774,0.03451217579913461
,FILM,Comedy,MOVIE,FILM,Sci-Fi,1.0,1.0,0,0.0,2102.0,7.6511201757027,742,0.17555555555555558,0.5946182038596173
MOVIE,FILM,Sci-Fi,SERIES,SERIES,Drama,0.0,0.0,0,0.0,2222.0,7.706612913964197,857,0.04777777777777781,0.06257471182697383
SERIES,SERIES,Drama,SERIES,SERIES,Comedy,1.0,1.0,0,0.0,2761.0,7.923710333969238,174,0.8066666666666666,0.7440542496980906
MOVIE,FILM,Action,SERIES,SERIES,Action,0.0,0.0,2,1.0,3840.0,8.253488028345904,708,0.21333333333333337,0.27659925762710946
SERIES,SERIES,Drama,,DOCUMENTARY,History,0.0,0.0,0,0.0,1354.0,7.2115567333138015,224,0.7511111111111111,0.06765756803853631
DOCUMENTARY,DOCUMENTARY,History,DOCUMENTARY,DOCUMENTARY,Science,1.0,1.0,0,0.0,156.0,5.056245805348308,679,0.24555555555555553,0.6921019960243115
MOVIE,FILM,Comedy,MOVIE,FILM,Action,1.0,1.0,0,0.0,4941.0,8.505525386548555,837,0.06999999999999995,0.6752828537281399
MOVIE,FILM,,MOVIE,FILM,Comedy,1.0,1.0,0,0.0,1928.0,7.564757012905729,131,0.8544444444444445,0.8105436552045477
SERIES,SERIES,Drama,MOVIE,FILM,Drama,0.0,0.0,1,0.5,4805.0,8.477620416296414,689,0.23444444444444446,0.19372841536750995
MOVIE,FILM,Action,MOVIE,FILM,Sci-Fi,1.0,1.0,1,0.5,2411.0,7.788211557847076,231,0.7433333333333334,0.8605787011616254
SERIES,SERIES,Drama,SERIES,SERIES,Drama,1.0,1.0,2,1.0,4320.0,8.371242135931933,822,0.08666666666666667,0.9008643493675518
DOCUMENTARY,DOCUMENTARY,History,,SERIES,Comedy,0.0,0.0,0,0.0,2076.0,7.638679823876112,194,0.7844444444444445,0.13689740856658422
MOVIE,FILM,Comedy,SERIES,SERIES,Action,1.0,1.0,0,0.0,499.0,6.214608098422191,103,0.8855555555555555,0.7549285920304322
MOVIE,FILM,Sci-Fi,DOCUMENTARY,DOCUMENTARY,History,1.0,1.0,1,0.5,4502.0,8.412499120301572,822,0.08666666666666667,0.8236073019027408
,SERIES,Drama,DOCUMENTARY,DOCUMENTARY,Science,1.0,1.0,0,0.0,2797.0,7.936660155225426,85,0.9055555555555556,0.7301899131307723
MOVIE,FILM,Action,MOVIE,FILM,Action,1.0,1.0,2,1.0,4398.0,8.389132521348719,731,0.18777777777777782,0.9030005870176756
,SERIES,Drama,MOVIE,FILM,Comedy,0.0,0.0,0,0.0,793.0,6.677083461247136,634,0.29555555555555557,0.04485838692262787
DOCUMENTARY,DOCUMENTARY,History,,FILM,Drama,0.0,0.0,0,0.0,3915.0,8.272826003650401,32,0.9644444444444444,0.15693661165159367
MOVIE,FILM,Comedy,MOVIE,FILM,Sci-Fi,1.0,1.0,0,0.0,4558.0,8.424858580213442,433,0.518888888888889,0.7542839380098506
MOVIE,FILM,Sci-Fi,SERIES,SERIES,Drama,0.0,0.0,0,0.0,1547.0,7.344719054149673,632,0.2977777777777778,0.048655758779519526
SERIES,SERIES,Drama,SERIES,SERIES,Comedy,1.0,1.0,0,0.0,4823.0,8.481358738407021,192,0.7866666666666666,0.7236183825591274
MOVIE,FILM,,SERIES,SERIES,Action,0.0,0.0,0,0.0,2767.0,7.92588031673756,752,0.1644444444444444,0.06109289590159424
SERIES,SERIES,Drama,DOCUMENTARY,DOCUMENTARY,History,0.0,0.0,0,0.0,1408.0,7.25063551189868,612,0.31999999999999995,0.05685220171916264
DOCUMENTARY,DOCUMENTARY,History,,DOCUMENTARY,Science,1.0,1.0,0,0.0,612.0,6.418364935936212,776,0.13777777777777778,0.6908654537539134
MOVIE,FILM,Comedy,MOVIE,FILM,Action,1.0,1.0,0,0.0,984.0,6.892641641172089,672,0.2533333333333333,0.6084139774644157
MOVIE,FILM,Sci-Fi,MOVIE,FILM,Comedy,1.0,1.0,0,0.0,758.0,6.63200177739563,352,0.6088888888888888,0.6855633009364739
SERIES,SERIES,Drama,,FILM,Drama,0.0,0.0,1,0.5,3161.0,8.058960017769417,190,0.7888888888888889,0.2112339989490207
MOVIE,FILM,Action,MOVIE,FILM,Sci-Fi,1.0,1.0,1,0.5,,,71,0.9211111111111111,
SERIES,SERIES,Drama,,SERIES,Drama,0.0,1.0,2,1.0,86.0,4.465908118654584,861,0.043333333333333335,0.5152726605296228
DOCUMENTARY,DOCUMENTARY,History,,SERIES,Comedy,0.0,0.0,0,0.0,3232.0,8.081165777725433,562,0.37555555555555553,0.04601716442562413
MOVIE,FILM,Comedy,SERIES,SERIES,Action,1.0,1.0,0,0.0,,7.426549072397305,373,0.5855555555555556,0.705529300686201
MOVIE,FILM,Sci-Fi,DOCUMENTARY,DOCUMENTARY,History,1.0,1.0,1,0.5,1178.0,7.072421900537371,569,0.36777777777777776,0.8415997407521963
SERIES,SERIES,Drama,DOCUMENTARY,DOCUMENTARY,Science,1.0,1.0,0,0.0,1907.0,7.553810852008231,173,0.8077777777777778,0.726998450917649
MOVIE,FILM,Action,MOVIE,FILM,Action,1.0,1.0,2,1.0,724.0,6.586171654854675,705,0.21666666666666667,0.8800141290801086
SERIES,SERIES,Drama,MOVIE,FILM,Comedy,0.0,0.0,0,0.0,1785.0,7.487733761436444,126,0.86,0.11757018048108946
DOCUMENTARY,DOCUMENTARY,History,MOVIE,FILM,Drama,0.0,0.0,0,0.0,2509.0,7.828038032125829,563,0.37444444444444447,0.10371093323046639
MOVIE,FILM,,MOVIE,FILM,Sci-Fi,1.0,1.0,0,0.0,3584.0,8.184513753033722,165,0.8166666666666667,0.7087635188633695
MOVIE,FILM,Sci-Fi,SERIES,SERIES,Drama,0.0,0.0,0,0.0,4543.0,8.421562960400987,406,0.5488888888888889,0.0650008110841387
SERIES,SERIES,Drama,,SERIES,Comedy,1.0,1.0,0,0.0,3169.0,8.061486866871327,874,0.028888888888888853,0.6754741881865438
MOVIE,FILM,Action,SERIES,SERIES,Action,0.0,0.0,2,1.0,1378.0,7.229113877793302,360,0.6,0.32548331154049065
SERIES,SERIES,Drama,DOCUMENTARY,DOCUMENTARY,History,0.0,0.0,0,0.0,4704.0,8.45638105201948,327,0.6366666666666667,0.12067512317470415
DOCUMENTARY,DOCUMENTARY,History,DOCUMENTARY,DOCUMENTARY,Science,1.0,1.0,0,0.0,3008.0,8.009363076630045,232,0.7422222222222222,0.7294099876978303
,FILM,Comedy,MOVIE,FILM,Action,1.0,1.0,0,0.0,4246.0,8.353968130313271,409,0.5455555555555556,0.7327342122440794
MOVIE,FILM,Sci-Fi,MOVIE,FILM,Comedy,1.0,1.0,0,0.0,4961.0,8.509564164251746,704,0.21777777777777774,0.6485457195310109
SERIES,SERIES,,MOVIE,FILM,Drama,0.0,0.0,0,0.0,3387.0,8.127995055771946,299,0.6677777777777778,0.10253966072422731
MOVIE,FILM,Action,,FILM,Sci-Fi,0.0,1.0,1,0.5,4190.0,8.340694647925071,423,0.53,0.4837490535598834
SERIES,SERIES,Drama,SERIES,SERIES,Drama,1.0,1.0,2,1.0,3434.0,8.14177220465645,728,0.19111111111111112,0.8788200376309048
DOCUMENTARY,DOCUMENTARY,History,SERIES,SERIES,Comedy,0.0,0.0,0,0.0,,7.001245622069476,488,0.45777777777777773,0.0299900865509148
MOVIE,FILM,Comedy,SERIES,SERIES,Action,1.0,1.0,0,0.0,,8.335191583433202,874,0.028888888888888853,0.6805066558734987
MOVIE,FILM,Sci-Fi,DOCUMENTARY,DOCUMENTARY,History,1.0,1.0,1,0.5,2310.0,7.745435610274381,304,0.6622222222222223,0.8301178090235691
SERIES,SERIES,Drama,DOCUMENTARY,DOCUMENTARY,Science,1.0,1.0,0,0.0,2374.0,7.772752716468742,140,0.8444444444444444,0.7083216036237746
MOVIE,FILM,Action,MOVIE,FILM,Action,1.0,1.0,2,1.0,1260.0,7.13966033596492,342,0.62,0.9508464556076998
SERIES,SERIES,Drama,MOVIE,FILM,Comedy,0.0,0.0,0,0.0,,8.480321716640333,415,0.5388888888888889,0.12541977334999166
DOCUMENTARY,DOCUMENTARY,History,MOVIE,FILM,Drama,0.0,0.0,0,0.0,2912.0,7.976938756959434,62,0.9311111111111111,0.06014203689199535
MOVIE,FILM,Comedy,MOVIE,FILM,Sci-Fi,1.0,1.0,0,0.0,,7.988882253309227,862,0.04222222222222227,0.6148292048731636
MOVIE,FILM,Sci-Fi,SERIES,SERIES,Drama,0.0,0.0,0,0.0,2571.0,7.85243908535751,155,0.8277777777777777,0.08999091378917536
SERIES,SERIES,Drama,SERIES,SERIES,Comedy,1.0,1.0,0,0.0,,,501,0.44333333333333336,
MOVIE,FILM,Action,SERIES,SERIES,Action,0.0,0.0,2,1.0,4079.0,8.313852267398207,214,0.7622222222222222,0.36165028623157097
SERIES,SERIES,Drama,DOCUMENTARY,DOCUMENTARY,History,0.0,0.0,0,0.0,2096.0,7.64826303090192,23,0.9744444444444444,0.15445624179562312
DOCUMENTARY,DOCUMENTARY,History,DOCUMENTARY,DOCUMENTARY,Science,1.0,1.0,0,0.0,2385.0,7.777373602657861,102,0.8866666666666667,0.7090279439935814
MOVIE,FILM,Comedy,MOVIE,FILM,Action,1.0,1.0,0,0.0,2795.0,7.935945103353701,77,0.9144444444444444,0.7131292353123452
MOVIE,FILM,Sci-Fi,MOVIE,FILM,Comedy,1.0,1.0,0,0.0,565.0,6.338594078203183,327,0.6366666666666667,0.7252726074048067
SERIES,SERIES,Drama,,FILM,Drama,0.0,0.0,1,0.5,3093.0,8.037220031133012,455,0.49444444444444446,0.20691365228865458
MOVIE,FILM,Action,MOVIE,FILM,Sci-Fi,1.0,1.0,1,0.5,3952.0,8.282230063296685,84,0.9066666666666666,0.8839387426250203
,SERIES,Drama,SERIES,SERIES,Drama,1.0,1.0,2,1.0,4079.0,8.313852267398207,809,0.10111111111111115,0.9014314359050274
DOCUMENTARY,DOCUMENTARY,History,SERIES,SERIES,Comedy,0.0,0.0,0,0.0,2690.0,7.897668150726906,547,0.39222222222222225,0.08266728135242507
MOVIE,FILM,Comedy,SERIES,SERIES,Action,1.0,1.0,0,0.0,4574.0,8.428361977709622,231,0.7433333333333334,0.736536292448085
MOVIE,FILM,,DOCUMENTARY,DOCUMENTARY,History,1.0,1.0,0,0.0,106.0,4.672828834461906,580,0.3555555555555555,0.6996567053812675
SERIES,SERIES,Drama,DOCUMENTARY,DOCUMENTARY,Science,1.0,1.0,0,0.0,,6.71295620067707,810,0.09999999999999998,0.6840456093502323
,FILM,Action,MOVIE,FILM,Action,1.0,1.0,2,1.0,,5.996452088619021,55,0.9388888888888889,0.931943627228776
SERIES,SERIES,Drama,MOVIE,FILM,Comedy,0.0,0.0,0,0.0,2780.0,7.930565854233965,339,0.6233333333333333,0.030162236025258624
DOCUMENTARY,DOCUMENTARY,,MOVIE,FILM,Drama,0.0,0.0,0,0.0,399.0,5.991464547107982,602,0.33111111111111113,0.08979220436113625
MOVIE,FILM,Comedy,MOVIE,FILM,Sci-Fi,1.0,1.0,0,0.0,3108.0,8.042056410058754,408,0.5466666666666666,0.7460408923981193
MOVIE,FILM,Sci-Fi,SERIES,SERIES,Drama,0.0,0.0,0,0.0,4020.0,8.299285906897275,349,0.6122222222222222,0.06748924677858778
SERIES,SERIES,Drama,SERIES,SERIES,Comedy,1.0,1.0,0,0.0,1292.0,7.164720378771857,23,0.9744444444444444,0.6934925839315061
MOVIE,FILM,Action,SERIES,SERIES,Action,0.0,0.0,2,1.0,84.0,4.442651256490317,99,0.89,0.3517161613257286
SERIES,SERIES,Drama,DOCUMENTARY,DOCUMENTARY,History,0.0,0.0,0,0.0,4113.0,8.322151070212902,336,0.6266666666666667,0.12757915154701768
DOCUMENTARY,DOCUMENTARY,,DOCUMENTARY,DOCUMENTARY,Science,1.0,1.0,0,0.0,1773.0,7.480992162869525,492,0.45333333333333337,0.7525100230635607
MOVIE,FILM,Comedy,MOVIE,FILM,Action,1.0,1.0,0,0.0,1263.0,7.142036574706803,328,0.6355555555555555,0.7307868674950739
MOVIE,FILM,Sci-Fi,,FILM,Comedy,0.0,1.0,0,0.0,4815.0,8.479698986988657,33,0.9633333333333334,0.40286938348904544
SERIES,SERIES,Drama,MOVIE,FILM,Drama,0.0,0.0,1,0.5,4593.0,8.432506383249043,848,0.05777777777777782,0.1364616652780054
MOVIE,FILM,Action,MOVIE,FILM,Sci-Fi,1.0,1.0,1,0.5,4794.0,8.475328987317539,326,0.6377777777777778,0.8417894453604199
SERIES,SERIES,,SERIES,SERIES,Drama,1.0,1.0,2,1.0,202.0,5.313205979041787,312,0.6533333333333333,0.939969641012517
DOCUMENTARY,DOCUMENTARY,History,SERIES,SERIES,Comedy,0.0,0.0,0,0.0,4757.0,8.467582690862903,649,0.27888888888888885,0.035070552565303975
MOVIE,FILM,Comedy,SERIES,SERIES,Action,1.0,1.0,0,0.0,4092.0,8.317033476492403,474,0.4733333333333334,0.7657605960880872
MOVIE,FILM,Sci-Fi,DOCUMENTARY,DOCUMENTARY,History,1.0,1.0,1,0.5,,,547,0.39222222222222225,
SERIES,SERIES,Drama,DOCUMENTARY,DOCUMENTARY,Science,1.0,1.0,0,0.0,787.0,6.669498089857879,113,0.8744444444444445,0.7711681186838091
,FILM,,MOVIE,FILM,Action,1.0,1.0,2,1.0,,5.981414211254481,812,0.09777777777777774,0.868736329004635
SERIES,SERIES,Drama,MOVIE,FILM,Comedy,0.0,0.0,0,0.0,4763.0,8.46884293047519,408,0.5466666666666666,0.1179565483088081
DOCUMENTARY,DOCUMENTARY,History,MOVIE,FILM,Drama,0.0,0.0,0,0.0,3719.0,8.221478947267192,263,0.7077777777777778,0.12650647649501348
MOVIE,FILM,,MOVIE,FILM,Sci-Fi,1.0,1.0,0,0.0,3256.0,8.088561805276234,296,0.6711111111111111,0.7363366434162383
MOVIE,FILM,Sci-Fi,SERIES,SERIES,Drama,0.0,0.0,0,0.0,2683.0,7.895063498091573,91,0.8988888888888888,0.16246801800283142
SERIES,SERIES,Drama,SERIES,SERIES,Comedy,1.0,1.0,0,0.0,4243.0,8.353261499733874,669,0.2566666666666667,0.7018534076179891
MOVIE,FILM,Action,SERIES,SERIES,Action,0.0,0.0,2,1.0,2525.0,7.8343923029104365,480,0.4666666666666667,0.34368661510206533
SERIES,SERIES,Drama,DOCUMENTARY,DOCUMENTARY,History,0.0,0.0,0,0.0,1711.0,7.445417556701687,324,0.64,0.11619793319761824
DOCUMENTARY,DOCUMENTARY,History,DOCUMENTARY,DOCUMENTARY,Science,1.0,1.0,0,0.0,1308.0,7.1770187659099,253,0.7188888888888889,0.734010492310774
MOVIE,FILM,Comedy,,FILM,Action,0.0,1.0,0,0.0,3518.0,8.165932137321585,133,0.8522222222222222,0.348006920052226
MOVIE,FILM,Sci-Fi,,FILM,Comedy,1.0,1.0,0,0.0,1840.0,7.518064181233078,438,0.5133333333333333,0.7072555842389082
,SERIES,Drama,MOVIE,FILM,Drama,0.0,0.0,1,0.5,1224.0,7.110696122978827,628,0.30222222222222217,0.16513955733665434
MOVIE,FILM,Action,MOVIE,FILM,Sci-Fi,1.0,1.0,1,0.5,1394.0,7.240649694255466,713,0.20777777777777773,0.7545632143563793
SERIES,SERIES,Drama,SERIES,SERIES,Drama,1.0,1.0,2,1.0,3464.0,8.150467911624004,489,0.45666666666666667,0.9923454670751315
DOCUMENTARY,DOCUMENTARY,History,SERIES,SERIES,Comedy,0.0,0.0,0,0.0,1346.0,7.205635176410364,709,0.2122222222222222,0.10511712767728384
MOVIE,FILM,Comedy,SERIES,SERIES,Action,1.0,1.0,0,0.0,429.0,6.063785208687608,32,0.9644444444444444,0.7841712189363689
MOVIE,FILM,Sci-Fi,DOCUMENTARY,DOCUMENTARY,History,1.0,1.0,1,0.5,1174.0,7.069023426578259,274,0.6955555555555555,0.8486298399571353
SERIES,SERIES,Drama,DOCUMENTARY,DOCUMENTARY,Science,1.0,1.0,0,0.0,3369.0,8.122668023346407,43,0.9522222222222222,0.7918417226212305
,FILM,Action,MOVIE,FILM,Action,1.0,1.0,2,1.0,963.0,6.871091294610546,266,0.7044444444444444,0.9613442233941017
SERIES,SERIES,Drama,MOVIE,FILM,Comedy,0.0,0.0,0,0.0,,8.49596955496461,175,0.8055555555555556,0.12439933855122053
,DOCUMENTARY,,MOVIE,FILM,Drama,0.0,0.0,0,0.0,3238.0,8.08301991917133,307,0.6588888888888889,0.0690092807491242
MOVIE,FILM,Comedy,MOVIE,FILM,Sci-Fi,1.0,1.0,0,0.0,843.0,6.738152494595957,102,0.8866666666666667,0.7505237502220584
MOVIE,FILM,Sci-Fi,SERIES,SERIES,Drama,0.0,0.0,0,0.0,4442.0,8.399085102935908,573,0.3633333333333333,0.07547417831022545
SERIES,SERIES,Drama,SERIES,SERIES,Comedy,1.0,1.0,0,0.0,259.0,5.560681631015528,887,0.014444444444444482,0.6070790215217019
MOVIE,FILM,Action,SERIES,SERIES,Action,0.0,0.0,2,1.0,1690.0,7.43307534889858,796,0.11555555555555552,0.28305553264060684
SERIES,SERIES,Drama,DOCUMENTARY,DOCUMENTARY,History,0.0,0.0,0,0.0,1475.0,7.297091005160418,457,0.4922222222222222,0.07926185088500871
DOCUMENTARY,DOCUMENTARY,,,DOCUMENTARY,Science,0.0,1.0,0,0.0,4196.0,8.34212526333359,746,0.1711111111111111,0.38811405839193297
MOVIE,FILM,Comedy,MOVIE,FILM,Action,1.0,1.0,0,0.0,,,332,0.6311111111111112,
MOVIE,FILM,Sci-Fi,MOVIE,FILM,Comedy,1.0,1.0,0,0.0,3051.0,8.023552392404348,606,0.32666666666666666,0.6886702626945411
SERIES,SERIES,Drama,MOVIE,FILM,Drama,0.0,0.0,1,0.5,477.0,6.169610732491456,189,0.79,0.23388411143843899
MOVIE,FILM,Action,,FILM,Sci-Fi,1.0,1.0,1,0.5,388.0,5.963579343618446,492,0.45333333333333337,0.8131645017592081
SERIES,SERIES,Drama,SERIES,SERIES,Drama,1.0,1.0,2,1.0,2732.0,7.913155185928068,684,0.24,0.9130821590602585
DOCUMENTARY,DOCUMENTARY,History,SERIES,SERIES,Comedy,0.0,0.0,0,0.0,2429.0,7.795646536334594,700,0.2222222222222222,0.024396724239838477
MOVIE,FILM,Comedy,SERIES,SERIES,Action,1.0,1.0,0,0.0,2918.0,7.978996370854115,452,0.49777777777777776,0.7007084275422549
MOVIE,FILM,Sci-Fi,DOCUMENTARY,DOCUMENTARY,History,1.0,1.0,1,0.5,3860.0,8.258681496264236,719,0.20111111111111113,0.7744334145060435
SERIES,SERIES,Drama,DOCUMENTARY,DOCUMENTARY,Science,1.0,1.0,0,0.0,2020.0,7.611347717403621,408,0.5466666666666666,0.6709854125763218
MOVIE,FILM,Action,MOVIE,FILM,Action,1.0,1.0,2,1.0,,7.708410667257367,812,0.09777777777777774,0.9193740351797922
SERIES,SERIES,Drama,MOVIE,FILM,Comedy,0.0,0.0,0,0.0,3607.0,8.190908881182514,283,0.6855555555555555,0.11669753482547489
DOCUMENTARY,DOCUMENTARY,History,MOVIE,FILM,Drama,0.0,0.0,0,0.0,3236.0,8.082402253926244,272,0.6977777777777778,0.05209834023196319
,FILM,Comedy,MOVIE,FILM,Sci-Fi,1.0,1.0,0,0.0,989.0,6.897704943128636,439,0.5122222222222222,0.6981981495112737
MOVIE,FILM,Sci-Fi,SERIES,SERIES,Drama,0.0,0.0,0,0.0,2737.0,7.914983005848394,32,0.9644444444444444,0.16149318826965725
SERIES,SERIES,Drama,SERIES,SERIES,Comedy,1.0,1.0,0,0.0,568.0,6.343880434126331,753,0.16333333333333333,0.6963050696518956
MOVIE,FILM,Action,SERIES,SERIES,Action,0.0,0.0,2,1.0,3991.0,8.292047637431354,49,0.9455555555555556,0.40218420589736315
SERIES,SERIES,Drama,,DOCUMENTARY,History,0.0,0.0,0,0.0,2963.0,7.994294986415977,860,0.0444444444444444,0.0411420405911148
DOCUMENTARY,DOCUMENTARY,History,DOCUMENTARY,DOCUMENTARY,Science,1.0,1.0,0,0.0,2886.0,7.967973179662935,870,0.033333333333333326,0.6333951876260941
MOVIE,FILM,Comedy,,FILM,Action,1.0,1.0,0,0.0,4258.0,8.356789669923213,694,0.22888888888888892,0.6475192114900281
MOVIE,FILM,Sci-Fi,MOVIE,FILM,Comedy,1.0,1.0,0,0.0,1933.0,7.56734567601324,380,0.5777777777777777,0.7217485723692364
SERIES,SERIES,Drama,MOVIE,FILM,Drama,0.0,0.0,1,0.5,761.0,6.635946555686647,365,0.5944444444444444,0.22031594127845108
MOVIE,FILM,Action,MOVIE,FILM,Sci-Fi,1.0,1.0,1,0.5,,7.802209316247118,791,0.12111111111111106,0.8254075303092503
SERIES,SERIES,,SERIES,SERIES,Drama,1.0,1.0,0,0.0,4533.0,8.419359831067474,581,0.35444444444444445,0.7258632109816735
,DOCUMENTARY,History,SERIES,SERIES,Comedy,0.0,0.0,0,0.0,4610.0,8.436200032206706,748,0.16888888888888887,0.05041625155831686
,FILM,Comedy,SERIES,SERIES,Action,1.0,1.0,0,0.0,3075.0,8.031385330625534,157,0.8255555555555556,0.7009244251036209
MOVIE,FILM,Sci-Fi,DOCUMENTARY,DOCUMENTARY,History,1.0,1.0,1,0.5,3267.0,8.091933455979893,332,0.6311111111111112,0.8295020618940282
SERIES,SERIES,Drama,DOCUMENTARY,DOCUMENTARY,Science,1.0,1.0,0,0.0,,7.99598047476376,362,0.5977777777777777,0.7218324046210438
,FILM,Action,MOVIE,FILM,Action,1.0,1.0,2,1.0,4583.0,8.430327258394575,472,0.4755555555555555,0.938961179342294
SERIES,SERIES,Drama,MOVIE,FILM,Comedy,0.0,0.0,0,0.0,4084.0,8.315077007294104,557,0.38111111111111107,0.05773018567897746
DOCUMENTARY,DOCUMENTARY,History,MOVIE,FILM,Drama,0.0,0.0,0,0.0,,,124,0.8622222222222222,
MOVIE,FILM,Comedy,MOVIE,FILM,Sci-Fi,1.0,1.0,0,0.0,3299.0,8.101677747454572,154,0.8288888888888889,0.7237776133019244
MOVIE,FILM,Sci-Fi,SERIES,SERIES,Drama,0.0,0.0,0,0.0,3969.0,8.286521373681236,834,0.07333333333333336,0.025320334704599833
SERIES,SERIES,Drama,SERIES,SERIES,Comedy,1.0,1.0,0,0.0,1351.0,7.20934025660291,450,0.5,0.7113850972806718
MOVIE,FILM,Action,,SERIES,Action,0.0,0.0,2,1.0,3505.0,8.16223106548118,782,0.13111111111111107,0.27732791622048464
SERIES,SERIES,Drama,DOCUMENTARY,DOCUMENTARY,History,0.0,0.0,0,0.0,4214.0,8.346404870435956,309,0.6566666666666667,0.11008493109351038
DOCUMENTARY,DOCUMENTARY,History,DOCUMENTARY,DOCUMENTARY,Science,1.0,1.0,0,0.0,2285.0,7.734558844354756,312,0.6533333333333333,0.7279052711049182
MOVIE,FILM,Comedy,MOVIE,FILM,Action,1.0,1.0,0,0.0,1099.0,7.003065458786462,723,0.19666666666666666,0.6366085320063039
MOVIE,FILM,Sci-Fi,MOVIE,FILM,Comedy,1.0,1.0,0,0.0,1219.0,7.106606137727303,175,0.8055555555555556,0.7177032380072702
SERIES,SERIES,Drama,MOVIE,FILM,Drama,0.0,0.0,1,0.5,1007.0,6.915723448631314,219,0.7566666666666666,0.26953652352474416
MOVIE,FILM,Action,MOVIE,FILM,Sci-Fi,1.0,1.0,1,0.5,3247.0,8.085794701281568,590,0.34444444444444444,0.7755189244014451
SERIES,SERIES,Drama,SERIES,SERIES,Drama,1.0,1.0,2,1.0,2968.0,7.99598047476376,816,0.09333333333333338,0.8413713908631676
DOCUMENTARY,DOCUMENTARY,History,SERIES,SERIES,Comedy,0.0,0.0,0,0.0,2342.0,7.759187438507795,134,0.8511111111111112,0.06374103401831488
MOVIE,FILM,,SERIES,SERIES,Action,1.0,1.0,0,0.0,314.0,5.752572638825633,768,0.1466666666666666,0.6611069545698586
MOVIE,FILM,,DOCUMENTARY,DOCUMENTARY,History,1.0,1.0,1,0.5,564.0,6.336825731146441,822,0.08666666666666667,0.7777578549238542
,SERIES,Drama,DOCUMENTARY,DOCUMENTARY,Science,1.0,1.0,0,0.0,,7.6290038896529575,751,0.16555555555555557,0.6669339138468152
MOVIE,FILM,,MOVIE,FILM,Action,1.0,1.0,0,0.0,4962.0,8.50976567558744,582,0.3533333333333334,0.7295802089815772
SERIES,SERIES,Drama,MOVIE,FILM,Comedy,0.0,0.0,0,0.0,4822.0,8.481151420068972,74,0.9177777777777778,0.049286751096107334
DOCUMENTARY,DOCUMENTARY,History,MOVIE,FILM,Drama,0.0,0.0,0,0.0,473.0,6.161207321695077,790,0.12222222222222223,0.05148338210712505
MOVIE,FILM,Comedy,MOVIE,FILM,Sci-Fi,1.0,1.0,0,0.0,2143.0,7.670428522190693,220,0.7555555555555555,0.7764894950416216
MOVIE,FILM,Sci-Fi,SERIES,SERIES,Drama,0.0,0.0,0,0.0,4986.0,8.514589805546123,427,0.5255555555555556,0.05656475396678691
SERIES,SERIES,Drama,,SERIES,Comedy,0.0,1.0,0,0.0,4091.0,8.316789127071518,760,0.15555555555555556,0.3211248674332877
MOVIE,FILM,,SERIES,SERIES,Action,0.0,0.0,2,1.0,2952.0,7.990576881743923,668,0.2577777777777778,0.27870469529089215
SERIES,SERIES,Drama,DOCUMENTARY,DOCUMENTARY,History,0.0,0.0,0,0.0,1623.0,7.392647520721623,203,0.7744444444444445,0.0834702742653258
DOCUMENTARY,DOCUMENTARY,History,DOCUMENTARY,DOCUMENTARY,Science,1.0,1.0,0,0.0,1204.0,7.094234845924755,713,0.20777777777777773,0.6625198502756412
MOVIE,FILM,Comedy,MOVIE,FILM,Action,1.0,1.0,0,0.0,1510.0,7.32052696227274,825,0.08333333333333337,0.7036935672317474
MOVIE,FILM,Sci-Fi,MOVIE,FILM,Comedy,1.0,1.0,0,0.0,312.0,5.746203190540153,519,0.42333333333333334,0.7429936144448042
SERIES,SERIES,Drama,MOVIE,FILM,Drama,0.0,0.0,1,0.5,3254.0,8.08794755464267,79,0.9122222222222223,0.23709047904720745
MOVIE,FILM,Action,MOVIE,FILM,Sci-Fi,1.0,1.0,1,0.5,2902.0,7.97349996402463,759,0.15666666666666662,0.848256250706488
SERIES,SERIES,Drama,SERIES,SERIES,Drama,1.0,1.0,2,1.0,,,748,0.16888888888888887,
DOCUMENTARY,DOCUMENTARY,,SERIES,SERIES,Comedy,0.0,0.0,0,0.0,902.0,6.805722553416985,669,0.2566666666666667,0.10852505326066347
MOVIE,FILM,Comedy,SERIES,SERIES,Action,1.0,1.0,0,0.0,1908.0,7.554334823725748,823,0.0855555555555556,0.659331417504732
MOVIE,FILM,Sci-Fi,DOCUMENTARY,DOCUMENTARY,History,1.0,1.0,1,0.5,920.0,6.825460036255307,810,0.09999999999999998,0.7842671127202969
SERIES,SERIES,Drama,DOCUMENTARY,DOCUMENTARY,Science,1.0,1.0,0,0.0,2275.0,7.730174795246222,576,0.36,0.7013205666026017
MOVIE,FILM,Action,MOVIE,FILM,Action,1.0,1.0,2,1.0,,7.792348924113037,493,0.4522222222222222,1.0
SERIES,SERIES,Drama,MOVIE,FILM,Comedy,0.0,0.0,0,0.0,1938.0,7.569927655242652,140,0.8444444444444444,0.14362713460197768
DOCUMENTARY,DOCUMENTARY,History,,FILM,Drama,0.0,0.0,0,0.0,3637.0,8.199189359078067,869,0.0344444444444445,0.01866735014180307
MOVIE,FILM,Comedy,MOVIE,FILM,Sci-Fi,1.0,1.0,0,0.0,2859.0,7.958576903813898,753,0.16333333333333333,0.7007747223474486
MOVIE,FILM,Sci-Fi,,SERIES,Drama,0.0,0.0,0,0.0,3100.0,8.03947991910045,138,0.8466666666666667,0.10954271241680508
SERIES,SERIES,,SERIES,SERIES,Comedy,1.0,1.0,0,0.0,4377.0,8.384347278082808,0,1.0,0.7425712601933319
MOVIE,FILM,Action,SERIES,SERIES,Action,0.0,0.0,2,1.0,2432.0,7.796880342783522,481,0.4655555555555555,0.34846639787580125
SERIES,SERIES,Drama,DOCUMENTARY,DOCUMENTARY,History,0.0,0.0,0,0.0,1695.0,7.4360278163518485,768,0.1466666666666666,0.04864824681692057
DOCUMENTARY,DOCUMENTARY,History,DOCUMENTARY,DOCUMENTARY,Science,1.0,1.0,0,0.0,4522.0,8.416930769477844,230,0.7444444444444445,0.740210303077478
MOVIE,FILM,Comedy,MOVIE,FILM,Action,1.0,1.0,0,0.0,716.0,6.57507584059962,736,0.18222222222222217,0.6678643381697349
MOVIE,FILM,Sci-Fi,,FILM,Comedy,1.0,1.0,0,0.0,2683.0,7.895063498091573,89,0.9011111111111111,0.7552977760119035
SERIES,SERIES,Drama,MOVIE,FILM,Drama,0.0,0.0,1,0.5,4406.0,8.390949464841986,652,0.27555555555555555,0.19759764121127107
MOVIE,FILM,Action,MOVIE,FILM,Sci-Fi,1.0,1.0,1,0.5,494.0,6.20455776256869,477,0.47,0.7564668042969207
,SERIES,Drama,SERIES,SERIES,Drama,1.0,1.0,2,1.0,3058.0,8.025843344150903,564,0.3733333333333333,0.9530009282545123
DOCUMENTARY,DOCUMENTARY,History,SERIES,SERIES,Comedy,0.0,0.0,0,0.0,184.0,5.220355825078324,162,0.8200000000000001,0.07574099884988356
MOVIE,FILM,,SERIES,SERIES,Action,1.0,1.0,0,0.0,1870.0,7.534228326274089,19,0.9788888888888889,0.7081053740499915
MOVIE,FILM,Sci-Fi,DOCUMENTARY,DOCUMENTARY,History,1.0,1.0,1,0.5,771.0,6.648984550024776,136,0.8488888888888889,0.852687594017683
SERIES,SERIES,Drama,DOCUMENTARY,DOCUMENTARY,Science,1.0,1.0,0,0.0,1879.0,7.539027055823995,376,0.5822222222222222,0.7142484392364292
MOVIE,FILM,Action,MOVIE,FILM,Action,1.0,1.0,2,1.0,2725.0,7.9105906122564775,163,0.8188888888888889,0.9562418844506383
SERIES,SERIES,Drama,MOVIE,FILM,Comedy,0.0,0.0,0,0.0,,8.22040309993373,867,0.036666666666666625,0.06513274728530026
DOCUMENTARY,DOCUMENTARY,History,MOVIE,FILM,Drama,0.0,0.0,0,0.0,3447.0,8.145549631783584,767,0.14777777777777779,0.010714965594577616
MOVIE,FILM,Comedy,,FILM,Sci-Fi,0.0,1.0,0,0.0,4698.0,8.455104999102815,705,0.21666666666666667,0.32703659864394685
MOVIE,FILM,Sci-Fi,,SERIES,Drama,0.0,0.0,0,0.0,4177.0,8.33758794211651,619,0.3122222222222222,0.05073194458363892
SERIES,SERIES,,SERIES,SERIES,Comedy,1.0,1.0,0,0.0,497.0,6.210600077024653,425,0.5277777777777778,0.6989828266765963
MOVIE,FILM,Action,SERIES,SERIES,Action,0.0,0.0,2,1.0,,,108,0.88,
,SERIES,Drama,DOCUMENTARY,DOCUMENTARY,History,0.0,0.0,0,0.0,2169.0,7.682482446534506,146,0.8377777777777777,0.0876853557181137
DOCUMENTARY,DOCUMENTARY,History,DOCUMENTARY,DOCUMENTARY,Science,1.0,1.0,0,0.0,4929.0,8.503094267036737,750,0.16666666666666663,0.6961866770660723
MOVIE,FILM,Comedy,MOVIE,FILM,Action,1.0,1.0,0,0.0,1624.0,7.393263094763838,89,0.9011111111111111,0.7448601292489916
MOVIE,FILM,,MOVIE,FILM,Comedy,1.0,1.0,0,0.0,2860.0,7.95892649305011,896,0.004444444444444473,0.5990590634808655
SERIES,SERIES,Drama,MOVIE,FILM,Drama,0.0,0.0,1,0.5,4180.0,8.338305731356565,366,0.5933333333333333,0.15763472670522935
MOVIE,FILM,Action,MOVIE,FILM,Sci-Fi,1.0,1.0,1,0.5,,8.341648618901306,761,0.1544444444444445,0.7921488595183488
SERIES,SERIES,Drama,SERIES,SERIES,Drama,1.0,1.0,2,1.0,,8.395477432732141,856,0.04888888888888887,0.8955731023896635
DOCUMENTARY,DOCUMENTARY,,,SERIES,Comedy,0.0,0.0,0,0.0,4915.0,8.500250470685925,773,0.14111111111111108,0.048787398684698446
MOVIE,FILM,Comedy,SERIES,SERIES,Action,1.0,1.0,0,0.0,4253.0,8.355614995760183,487,0.4588888888888889,0.7021854818408054
MOVIE,FILM,Sci-Fi,DOCUMENTARY,DOCUMENTARY,History,1.0,1.0,1,0.5,252.0,5.53338948872752,461,0.48777777777777775,0.8201374151352057
SERIES,SERIES,Drama,DOCUMENTARY,DOCUMENTARY,Science,1.0,1.0,0,0.0,362.0,5.8944028342648505,706,0.2155555555555555,0.6961823897810706
MOVIE,FILM,Action,MOVIE,FILM,Action,1.0,1.0,2,1.0,,7.832014180505469,56,0.9377777777777778,0.9552535826636087
SERIES,SERIES,Drama,MOVIE,FILM,Comedy,0.0,0.0,0,0.0,,7.537430036586509,209,0.7677777777777778,0.07511831904224953
DOCUMENTARY,DOCUMENTARY,History,,FILM,Drama,0.0,0.0,0,0.0,276.0,5.6240175061873385,850,0.05555555555555558,0.0
MOVIE,FILM,Comedy,MOVIE,FILM,Sci-Fi,1.0,1.0,0,0.0,,5.707110264748875,818,0.09111111111111114,0.6631435456361674
MOVIE,FILM,Sci-Fi,SERIES,SERIES,Drama,0.0,0.0,0,0.0,,5.099866427824199,386,0.5711111111111111,0.11712560548305648
SERIES,SERIES,Drama,SERIES,SERIES,Comedy,1.0,1.0,0,0.0,4427.0,8.395703293828527,722,0.19777777777777783,0.6641518314920527
MOVIE,FILM,,SERIES,SERIES,Action,0.0,0.0,2,1.0,2151.0,7.674152921281675,814,0.0955555555555555,0.20861190654757333
SERIES,SERIES,Drama,DOCUMENTARY,DOCUMENTARY,History,0.0,0.0,0,0.0,4449.0,8.400659375160286,284,0.6844444444444444,0.05466092245573446
DOCUMENTARY,DOCUMENTARY,History,DOCUMENTARY,DOCUMENTARY,Science,1.0,1.0,0,0.0,3476.0,8.153925132007862,705,0.21666666666666667,0.6529152322361548
MOVIE,FILM,Comedy,MOVIE,FILM,Action,1.0,1.0,0,0.0,4820.0,8.480736654405622,783,0.13,0.6539602962836131
MOVIE,FILM,Sci-Fi,MOVIE,FILM,Comedy,1.0,1.0,0,0.0,4448.0,8.400434630806041,889,0.012222222222222245,0.6463058284303852
SERIES,SERIES,Drama,MOVIE,FILM,Drama,0.0,0.0,1,0.5,3794.0,8.24143968982973,788,0.12444444444444447,0.17023049897755965
MOVIE,FILM,Action,MOVIE,FILM,Sci-Fi,1.0,1.0,1,0.5,3738.0,8.226573474977114,720,0.19999999999999996,0.7872101588530027
SERIES,SERIES,Drama,SERIES,SERIES,Drama,1.0,1.0,2,1.0,932.0,6.838405200847344,696,0.22666666666666668,0.9445397669867348
DOCUMENTARY,DOCUMENTARY,History,SERIES,SERIES,Comedy,0.0,0.0,0,0.0,,7.579167967396076,186,0.7933333333333333,0.09273800512909706
MOVIE,FILM,,SERIES,SERIES,Action,1.0,1.0,0,0.0,3931.0,8.276903481267057,766,0.14888888888888885,0.6458055877991429
MOVIE,FILM,Sci-Fi,DOCUMENTARY,DOCUMENTARY,History,1.0,1.0,1,0.5,,8.475537516147405,798,0.11333333333333329,0.8033686551162691
SERIES,SERIES,Drama,DOCUMENTARY,DOCUMENTARY,Science,1.0,1.0,0,0.0,,,583,0.3522222222222222,
MOVIE,FILM,Action,MOVIE,FILM,Action,1.0,1.0,2,1.0,2570.0,7.852050207265889,748,0.16888888888888887,0.9234776409696708
SERIES,SERIES,Drama,,FILM,Comedy,0.0,0.0,0,0.0,3003.0,8.007700012884026,763,0.15222222222222226,0.053888595569050346
DOCUMENTARY,DOCUMENTARY,History,MOVIE,FILM,Drama,0.0,0.0,0,0.0,4153.0,8.331827004436057,704,0.21777777777777774,0.054384845322170784
MOVIE,FILM,Comedy,MOVIE,FILM,Sci-Fi,1.0,1.0,0,0.0,626.0,6.440946540632921,768,0.1466666666666666,0.7109413789506243
MOVIE,FILM,Sci-Fi,SERIES,SERIES,Drama,0.0,0.0,0,0.0,4539.0,8.420682291035394,466,0.4822222222222222,0.06698125349020466
SERIES,SERIES,Drama,SERIES,SERIES,Comedy,1.0,1.0,0,0.0,4768.0,8.469891918298224,582,0.3533333333333334,0.7547862425303812
MOVIE,FILM,Action,SERIES,SERIES,Action,0.0,0.0,2,1.0,1827.0,7.510977752014095,358,0.6022222222222222,0.3268414020876641
SERIES,SERIES,Drama,DOCUMENTARY,DOCUMENTARY,History,0.0,0.0,0,0.0,2163.0,7.679713639966372,115,0.8722222222222222,0.08304378949518816
DOCUMENTARY,DOCUMENTARY,History,DOCUMENTARY,DOCUMENTARY,Science,1.0,1.0,0,0.0,4700.0,8.45553053102413,1,0.9988888888888889,0.7595666120121743
MOVIE,FILM,Comedy,MOVIE,FILM,Action,1.0,1.0,0,0.0,83.0,4.430816798843313,199,0.7788888888888889,0.6852940519852962
MOVIE,FILM,Sci-Fi,MOVIE,FILM,Comedy,1.0,1.0,0,0.0,1320.0,7.186144304522325,861,0.043333333333333335,0.6337190770301387
SERIES,SERIES,Drama,,FILM,Drama,0.0,0.0,1,0.5,1424.0,7.261927092702751,414,0.54,0.21818623052358807
MOVIE,FILM,Action,,FILM,Sci-Fi,1.0,1.0,1,0.5,1307.0,7.176254532017144,237,0.7366666666666667,0.8622285939129133
SERIES,SERIES,Drama,SERIES,SERIES,Drama,1.0,1.0,2,1.0,1911.0,7.555905093611346,139,0.8455555555555556,0.9594723249639784
DOCUMENTARY,DOCUMENTARY,History,SERIES,SERIES,Comedy,0.0,0.0,0,0.0,1554.0,7.349230824613334,133,0.8522222222222222,0.14750762468300685
MOVIE,FILM,Comedy,SERIES,SERIES,Action,1.0,1.0,0,0.0,1823.0,7.508787170634276,740,0.1777777777777778,0.7058753979434531
MOVIE,FILM,Sci-Fi,,DOCUMENTARY,History,1.0,1.0,1,0.5,3243.0,8.084562415235304,464,0.48444444444444446,0.8674648856535002
SERIES,SERIES,Drama,DOCUMENTARY,DOCUMENTARY,Science,1.0,1.0,0,0.0,,7.826842098158293,393,0.5633333333333334,0.7270017004278087
MOVIE,FILM,,,FILM,Action,0.0,1.0,2,1.0,962.0,6.870053411798126,651,0.2766666666666666,0.6191030987483404
SERIES,SERIES,Drama,MOVIE,FILM,Comedy,0.0,0.0,0,0.0,2734.0,7.913886714856082,487,0.4588888888888889,0.02463776589347199
DOCUMENTARY,DOCUMENTARY,,,FILM,Drama,0.0,0.0,0,0.0,2022.0,7.612336837167746,861,0.043333333333333335,0.02862874503966944
MOVIE,FILM,Comedy,MOVIE,FILM,Sci-Fi,1.0,1.0,0,0.0,177.0,5.181783550292085,200,0.7777777777777778,0.6947977692004843
MOVIE,FILM,Sci-Fi,SERIES,SERIES,Drama,0.0,0.0,0,0.0,2496.0,7.822845290279774,644,0.2844444444444445,0.06678942156839854
SERIES,SERIES,Drama,SERIES,SERIES,Comedy,1.0,1.0,0,0.0,,8.125039097367745,17,0.9811111111111112,0.7370789194123991
MOVIE,FILM,Action,SERIES,SERIES,Action,0.0,0.0,2,1.0,1135.0,7.035268599281097,577,0.3588888888888889,0.3021720140716463
SERIES,SERIES,,DOCUMENTARY,DOCUMENTARY,History,0.0,0.0,0,0.0,4605.0,8.43511508038063,203,0.7744444444444445,0.17139909120781316
DOCUMENTARY,DOCUMENTARY,History,DOCUMENTARY,DOCUMENTARY,Science,1.0,1.0,0,0.0,4132.0,8.326758814511733,546,0.3933333333333333,0.6912495563941076
MOVIE,FILM,Comedy,MOVIE,FILM,Action,1.0,1.0,0,0.0,111.0,4.718498871295094,483,0.4633333333333334,0.6997182089436846
MOVIE,FILM,Sci-Fi,MOVIE,FILM,Comedy,1.0,1.0,0,0.0,,,247,0.7255555555555555,
SERIES,SERIES,Drama,MOVIE,FILM,Drama,0.0,0.0,1,0.5,351.0,5.863631175598097,96,0.8933333333333333,0.23766531497469653
MOVIE,FILM,Action,MOVIE,FILM,Sci-Fi,1.0,1.0,1,0.5,2360.0,7.766840537085513,1,0.9988888888888889,0.8745886805779068
SERIES,SERIES,Drama,SERIES,SERIES,Drama,1.0,1.0,2,1.0,2900.0,7.972810784121404,426,0.5266666666666666,0.9615511032419567
DOCUMENTARY,DOCUMENTARY,History,SERIES,SERIES,Comedy,0.0,0.0,0,0.0,432.0,6.07073772800249,794,0.11777777777777776,0.07371806041309303
MOVIE,FILM,Comedy,SERIES,SERIES,Action,1.0,1.0,0,0.0,2759.0,7.9229859587111955,355,0.6055555555555556,0.7651906464112609
MOVIE,FILM,Sci-Fi,DOCUMENTARY,DOCUMENTARY,History,1.0,1.0,1,0.5,2306.0,7.7437032581737535,666,0.26,0.8097050613824919
SERIES,SERIES,Drama,,DOCUMENTARY,Science,0.0,1.0,0,0.0,2563.0,7.849323818040561,342,0.62,0.3945722902168039
MOVIE,FILM,Action,MOVIE,FILM,Action,1.0,1.0,2,1.0,3599.0,8.1886891244442,579,0.3566666666666667,0.8975349052775183
SERIES,SERIES,Drama,MOVIE,FILM,Comedy,0.0,0.0,0,0.0,2007.0,7.60489448081162,896,0.004444444444444473,0.031607673197805254
DOCUMENTARY,DOCUMENTARY,History,MOVIE,FILM,Drama,0.0,0.0,0,0.0,1980.0,7.591357046698551,11,0.9877777777777778,0.160725826376279
MOVIE,FILM,Comedy,MOVIE,FILM,Sci-Fi,1.0,1.0,0,0.0,2776.0,7.9291264873067995,724,0.1955555555555556,0.7007751768738782
,FILM,Sci-Fi,SERIES,SERIES,Drama,0.0,0.0,0,0.0,2817.0,7.943782692458625,852,0.053333333333333344,0.04698732617255651
SERIES,SERIES,Drama,SERIES,SERIES,Comedy,1.0,1.0,0,0.0,4290.0,8.364275084991524,677,0.24777777777777776,0.7085441524981121
MOVIE,FILM,Action,SERIES,SERIES,Action,0.0,0.0,2,1.0,1335.0,7.197435354096591,768,0.1466666666666666,0.3013782695102439
SERIES,SERIES,,DOCUMENTARY,DOCUMENTARY,History,0.0,0.0,0,0.0,2967.0,7.995643604287271,563,0.37444444444444447,0.1089898259890564
DOCUMENTARY,DOCUMENTARY,,DOCUMENTARY,DOCUMENTARY,Science,1.0,1.0,0,0.0,1988.0,7.5953872788539725,393,0.5633333333333334,0.7187713848369534
MOVIE,FILM,Comedy,MOVIE,FILM,Action,1.0,1.0,0,0.0,,8.35772841676521,293,0.6744444444444444,0.7139189546073811
MOVIE,FILM,Sci-Fi,MOVIE,FILM,Comedy,1.0,1.0,0,0.0,3109.0,8.04237800517328,654,0.2733333333333333,0.6931524732865387
SERIES,SERIES,Drama,MOVIE,FILM,Drama,0.0,0.0,1,0.5,2336.0,7.756623334538858,553,0.38555555555555554,0.10511160576681168
MOVIE,FILM,Action,MOVIE,FILM,Sci-Fi,1.0,1.0,1,0.5,1569.0,7.358830898342354,510,0.43333333333333335,0.8275258205286287
SERIES,SERIES,Drama,SERIES,SERIES,Drama,1.0,1.0,2,1.0,2788.0,7.933438387627489,452,0.49777777777777776,0.8355851191885677
DOCUMENTARY,DOCUMENTARY,History,SERIES,SERIES,Comedy,0.0,0.0,0,0.0,1093.0,6.9975959829819265,684,0.24,0.0033965243688682464
MOVIE,FILM,Comedy,SERIES,SERIES,Action,1.0,1.0,0,0.0,39.0,3.6888794541139363,608,0.3244444444444444,0.682392522268736
MOVIE,FILM,Sci-Fi,,DOCUMENTARY,History,0.0,1.0,1,0.5,4350.0,8.37816098272068,266,0.7044444444444444,0.5220065955967624
SERIES,SERIES,Drama,DOCUMENTARY,DOCUMENTARY,Science,1.0,1.0,0,0.0,4329.0,8.373322820996535,737,0.1811111111111111,0.6404530158002312
MOVIE,FILM,Action,MOVIE,FILM,Action,1.0,1.0,2,1.0,3438.0,8.142936010432265,284,0.6844444444444444,0.9432722099011087
SERIES,SERIES,Drama,MOVIE,FILM,Comedy,0.0,0.0,0,0.0,1032.0,6.940222469119639,482,0.46444444444444444,0.11840610729895569
DOCUMENTARY,DOCUMENTARY,History,MOVIE,FILM,Drama,0.0,0.0,0,0.0,4876.0,8.492285555710053,158,0.8244444444444444,0.10566703185597551
MOVIE,FILM,Comedy,MOVIE,FILM,Sci-Fi,1.0,1.0,0,0.0,,,386,0.5711111111111111,
MOVIE,FILM,Sci-Fi,SERIES,SERIES,Drama,0.0,0.0,0,0.0,1293.0,7.165493475060845,695,0.22777777777777775,0.054566819849424485
SERIES,SERIES,Drama,SERIES,SERIES,Comedy,1.0,1.0,0,0.0,1980.0,7.591357046698551,79,0.9122222222222223,0.7572026721806538
MOVIE,FILM,Action,SERIES,SERIES,Action,0.0,0.0,2,1.0,304.0,5.720311776607412,413,0.5411111111111111,0.36804095096210226
SERIES,SERIES,Drama,DOCUMENTARY,DOCUMENTARY,History,0.0,0.0,0,0.0,1710.0,7.444833273892193,505,0.4388888888888889,0.08090785025865678
DOCUMENTARY,DOCUMENTARY,History,DOCUMENTARY,DOCUMENTARY,Science,1.0,1.0,0,0.0,4091.0,8.316789127071518,196,0.7822222222222223,0.7051154100329272
MOVIE,FILM,Comedy,MOVIE,FILM,Action,1.0,1.0,0,0.0,3136.0,8.051022208190679,607,0.3255555555555556,0.6850460529300189
MOVIE,FILM,Sci-Fi,MOVIE,FILM,Comedy,1.0,1.0,0,0.0,2192.0,7.693025748417888,263,0.7077777777777778,0.7239006812405991
,SERIES,Drama,MOVIE,FILM,Drama,0.0,0.0,1,0.5,1778.0,7.483806687665835,395,0.5611111111111111,0.16843022460135676
MOVIE,FILM,,MOVIE,FILM,Sci-Fi,1.0,1.0,0,0.0,874.0,6.774223886357614,440,0.5111111111111111,0.6935438106880315
SERIES,SERIES,Drama,SERIES,SERIES,Drama,1.0,1.0,2,1.0,3430.0,8.14060704285845,829,0.0788888888888889,0.8818036018150034
DOCUMENTARY,DOCUMENTARY,History,SERIES,SERIES,Comedy,0.0,0.0,0,0.0,2337.0,7.757051142032013,179,0.8011111111111111,0.14231762668020975
MOVIE,FILM,Comedy,,SERIES,Action,0.0,1.0,0,0.0,4559.0,8.425077902508432,521,0.4211111111111111,0.360594258014484
MOVIE,FILM,Sci-Fi,DOCUMENTARY,DOCUMENTARY,History,1.0,1.0,1,0.5,3757.0,8.231642179973411,158,0.8244444444444444,0.8505456483254549
SERIES,SERIES,Drama,DOCUMENTARY,DOCUMENTARY,Science,1.0,1.0,0,0.0,4140.0,8.328692583545568,364,0.5955555555555556,0.7133865091193031
MOVIE,FILM,Action,,FILM,Action,1.0,1.0,2,1.0,634.0,6.453624998892692,645,0.2833333333333333,0.9237097716583749
SERIES,SERIES,Drama,MOVIE,FILM,Comedy,0.0,0.0,0,0.0,2127.0,7.662937850461535,842,0.06444444444444442,0.05900637199274466
DOCUMENTARY,DOCUMENTARY,,MOVIE,FILM,Drama,0.0,0.0,0,0.0,2765.0,7.925157512224703,382,0.5755555555555556,0.06278711097202835
MOVIE,FILM,Comedy,MOVIE,FILM,Sci-Fi,1.0,1.0,0,0.0,658.0,6.490723534502507,286,0.6822222222222223,0.6858222533969286
MOVIE,FILM,,SERIES,SERIES,Drama,0.0,0.0,0,0.0,779.0,6.659293919683638,151,0.8322222222222222,0.14595946054955874
SERIES,SERIES,Drama,SERIES,SERIES,Comedy,1.0,1.0,0,0.0,1412.0,7.253470382684528,58,0.9355555555555556,0.7334230955346784
MOVIE,FILM,Action,SERIES,SERIES,Action,0.0,0.0,2,1.0,2267.0,7.7266536648476425,85,0.9055555555555556,0.32239097573252773
SERIES,SERIES,Drama,DOCUMENTARY,DOCUMENTARY,History,0.0,0.0,0,0.0,2545.0,7.842278779117352,378,0.5800000000000001,0.10616895363312583
DOCUMENTARY,DOCUMENTARY,History,DOCUMENTARY,DOCUMENTARY,Science,1.0,1.0,0,0.0,2963.0,7.994294986415977,102,0.8866666666666667,0.758097960787274
MOVIE,FILM,Comedy,MOVIE,FILM,Action,1.0,1.0,0,0.0,684.0,6.529418838262226,776,0.13777777777777778,0.6168759593412422
MOVIE,FILM,Sci-Fi,MOVIE,FILM,Comedy,1.0,1.0,0,0.0,2737.0,7.914983005848394,543,0.3966666666666666,0.7017288203787899
SERIES,SERIES,Drama,MOVIE,FILM,Drama,0.0,0.0,1,0.5,813.0,6.70196036600254,447,0.5033333333333334,0.2221873166217514
MOVIE,FILM,Action,MOVIE,FILM,Sci-Fi,1.0,1.0,1,0.5,21.0,3.091042453358316,756,0.16000000000000003,0.7809695600105583
SERIES,SERIES,Drama,SERIES,SERIES,Drama,1.0,1.0,2,1.0,3202.0,8.071843149609158,767,0.14777777777777779,0.929612080733327
DOCUMENTARY,DOCUMENTARY,History,,SERIES,Comedy,0.0,0.0,0,0.0,,,871,0.03222222222222226,
MOVIE,FILM,Comedy,,SERIES,Action,1.0,1.0,0,0.0,1742.0,7.463363045520021,14,0.9844444444444445,0.7615461515188638
MOVIE,FILM,Sci-Fi,DOCUMENTARY,DOCUMENTARY,History,1.0,1.0,1,0.5,4615.0,8.437283808187935,858,0.046666666666666634,0.7730871130300554
SERIES,SERIES,,DOCUMENTARY,DOCUMENTARY,Science,1.0,1.0,0,0.0,1676.0,7.424761761823209,319,0.6455555555555555,0.7030707919574751
MOVIE,FILM,Action,MOVIE,FILM,Action,1.0,1.0,2,1.0,1532.0,7.334981878871814,214,0.7622222222222222,0.9949388099664667
SERIES,SERIES,Drama,MOVIE,FILM,Comedy,0.0,0.0,0,0.0,722.0,6.583409222158765,202,0.7755555555555556,0.1511933874187103
,DOCUMENTARY,History,MOVIE,FILM,Drama,0.0,0.0,0,0.0,2478.0,7.8156105320351905,662,0.2644444444444445,0.11501159289150051
MOVIE,FILM,Comedy,MOVIE,FILM,Sci-Fi,1.0,1.0,0,0.0,2678.0,7.893198869544609,886,0.015555555555555545,0.6960806755653755
MOVIE,FILM,Sci-Fi,SERIES,SERIES,Drama,0.0,0.0,0,0.0,2749.0,7.919356190660617,300,0.6666666666666667,0.09857177984291947
,SERIES,Drama,SERIES,SERIES,Comedy,1.0,1.0,0,0.0,2681.0,7.894318063841624,542,0.3977777777777778,0.7054452407300865
MOVIE,FILM,Action,SERIES,SERIES,Action,0.0,0.0,2,1.0,670.0,6.508769136971682,651,0.2766666666666666,0.3195992156511792
SERIES,SERIES,Drama,DOCUMENTARY,DOCUMENTARY,History,0.0,0.0,0,0.0,929.0,6.835184586147301,339,0.6233333333333333,0.09634726997297186
DOCUMENTARY,DOCUMENTARY,History,DOCUMENTARY,DOCUMENTARY,Science,1.0,1.0,0,0.0,3743.0,8.227909837597483,24,0.9733333333333334,0.7578247471377797
MOVIE,FILM,Comedy,MOVIE,FILM,Action,1.0,1.0,0,0.0,3567.0,8.1797604936999,443,0.5077777777777778,0.731844862817174
MOVIE,FILM,Sci-Fi,MOVIE,FILM,Comedy,1.0,1.0,0,0.0,357.0,5.8805329864007,891,0.010000000000000009,0.6453572227810029
SERIES,SERIES,Drama,MOVIE,FILM,Drama,0.0,0.0,1,0.5,2309.0,7.745002803515839,883,0.018888888888888844,0.13443251547997165
MOVIE,FILM,Action,MOVIE,FILM,Sci-Fi,1.0,1.0,1,0.5,2317.0,7.748460023899697,639,0.29000000000000004,0.7910034081311452
SERIES,SERIES,Drama,,SERIES,Drama,0.0,1.0,2,1.0,2861.0,7.959275960116396,201,0.7766666666666666,0.6520585378214184
DOCUMENTARY,DOCUMENTARY,History,SERIES,SERIES,Comedy,0.0,0.0,0,0.0,2409.0,7.787382026484701,772,0.14222222222222225,0.048922607742597345
MOVIE,FILM,Comedy,SERIES,SERIES,Action,1.0,1.0,0,0.0,3566.0,8.17948018535889,327,0.6366666666666667,0.7302262112409786
MOVIE,FILM,Sci-Fi,DOCUMENTARY,DOCUMENTARY,History,1.0,1.0,1,0.5,695.0,6.54534966033442,777,0.13666666666666671,0.8028594868675522
SERIES,SERIES,Drama,DOCUMENTARY,DOCUMENTARY,Science,1.0,1.0,0,0.0,3740.0,8.227108234348146,774,0.14,0.6593196815990636
MOVIE,FILM,Action,MOVIE,FILM,Action,1.0,1.0,2,1.0,3641.0,8.200288260287554,643,0.28555555555555556,0.9476887260657278
SERIES,SERIES,Drama,MOVIE,FILM,Comedy,0.0,0.0,0,0.0,3580.0,8.183397369998433,560,0.37777777777777777,0.08551371085930043
DOCUMENTARY,DOCUMENTARY,History,MOVIE,FILM,Drama,0.0,0.0,0,0.0,272.0,5.60947179518496,174,0.8066666666666666,0.0685532598156999
MOVIE,FILM,Comedy,MOVIE,FILM,Sci-Fi,1.0,1.0,0,0.0,1370.0,7.223295679562314,497,0.44777777777777783,0.7401504578669755
MOVIE,FILM,,SERIES,SERIES,Drama,0.0,0.0,0,0.0,3690.0,8.213652703029998,854,0.05111111111111111,0.0265938919229814
SERIES,SERIES,Drama,SERIES,SERIES,Comedy,1.0,1.0,0,0.0,137.0,4.927253685157205,93,0.8966666666666667,0.6819127116384767
MOVIE,FILM,,SERIES,SERIES,Action,0.0,0.0,2,1.0,2859.0,7.958576903813898,740,0.1777777777777778,0.26179791939602826
SERIES,SERIES,Drama,DOCUMENTARY,DOCUMENTARY,History,0.0,0.0,0,0.0,,,329,0.6344444444444444,
DOCUMENTARY,DOCUMENTARY,History,DOCUMENTARY,DOCUMENTARY,Science,1.0,1.0,0,0.0,3680.0,8.210939733379021,618,0.31333333333333335,0.689391598374744
MOVIE,FILM,Comedy,MOVIE,FILM,Action,1.0,1.0,0,0.0,2710.0,7.905072849498666,368,0.5911111111111111,0.7060292530536071
MOVIE,FILM,Sci-Fi,MOVIE,FILM,Comedy,1.0,1.0,0,0.0,657.0,6.489204931325317,296,0.6711111111111111,0.7058470628877838
SERIES,SERIES,Drama,,FILM,Drama,0.0,0.0,1,0.5,3321.0,8.10832229017324,374,0.5844444444444444,0.2330724913652443
MOVIE,FILM,,,FILM,Sci-Fi,0.0,1.0,1,0.5,2221.0,7.706162970199576,552,0.3866666666666667,0.4831125407033348
SERIES,SERIES,Drama,SERIES,SERIES,Drama,1.0,1.0,2,1.0,2819.0,7.944492163932159,505,0.4388888888888889,0.9486791790701383
DOCUMENTARY,DOCUMENTARY,History,SERIES,SERIES,Comedy,0.0,0.0,0,0.0,1858.0,7.527793987721444,624,0.30666666666666664,0.07641838255417831
MOVIE,FILM,Comedy,SERIES,SERIES,Action,1.0,1.0,0,0.0,789.0,6.672032945461067,408,0.5466666666666666,0.7228041864643386
MOVIE,FILM,Sci-Fi,DOCUMENTARY,DOCUMENTARY,History,1.0,1.0,1,0.5,3002.0,8.00736706798333,872,0.03111111111111109,0.7154608089377138
SERIES,SERIES,Drama,DOCUMENTARY,DOCUMENTARY,Science,1.0,1.0,0,0.0,2822.0,7.945555428253489,669,0.2566666666666667,0.6700470987798596
MOVIE,FILM,Action,MOVIE,FILM,Action,1.0,1.0,2,1.0,3922.0,8.274611946209552,10,0.9888888888888889,0.9302586400484695
SERIES,SERIES,Drama,MOVIE,FILM,Comedy,0.0,0.0,0,0.0,3997.0,8.293549515060345,202,0.7755555555555556,0.11549757342642428
DOCUMENTARY,DOCUMENTARY,History,MOVIE,FILM,Drama,0.0,0.0,0,0.0,4751.0,8.466320861042481,244,0.7288888888888889,0.11037799243790289
MOVIE,FILM,Comedy,,FILM,Sci-Fi,1.0,1.0,0,0.0,2267.0,7.7266536648476425,120,0.8666666666666667,0.7723733178652357
MOVIE,FILM,Sci-Fi,SERIES,SERIES,Drama,0.0,0.0,0,0.0,4215.0,8.346642090221199,523,0.41888888888888887,0.1146141077381723
SERIES,SERIES,Drama,SERIES,SERIES,Comedy,1.0,1.0,0,0.0,2605.0,7.8655717576847906,352,0.6088888888888888,0.7219302370372813
MOVIE,FILM,Action,SERIES,SERIES,Action,0.0,0.0,2,1.0,2332.0,7.75491027202143,635,0.2944444444444444,0.2888998799981883
SERIES,SERIES,Drama,DOCUMENTARY,DOCUMENTARY,History,0.0,0.0,0,0.0,1120.0,7.02197642307216,822,0.08666666666666667,0.05443028414558174
DOCUMENTARY,DOCUMENTARY,History,DOCUMENTARY,DOCUMENTARY,Science,1.0,1.0,0,0.0,4997.0,8.516793111394898,413,0.5411111111111111,0.6961259958198036
MOVIE,FILM,,MOVIE,FILM,Action,1.0,1.0,0,0.0,3719.0,8.221478947267192,354,0.6066666666666667,0.717164793555665
MOVIE,FILM,Sci-Fi,MOVIE,FILM,Comedy,1.0,1.0,0,0.0,652.0,6.481577129276431,40,0.9555555555555556,0.7739466545278296
SERIES,SERIES,Drama,,FILM,Drama,0.0,0.0,1,0.5,2606.0,7.865955413933502,751,0.16555555555555557,0.1547822170155773
MOVIE,FILM,Action,MOVIE,FILM,Sci-Fi,1.0,1.0,1,0.5,268.0,5.594711379601839,489,0.45666666666666667,0.8347024097532834
SERIES,SERIES,Drama,SERIES,SERIES,Drama,1.0,1.0,2,1.0,1847.0,7.521859252201629,668,0.2577777777777778,0.9395303044038875
DOCUMENTARY,DOCUMENTARY,History,SERIES,SERIES,Comedy,0.0,0.0,0,0.0,,8.264363329731667,362,0.5977777777777777,0.06786452695154943
MOVIE,FILM,Comedy,SERIES,SERIES,Action,1.0,1.0,0,0.0,2244.0,7.716460800176355,611,0.3211111111111111,0.7156233162917504
MOVIE,FILM,Sci-Fi,DOCUMENTARY,DOCUMENTARY,History,1.0,1.0,1,0.5,1398.0,7.243512974665482,51,0.9433333333333334,0.8874837146929919
SERIES,SERIES,Drama,DOCUMENTARY,DOCUMENTARY,Science,1.0,1.0,0,0.0,2363.0,7.768110378525988,72,0.92,0.7495827116368509
MOVIE,FILM,Action,MOVIE,FILM,Action,1.0,1.0,2,1.0,,,577,0.3588888888888889,
,SERIES,Drama,MOVIE,FILM,Comedy,0.0,0.0,0,0.0,2456.0,7.806696372521179,59,0.9344444444444444,0.10236469220949368
DOCUMENTARY,DOCUMENTARY,History,MOVIE,FILM,Drama,0.0,0.0,0,0.0,1323.0,7.188412736496954,822,0.08666666666666667,0.02448529041067357
MOVIE,FILM,Comedy,MOVIE,FILM,Sci-Fi,1.0,1.0,0,0.0,609.0,6.413458957167357,42,0.9533333333333334,0.7601154292639473
MOVIE,FILM,Sci-Fi,SERIES,SERIES,Drama,0.0,0.0,0,0.0,,7.867871490396322,295,0.6722222222222223,0.07352178493527506
SERIES,SERIES,Drama,SERIES,SERIES,Comedy,1.0,1.0,0,0.0,3675.0,8.209580483475577,501,0.44333333333333336,0.7139457251629321
MOVIE,FILM,Action,SERIES,SERIES,Action,0.0,0.0,2,1.0,1260.0,7.13966033596492,573,0.3633333333333333,0.27081249118238115
SERIES,SERIES,Drama,DOCUMENTARY,DOCUMENTARY,History,0.0,0.0,0,0.0,59.0,4.0943445622221,341,0.6211111111111112,0.07418614052115498
DOCUMENTARY,DOCUMENTARY,History,DOCUMENTARY,DOCUMENTARY,Science,1.0,1.0,0,0.0,4916.0,8.50045386741194,698,0.22444444444444445,0.6835136720479401
MOVIE,FILM,Comedy,MOVIE,FILM,Action,1.0,1.0,0,0.0,2707.0,7.903965634032166,397,0.5588888888888889,0.7843715293919106
,FILM,Sci-Fi,,FILM,Comedy,0.0,1.0,0,0.0,474.0,6.163314804034641,666,0.26,0.29207304057454303
SERIES,SERIES,Drama,MOVIE,FILM,Drama,0.0,0.0,1,0.5,520.0,6.255750041753367,552,0.3866666666666667,0.23063043718027454
MOVIE,FILM,,MOVIE,FILM,Sci-Fi,1.0,1.0,1,0.5,113.0,4.736198448394496,407,0.5477777777777777,0.8203228210791497
SERIES,SERIES,Drama,SERIES,SERIES,Drama,1.0,1.0,2,1.0,4958.0,8.508959386489133,148,0.8355555555555556,0.9937083103693196
DOCUMENTARY,DOCUMENTARY,,SERIES,SERIES,Comedy,0.0,0.0,0,0.0,1394.0,7.240649694255466,626,0.3044444444444444,0.06617554715389265
MOVIE,FILM,Comedy,SERIES,SERIES,Action,1.0,1.0,0,0.0,3274.0,8.094073148069352,684,0.24,0.6933154629817209
MOVIE,FILM,Sci-Fi,DOCUMENTARY,DOCUMENTARY,History,1.0,1.0,1,0.5,4199.0,8.34283980427146,525,0.41666666666666663,0.8141354015547905
SERIES,SERIES,Drama,DOCUMENTARY,DOCUMENTARY,Science,1.0,1.0,0,0.0,4876.0,8.492285555710053,892,0.008888888888888835,0.7022538856913242
MOVIE,FILM,Action,MOVIE,FILM,Action,1.0,1.0,2,1.0,3175.0,8.063377822367027,11,0.9877777777777778,0.9809208782171118
SERIES,SERIES,Drama,MOVIE,FILM,Comedy,0.0,0.0,0,0.0,3785.0,8.239065331769268,324,0.64,0.1345851053065742
DOCUMENTARY,DOCUMENTARY,History,MOVIE,FILM,Drama,0.0,0.0,0,0.0,1219.0,7.106606137727303,761,0.1544444444444445,0.02769834700573066
MOVIE,FILM,Comedy,MOVIE,FILM,Sci-Fi,1.0,1.0,0,0.0,4686.0,8.452547997922705,623,0.3077777777777778,0.6865371023765069
MOVIE,FILM,Sci-Fi,SERIES,SERIES,Drama,0.0,0.0,0,0.0,4798.0,8.476162841858246,638,0.2911111111111111,0.03462406939510785
,SERIES,Drama,SERIES,SERIES,Comedy,1.0,1.0,0,0.0,519.0,6.253828811575473,485,0.46111111111111114,0.70755661743965
MOVIE,FILM,Action,SERIES,SERIES,Action,0.0,0.0,2,1.0,4117.0,8.323122887587735,768,0.1466666666666666,0.3350121026526304
SERIES,SERIES,Drama,DOCUMENTARY,DOCUMENTARY,History,0.0,0.0,0,0.0,3472.0,8.152774052744075,619,0.3122222222222222,0.06513608817312581
DOCUMENTARY,DOCUMENTARY,History,,DOCUMENTARY,Science,1.0,1.0,0,0.0,3292.0,8.099554282376364,789,0.1233333333333333,0.662424781405
MOVIE,FILM,Comedy,,FILM,Action,0.0,1.0,0,0.0,,8.353732642263202,814,0.0955555555555555,0.29324474729579864
MOVIE,FILM,Sci-Fi,MOVIE,FILM,Comedy,1.0,1.0,0,0.0,1288.0,7.161622002939187,86,0.9044444444444444,0.7353950959620494
SERIES,SERIES,Drama,MOVIE,FILM,Drama,0.0,0.0,1,0.5,,,699,0.22333333333333338,
,FILM,Action,,FILM,Sci-Fi,1.0,1.0,1,0.5,2095.0,7.647786045440933,124,0.8622222222222222,0.8328260428226172
,SERIES,Drama,SERIES,SERIES,Drama,1.0,1.0,2,1.0,22.0,3.1354942159291497,131,0.8544444444444445,0.9661835556762927
DOCUMENTARY,DOCUMENTARY,History,SERIES,SERIES,Comedy,0.0,0.0,0,0.0,,7.261927092702751,178,0.8022222222222222,0.15206784967758744
MOVIE,FILM,Comedy,SERIES,SERIES,Action,1.0,1.0,0,0.0,4006.0,8.295798110636145,739,0.17888888888888888,0.7590354285508235
MOVIE,FILM,Sci-Fi,DOCUMENTARY,DOCUMENTARY,History,1.0,1.0,1,0.5,1028.0,6.9363427358340495,781,0.13222222222222224,0.7664528596071355
SERIES,SERIES,Drama,DOCUMENTARY,DOCUMENTARY,Science,1.0,1.0,0,0.0,2278.0,7.731492029245684,413,0.5411111111111111,0.7515323026071219
MOVIE,FILM,Action,MOVIE,FILM,Action,1.0,1.0,2,1.0,31.0,3.4657359027997265,107,0.8811111111111111,0.9708269562022706
SERIES,SERIES,,MOVIE,FILM,Comedy,0.0,0.0,0,0.0,1487.0,7.305188215393037,603,0.32999999999999996,0.060930073777133324
DOCUMENTARY,DOCUMENTARY,History,MOVIE,FILM,Drama,0.0,0.0,0,0.0,711.0,6.568077911411976,786,0.1266666666666667,0.05483595760250446
MOVIE,FILM,Comedy,MOVIE,FILM,Sci-Fi,1.0,1.0,0,0.0,2625.0,7.873217054862741,697,0.2255555555555555,0.6794051258653444
MOVIE,FILM,Sci-Fi,SERIES,SERIES,Drama,0.0,0.0,0,0.0,2361.0,7.767263996757308,729,0.18999999999999995,0.056833045087287926
SERIES,SERIES,Drama,SERIES,SERIES,Comedy,1.0,1.0,0,0.0,2028.0,7.615298339825815,785,0.12777777777777777,0.6543735532922037
MOVIE,FILM,Action,SERIES,SERIES,Action,0.0,0.0,2,1.0,,7.7057128238944275,514,0.4288888888888889,0.27519321164556526
,SERIES,Drama,DOCUMENTARY,DOCUMENTARY,History,0.0,0.0,0,0.0,1671.0,7.421775793644647,606,0.32666666666666666,0.019343580784980434
DOCUMENTARY,DOCUMENTARY,History,,DOCUMENTARY,Science,0.0,1.0,0,0.0,3023.0,8.014335737299424,754,0.16222222222222227,0.3514388386642121
MOVIE,FILM,Comedy,MOVIE,FILM,Action,1.0,1.0,0,0.0,2255.0,7.721348612617949,793,0.11888888888888893,0.6579049911312862
MOVIE,FILM,Sci-Fi,MOVIE,FILM,Comedy,1.0,1.0,0,0.0,2783.0,7.931644021454311,615,0.31666666666666665,0.6690357508834454
SERIES,SERIES,Drama,MOVIE,FILM,Drama,0.0,0.0,1,0.5,2195.0,7.694392802629421,739,0.17888888888888888,0.17234135903560313
MOVIE,FILM,Action,MOVIE,FILM,Sci-Fi,1.0,1.0,1,0.5,947.0,6.854354502255021,317,0.6477777777777778,0.8590895431530469
SERIES,SERIES,,SERIES,SERIES,Drama,1.0,1.0,2,1.0,3334.0,8.112227958349724,461,0.48777777777777775,0.9502430425501243
DOCUMENTARY,DOCUMENTARY,History,SERIES,SERIES,Comedy,0.0,0.0,0,0.0,739.0,6.606650186198215,324,0.64,0.07368124161720749
MOVIE,FILM,Comedy,SERIES,SERIES,Action,1.0,1.0,0,0.0,2422.0,7.792761720816526,796,0.11555555555555552,0.7029788407619865
MOVIE,FILM,Sci-Fi,DOCUMENTARY,DOCUMENTARY,History,1.0,1.0,1,0.5,953.0,6.860663671448287,77,0.9144444444444444,0.9093118480736637
SERIES,SERIES,Drama,DOCUMENTARY,DOCUMENTARY,Science,1.0,1.0,0,0.0,4129.0,8.326032685955079,67,0.9255555555555556,0.7643968449305971
,FILM,Action,MOVIE,FILM,Action,1.0,1.0,2,1.0,552.0,6.315358001522335,41,0.9544444444444444,1.0
SERIES,SERIES,Drama,MOVIE,FILM,Comedy,0.0,0.0,0,0.0,1601.0,7.379008127628304,386,0.5711111111111111,0.12716550269387347
DOCUMENTARY,DOCUMENTARY,History,MOVIE,FILM,Drama,0.0,0.0,0,0.0,309.0,5.736572297479192,506,0.4377777777777778,0.1031766341475985
MOVIE,FILM,Comedy,MOVIE,FILM,Sci-Fi,1.0,1.0,0,0.0,711.0,6.568077911411976,220,0.7555555555555555,0.7431699882529876
MOVIE,FILM,Sci-Fi,SERIES,SERIES,Drama,0.0,0.0,0,0.0,,,0,1.0,
SERIES,SERIES,Drama,SERIES,SERIES,Comedy,1.0,1.0,0,0.0,4625.0,8.439447842791385,21,0.9766666666666667,0.7707651409461347
MOVIE,FILM,,SERIES,SERIES,Action,0.0,0.0,0,0.0,4743.0,8.464635940677562,688,0.23555555555555552,0.02825602949993341
SERIES,SERIES,Drama,,DOCUMENTARY,History,0.0,0.0,0,0.0,4563.0,8.425954710981966,751,0.16555555555555557,0.07502593786570742
DOCUMENTARY,DOCUMENTARY,History,DOCUMENTARY,DOCUMENTARY,Science,1.0,1.0,0,0.0,2582.0,7.8567067930958405,72,0.92,0.7062442777244071
,FILM,Comedy,MOVIE,FILM,Action,1.0,1.0,0,0.0,3800.0,8.24301946898925,868,0.03555555555555556,0.6363532139862006
MOVIE,FILM,Sci-Fi,MOVIE,FILM,Comedy,1.0,1.0,0,0.0,801.0,6.687108607866515,427,0.5255555555555556,0.7413829902914273
SERIES,SERIES,,MOVIE,FILM,Drama,0.0,0.0,1,0.5,4339.0,8.375629627094451,46,0.9488888888888889,0.27732051433457905
MOVIE,FILM,Action,MOVIE,FILM,Sci-Fi,1.0,1.0,1,0.5,1215.0,7.103322062526113,838,0.06888888888888889,0.8230811578573587
SERIES,SERIES,Drama,SERIES,SERIES,Drama,1.0,1.0,2,1.0,4083.0,8.314832179284556,383,0.5744444444444444,0.9462490226195349
DOCUMENTARY,DOCUMENTARY,History,SERIES,SERIES,Comedy,0.0,0.0,0,0.0,511.0,6.238324625039508,637,0.29222222222222227,0.022380644206317024
MOVIE,FILM,Comedy,,SERIES,Action,1.0,1.0,0,0.0,988.0,6.8966943316227125,522,0.42000000000000004,0.6854388588951019
MOVIE,FILM,Sci-Fi,DOCUMENTARY,DOCUMENTARY,History,1.0,1.0,1,0.5,3717.0,8.220941168281389,224,0.7511111111111111,0.8547095663318013
SERIES,SERIES,Drama,DOCUMENTARY,DOCUMENTARY,Science,1.0,1.0,0,0.0,4971.0,8.511577452630602,51,0.9433333333333334,0.7545322279463365
MOVIE,FILM,Action,MOVIE,FILM,Action,1.0,1.0,2,1.0,,8.050384453067021,638,0.2911111111111111,0.9589010119318878
SERIES,SERIES,Drama,MOVIE,FILM,Comedy,0.0,0.0,0,0.0,2673.0,7.891330757661889,114,0.8733333333333333,0.11156780172839391
DOCUMENTARY,DOCUMENTARY,History,MOVIE,FILM,Drama,0.0,0.0,0,0.0,,7.9672801789422,345,0.6166666666666667,0.1076378349493864
MOVIE,FILM,Comedy,MOVIE,FILM,Sci-Fi,1.0,1.0,0,0.0,4087.0,8.31581113188354,633,0.29666666666666663,0.6569670127697776
MOVIE,FILM,Sci-Fi,SERIES,SERIES,Drama,0.0,0.0,0,0.0,,8.473868066677865,18,0.98,0.149171154193216
SERIES,SERIES,Drama,SERIES,SERIES,Comedy,1.0,1.0,0,0.0,1491.0,7.307872780763706,576,0.36,0.6885726910867414
MOVIE,FILM,Action,,SERIES,Action,0.0,0.0,2,1.0,1779.0,7.484368643286131,17,0.9811111111111112,0.34888057159940283
,SERIES,Drama,DOCUMENTARY,DOCUMENTARY,History,0.0,0.0,0,0.0,4504.0,8.412943170042439,710,0.21111111111111114,0.05142708877938749
DOCUMENTARY,DOCUMENTARY,History,DOCUMENTARY,DOCUMENTARY,Science,1.0,1.0,0,0.0,4364.0,8.381373468273702,405,0.55,0.7067252763524267
MOVIE,FILM,Comedy,MOVIE,FILM,Action,1.0,1.0,0,0.0,1291.0,7.163946684342547,386,0.5711111111111111,0.7008462202725209
MOVIE,FILM,Sci-Fi,MOVIE,FILM,Comedy,1.0,1.0,0,0.0,3089.0,8.035926369891792,342,0.62,0.7708554655786609
SERIES,SERIES,,MOVIE,FILM,Drama,0.0,0.0,0,0.0,3640.0,8.200013648175434,827,0.08111111111111113,0.04160223614487665
MOVIE,FILM,Action,MOVIE,FILM,Sci-Fi,1.0,1.0,1,0.5,523.0,6.261491684321042,339,0.6233333333333333,0.8228453019583291
,SERIES,Drama,SERIES,SERIES,Drama,1.0,1.0,2,1.0,24.0,3.2188758248682006,462,0.4866666666666667,0.8600492527155545
,DOCUMENTARY,History,SERIES,SERIES,Comedy,0.0,0.0,0,0.0,704.0,6.558197802812269,663,0.2633333333333333,0.028654658564225766
MOVIE,FILM,Comedy,SERIES,SERIES,Action,1.0,1.0,0,0.0,,,322,0.6422222222222222,
MOVIE,FILM,Sci-Fi,DOCUMENTARY,DOCUMENTARY,History,1.0,1.0,1,0.5,807.0,6.694562058521095,736,0.18222222222222217,0.7674002510859057
SERIES,SERIES,Drama,DOCUMENTARY,DOCUMENTARY,Science,1.0,1.0,0,0.0,3410.0,8.134760782418645,257,0.7144444444444444,0.7690501646120835
MOVIE,FILM,Action,MOVIE,FILM,Action,1.0,1.0,2,1.0,2625.0,7.873217054862741,666,0.26,0.9160439425375035
SERIES,SERIES,Drama,MOVIE,FILM,Comedy,0.0,0.0,0,0.0,3403.0,8.132706489693264,489,0.45666666666666667,0.12046535632262874
DOCUMENTARY,DOCUMENTARY,History,MOVIE,FILM,Drama,0.0,0.0,0,0.0,2885.0,7.9676267393338165,330,0.6333333333333333,0.10059614675188357
MOVIE,FILM,Comedy,MOVIE,FILM,Sci-Fi,1.0,1.0,0,0.0,908.0,6.812345094177479,326,0.6377777777777778,0.7151717021778806
,FILM,Sci-Fi,SERIES,SERIES,Drama,0.0,0.0,0,0.0,1406.0,7.249215057114389,539,0.4011111111111111,0.06966595126691115
SERIES,SERIES,Drama,,SERIES,Comedy,0.0,1.0,0,0.0,2954.0,7.991253929840199,106,0.8822222222222222,0.4038527939034891
MOVIE,FILM,Action,SERIES,SERIES,Action,0.0,0.0,2,1.0,455.0,6.1224928095143865,477,0.47,0.365774929244893
SERIES,SERIES,Drama,DOCUMENTARY,DOCUMENTARY,History,0.0,0.0,0,0.0,4841.0,8.485083137498004,442,0.508888888888889,0.019012047697454598
DOCUMENTARY,DOCUMENTARY,,DOCUMENTARY,DOCUMENTARY,Science,1.0,1.0,0,0.0,2177.0,7.686162303492906,70,0.9222222222222223,0.6863365712379194
MOVIE,FILM,Comedy,MOVIE,FILM,Action,1.0,1.0,0,0.0,4410.0,8.39185670010494,201,0.7766666666666666,0.7186686826243387
MOVIE,FILM,Sci-Fi,MOVIE,FILM,Comedy,1.0,1.0,0,0.0,527.0,6.269096283706261,478,0.4688888888888889,0.6951873754968216
SERIES,SERIES,Drama,MOVIE,FILM,Drama,0.0,0.0,1,0.5,3749.0,8.229511118964457,610,0.3222222222222222,0.20950095993831794
MOVIE,FILM,Action,MOVIE,FILM,Sci-Fi,1.0,1.0,1,0.5,129.0,4.867534450455582,832,0.0755555555555556,0.7833816579428491
SERIES,SERIES,Drama,SERIES,SERIES,Drama,1.0,1.0,2,1.0,4649.0,8.444622498581403,647,0.2811111111111111,0.9141153892739448
,DOCUMENTARY,History,SERIES,SERIES,Comedy,0.0,0.0,0,0.0,3211.0,8.074649075066652,635,0.2944444444444444,0.09590308446421576
MOVIE,FILM,Comedy,SERIES,SERIES,Action,1.0,1.0,0,0.0,1238.0,7.122059881629142,877,0.025555555555555554,0.6851150171240449
MOVIE,FILM,,DOCUMENTARY,DOCUMENTARY,History,1.0,1.0,0,0.0,1852.0,7.52456122628536,290,0.6777777777777778,0.7267420070549709
,SERIES,Drama,,DOCUMENTARY,Science,1.0,1.0,0,0.0,3837.0,8.252706676567644,664,0.26222222222222225,0.7117806457371282
MOVIE,FILM,Action,MOVIE,FILM,Action,1.0,1.0,2,1.0,4566.0,8.426611813185,262,0.7088888888888889,0.9765198548504529
SERIES,SERIES,Drama,MOVIE,FILM,Comedy,0.0,0.0,0,0.0,3450.0,8.146419323098003,760,0.15555555555555556,0.03491737285472684
DOCUMENTARY,DOCUMENTARY,History,MOVIE,FILM,Drama,0.0,0.0,0,0.0,2585.0,7.857867559331803,393,0.5633333333333334,0.11219169432258594
MOVIE,FILM,Comedy,MOVIE,FILM,Sci-Fi,1.0,1.0,0,0.0,3353.0,8.117908942383155,121,0.8655555555555555,0.7459535445323966
MOVIE,FILM,Sci-Fi,,SERIES,Drama,0.0,0.0,0,0.0,2937.0,7.9854843567338225,698,0.22444444444444445,0.05797568143256271
SERIES,SERIES,Drama,SERIES,SERIES,Comedy,1.0,1.0,0,0.0,3835.0,8.252185436003328,525,0.41666666666666663,0.7425316535479243
MOVIE,FILM,Action,SERIES,SERIES,Action,0.0,0.0,2,1.0,2313.0,7.746732907753622,115,0.8722222222222222,0.28812598240048015
SERIES,SERIES,Drama,DOCUMENTARY,DOCUMENTARY,History,0.0,0.0,0,0.0,,8.028781162487148,750,0.16666666666666663,0.009819613395155788
DOCUMENTARY,DOCUMENTARY,History,DOCUMENTARY,DOCUMENTARY,Science,1.0,1.0,0,0.0,,,494,0.45111111111111113,
MOVIE,FILM,Comedy,MOVIE,FILM,Action,1.0,1.0,0,0.0,3735.0,8.225770799348734,594,0.33999999999999997,0.6796611619033748
MOVIE,FILM,Sci-Fi,MOVIE,FILM,Comedy,1.0,1.0,0,0.0,4813.0,8.479283618343016,366,0.5933333333333333,0.709380793210766
SERIES,SERIES,Drama,MOVIE,FILM,Drama,0.0,0.0,1,0.5,1291.0,7.163946684342547,354,0.6066666666666667,0.1672866602749977
MOVIE,FILM,Action,MOVIE,FILM,Sci-Fi,1.0,1.0,1,0.5,1054.0,6.961296045910167,353,0.6077777777777778,0.8021621303458317
SERIES,SERIES,Drama,SERIES,SERIES,Drama,1.0,1.0,2,1.0,2598.0,7.8628820346414905,259,0.7122222222222222,0.9403431142426996
DOCUMENTARY,DOCUMENTARY,History,SERIES,SERIES,Comedy,0.0,0.0,0,0.0,1648.0,7.407924322559599,798,0.11333333333333329,0.11798016419587495
MOVIE,FILM,Comedy,SERIES,SERIES,Action,1.0,1.0,0,0.0,2842.0,7.952615111651,879,0.023333333333333317,0.71173054781753
MOVIE,FILM,Sci-Fi,DOCUMENTARY,DOCUMENTARY,History,1.0,1.0,1,0.5,2596.0,7.862112211662748,537,0.4033333333333333,0.8029235717435174
SERIES,SERIES,Drama,DOCUMENTARY,DOCUMENTARY,Science,1.0,1.0,0,0.0,998.0,6.906754778648554,184,0.7955555555555556,0.7193447447514565
MOVIE,FILM,Action,MOVIE,FILM,Action,1.0,1.0,2,1.0,1234.0,7.118826249062078,496,0.4488888888888889,0.9020519967468494
SERIES,SERIES,Drama,MOVIE,FILM,Comedy,0.0,0.0,0,0.0,3876.0,8.262816937670928,338,0.6244444444444445,0.04192416288177946
DOCUMENTARY,DOCUMENTARY,History,MOVIE,FILM,Drama,0.0,0.0,0,0.0,3458.0,8.148734808937169,384,0.5733333333333333,0.09004352689190946
MOVIE,FILM,,,FILM,Sci-Fi,0.0,1.0,0,0.0,2074.0,7.637716432664798,302,0.6644444444444444,0.35045429131452277
MOVIE,FILM,Sci-Fi,SERIES,SERIES,Drama,0.0,0.0,0,0.0,636.0,6.456769655572163,764,0.15111111111111108,0.04126234918601599
SERIES,SERIES,Drama,SERIES,SERIES,Comedy,1.0,1.0,0,0.0,596.0,6.391917113392602,199,0.7788888888888889,0.6782912339215518
MOVIE,FILM,Action,SERIES,SERIES,Action,0.0,0.0,2,1.0,,8.245384468120747,440,0.5111111111111111,0.3048980305534511
SERIES,SERIES,Drama,DOCUMENTARY,DOCUMENTARY,History,0.0,0.0,0,0.0,4122.0,8.3243363327069,71,0.9211111111111111,0.13356697433778228
DOCUMENTARY,DOCUMENTARY,History,,DOCUMENTARY,Science,1.0,1.0,0,0.0,4164.0,8.334471554600944,603,0.32999999999999996,0.7010283837317446
MOVIE,FILM,Comedy,MOVIE,FILM,Action,1.0,1.0,0,0.0,1137.0,7.037027614686276,670,0.25555555555555554,0.6893553926053106
,FILM,Sci-Fi,MOVIE,FILM,Comedy,1.0,1.0,0,0.0,3447.0,8.145549631783584,282,0.6866666666666666,0.6852544399498827
SERIES,SERIES,Drama,MOVIE,FILM,Drama,0.0,0.0,1,0.5,3015.0,8.011686729127847,574,0.3622222222222222,0.2174702907001906
MOVIE,FILM,Action,MOVIE,FILM,Sci-Fi,1.0,1.0,1,0.5,721.0,6.582025138892826,76,0.9155555555555556,0.836802649719246
SERIES,SERIES,Drama,SERIES,SERIES,Drama,1.0,1.0,2,1.0,,8.202208436436448,766,0.14888888888888885,0.9303288860446035
DOCUMENTARY,DOCUMENTARY,History,SERIES,SERIES,Comedy,0.0,0.0,0,0.0,131.0,4.882801922586371,108,0.88,0.10938218157961586
MOVIE,FILM,Comedy,SERIES,SERIES,Action,1.0,1.0,0,0.0,1157.0,7.05444965813294,775,0.13888888888888884,0.6239503735082524
MOVIE,FILM,Sci-Fi,DOCUMENTARY,DOCUMENTARY,History,1.0,1.0,1,0.5,547.0,6.306275286948016,416,0.5377777777777778,0.8123197368045556
SERIES,SERIES,Drama,DOCUMENTARY,DOCUMENTARY,Science,1.0,1.0,0,0.0,2851.0,7.955775781534187,832,0.0755555555555556,0.6738754712909539
MOVIE,FILM,Action,MOVIE,FILM,Action,1.0,1.0,2,1.0,973.0,6.881411303642535,60,0.9333333333333333,1.0
SERIES,SERIES,Drama,MOVIE,FILM,Comedy,0.0,0.0,0,0.0,,,268,0.7022222222222223,
DOCUMENTARY,DOCUMENTARY,History,,FILM,Drama,0.0,0.0,0,0.0,3734.0,8.225503097566918,598,0.3355555555555556,0.116066713818329
MOVIE,FILM,Comedy,MOVIE,FILM,Sci-Fi,1.0,1.0,0,0.0,889.0,6.7912214627261855,523,0.41888888888888887,0.722297418519491
MOVIE,FILM,,,SERIES,Drama,0.0,0.0,0,0.0,2048.0,7.6251071482389,496,0.4488888888888889,0.0710786305001803
SERIES,SERIES,Drama,SERIES,SERIES,Comedy,1.0,1.0,0,0.0,1180.0,7.074116816197362,425,0.5277777777777778,0.7267219513249856
MOVIE,FILM,Action,,SERIES,Action,0.0,0.0,2,1.0,1579.0,7.365180126021013,167,0.8144444444444444,0.41219238289351673
SERIES,SERIES,Drama,DOCUMENTARY,DOCUMENTARY,History,0.0,0.0,0,0.0,2850.0,7.955425088912672,381,0.5766666666666667,0.15183864952976933
DOCUMENTARY,DOCUMENTARY,,DOCUMENTARY,DOCUMENTARY,Science,1.0,1.0,0,0.0,1104.0,7.007600613951853,13,0.9855555555555555,0.7128604507484445
MOVIE,FILM,Comedy,MOVIE,FILM,Action,1.0,1.0,0,0.0,4065.0,8.310414994188292,826,0.0822222222222222,0.6373614066394558
MOVIE,FILM,Sci-Fi,MOVIE,FILM,Comedy,1.0,1.0,0,0.0,3223.0,8.07837810362652,741,0.17666666666666664,0.7181181329514669
SERIES,SERIES,Drama,MOVIE,FILM,Drama,0.0,0.0,1,0.5,1610.0,7.384610383176974,110,0.8777777777777778,0.20884983684454633
MOVIE,FILM,Action,MOVIE,FILM,Sci-Fi,1.0,1.0,1,0.5,731.0,6.595780513961311,212,0.7644444444444445,0.8060827905077443
SERIES,SERIES,Drama,SERIES,SERIES,Drama,1.0,1.0,2,1.0,3104.0,8.040768994367578,188,0.7911111111111111,0.9602620382762179
DOCUMENTARY,DOCUMENTARY,History,SERIES,SERIES,Comedy,0.0,0.0,0,0.0,4904.0,8.498010371999463,688,0.23555555555555552,0.07393129182645741
MOVIE,FILM,Comedy,SERIES,SERIES,Action,1.0,1.0,0,0.0,4196.0,8.34212526333359,141,0.8433333333333333,0.7383375444164832
MOVIE,FILM,Sci-Fi,DOCUMENTARY,DOCUMENTARY,History,1.0,1.0,1,0.5,3467.0,8.151333337900432,175,0.8055555555555556,0.8372667951118342
SERIES,SERIES,Drama,DOCUMENTARY,DOCUMENTARY,Science,1.0,1.0,0,0.0,572.0,6.35088571671474,298,0.6688888888888889,0.694888673778108
MOVIE,FILM,,MOVIE,FILM,Action,1.0,1.0,2,1.0,,5.545177444479562,671,0.2544444444444445,0.8887195655986392
SERIES,SERIES,Drama,,FILM,Comedy,0.0,0.0,0,0.0,644.0,6.4692503167957724,635,0.2944444444444444,0.0318113792148796
DOCUMENTARY,DOCUMENTARY,History,MOVIE,FILM,Drama,0.0,0.0,0,0.0,1600.0,7.3783837129967145,257,0.7144444444444444,0.17268624726493392
,FILM,Comedy,MOVIE,FILM,Sci-Fi,1.0,1.0,0,0.0,1263.0,7.142036574706803,290,0.6777777777777778,0.7284454946898193
MOVIE,FILM,Sci-Fi,SERIES,SERIES,Drama,0.0,0.0,0,0.0,560.0,6.329720905522696,392,0.5644444444444445,0.11117930899002082
SERIES,SERIES,Drama,SERIES,SERIES,Comedy,1.0,1.0,0,0.0,,7.026426808699636,427,0.5255555555555556,0.6891117951062087
MOVIE,FILM,Action,SERIES,SERIES,Action,0.0,0.0,2,1.0,2282.0,7.733245646529795,625,0.3055555555555556,0.29934683589121763
SERIES,SERIES,Drama,DOCUMENTARY,DOCUMENTARY,History,0.0,0.0,0,0.0,2425.0,7.793999089503996,483,0.4633333333333334,0.05956670984557379
DOCUMENTARY,DOCUMENTARY,History,DOCUMENTARY,DOCUMENTARY,Science,1.0,1.0,0,0.0,1971.0,7.586803535162581,45,0.95,0.6691678767753688
MOVIE,FILM,Comedy,MOVIE,FILM,Action,1.0,1.0,0,0.0,4253.0,8.355614995760183,426,0.5266666666666666,0.6684624550090538
MOVIE,FILM,Sci-Fi,MOVIE,FILM,Comedy,1.0,1.0,0,0.0,1145.0,7.044032897274685,632,0.2977777777777778,0.6267660302551424
SERIES,SERIES,Drama,MOVIE,FILM,Drama,0.0,0.0,1,0.5,4723.0,8.460411177317253,688,0.23555555555555552,0.11366386967175066
MOVIE,FILM,Action,MOVIE,FILM,Sci-Fi,1.0,1.0,1,0.5,,,308,0.6577777777777778,
SERIES,SERIES,,SERIES,SERIES,Drama,1.0,1.0,0,0.0,3340.0,8.114025442356757,882,0.020000000000000018,0.6978110056808124
DOCUMENTARY,DOCUMENTARY,History,SERIES,SERIES,Comedy,0.0,0.0,0,0.0,4967.0,8.510772623613315,880,0.022222222222222254,0.03871479329603966
MOVIE,FILM,Comedy,SERIES,SERIES,Action,1.0,1.0,0,0.0,4243.0,8.353261499733874,377,0.5811111111111111,0.7539536306462303
MOVIE,FILM,Sci-Fi,DOCUMENTARY,DOCUMENTARY,History,1.0,1.0,1,0.5,4251.0,8.355144739461839,40,0.9555555555555556,0.8850190094824123
SERIES,SERIES,Drama,DOCUMENTARY,DOCUMENTARY,Science,1.0,1.0,0,0.0,,7.738923757439457,530,0.4111111111111111,0.7189830925822969
MOVIE,FILM,Action,,FILM,Action,0.0,1.0,2,1.0,3960.0,8.284251797621916,897,0.0033333333333332993,0.5301253203525157
SERIES,SERIES,Drama,MOVIE,FILM,Comedy,0.0,0.0,0,0.0,1328.0,7.192182058713246,553,0.38555555555555554,0.08623933777561679
DOCUMENTARY,DOCUMENTARY,History,MOVIE,FILM,Drama,0.0,0.0,0,0.0,288.0,5.666426688112432,343,0.6188888888888888,0.10893443452495229
MOVIE,FILM,Comedy,MOVIE,FILM,Sci-Fi,1.0,1.0,0,0.0,4262.0,8.35772841676521,279,0.69,0.7088460408630568
MOVIE,FILM,Sci-Fi,,SERIES,Drama,0.0,0.0,0,0.0,4896.0,8.496378051702317,177,0.8033333333333333,0.1348812246816064
SERIES,SERIES,Drama,SERIES,SERIES,Comedy,1.0,1.0,0,0.0,1780.0,7.484930283289661,122,0.8644444444444445,0.7566964340163103
MOVIE,FILM,Action,SERIES,SERIES,Action,0.0,0.0,2,1.0,4071.0,8.311889558230359,346,0.6155555555555556,0.3220107082915658
SERIES,SERIES,Drama,DOCUMENTARY,DOCUMENTARY,History,0.0,0.0,0,0.0,4702.0,8.455955881945048,456,0.4933333333333333,0.05323230650718147
DOCUMENTARY,DOCUMENTARY,History,,DOCUMENTARY,Science,1.0,1.0,0,0.0,3920.0,8.27410200229233,578,0.35777777777777775,0.6570277144976846
MOVIE,FILM,Comedy,MOVIE,FILM,Action,1.0,1.0,0,0.0,3270.0,8.092851027538384,189,0.79,0.7375633930467035
MOVIE,FILM,Sci-Fi,,FILM,Comedy,1.0,1.0,0,0.0,122.0,4.812184355372417,356,0.6044444444444445,0.7116422265320014
SERIES,SERIES,Drama,MOVIE,FILM,Drama,0.0,0.0,1,0.5,1606.0,7.382124365737512,460,0.48888888888888893,0.1779225556006515
MOVIE,FILM,Action,MOVIE,FILM,Sci-Fi,1.0,1.0,1,0.5,3507.0,8.162801353492073,250,0.7222222222222222,0.8492988995886367
SERIES,SERIES,Drama,SERIES,SERIES,Drama,1.0,1.0,2,1.0,4860.0,8.488999457045455,34,0.9622222222222222,1.0
DOCUMENTARY,DOCUMENTARY,History,SERIES,SERIES,Comedy,0.0,0.0,0,0.0,4243.0,8.353261499733874,449,0.5011111111111111,0.10578243921655402
,FILM,Comedy,SERIES,SERIES,Action,1.0,1.0,0,0.0,1918.0,7.5595594960077,354,0.6066666666666667,0.7608211124748201
MOVIE,FILM,Sci-Fi,DOCUMENTARY,DOCUMENTARY,History,1.0,1.0,1,0.5,158.0,5.0689042022202315,412,0.5422222222222222,0.8550601103091423
SERIES,SERIES,Drama,,DOCUMENTARY,Science,0.0,1.0,0,0.0,1927.0,7.564238475170491,213,0.7633333333333333,0.3599134280180615
MOVIE,FILM,,MOVIE,FILM,Action,1.0,1.0,0,0.0,1816.0,7.504942068396171,391,0.5655555555555556,0.7604184399234571
SERIES,SERIES,Drama,MOVIE,FILM,Comedy,0.0,0.0,0,0.0,2744.0,7.917536353943631,882,0.020000000000000018,0.021259755325300257
DOCUMENTARY,DOCUMENTARY,History,,FILM,Drama,0.0,0.0,0,0.0,4443.0,8.39931015075952,473,0.47444444444444445,0.11612089615478624
MOVIE,FILM,Comedy,MOVIE,FILM,Sci-Fi,1.0,1.0,0,0.0,87.0,4.477336814478207,242,0.731111111111111,0.7150499846236582
MOVIE,FILM,Sci-Fi,SERIES,SERIES,Drama,0.0,0.0,0,0.0,,7.374001859350161,502,0.4422222222222222,0.06463108246562502
SERIES,SERIES,Drama,SERIES,SERIES,Comedy,1.0,1.0,0,0.0,,,597,0.33666666666666667,
MOVIE,FILM,Action,SERIES,SERIES,Action,0.0,0.0,2,1.0,1406.0,7.249215057114389,380,0.5777777777777777,0.3248495760584624
SERIES,SERIES,Drama,DOCUMENTARY,DOCUMENTARY,History,0.0,0.0,0,0.0,1586.0,7.369600720526409,133,0.8522222222222222,0.07119450614317133
DOCUMENTARY,DOCUMENTARY,History,DOCUMENTARY,DOCUMENTARY,Science,1.0,1.0,0,0.0,3812.0,8.246171559857563,623,0.3077777777777778,0.7164464062302058
MOVIE,FILM,Comedy,MOVIE,FILM,Action,1.0,1.0,0,0.0,3719.0,8.221478947267192,125,0.8611111111111112,0.7881547972575873
,FILM,Sci-Fi,MOVIE,FILM,Comedy,1.0,1.0,0,0.0,4320.0,8.371242135931933,44,0.9511111111111111,0.7284093020363525
SERIES,SERIES,Drama,,FILM,Drama,0.0,0.0,1,0.5,,6.274762021241939,236,0.7377777777777778,0.23072473125887566
MOVIE,FILM,Action,MOVIE,FILM,Sci-Fi,1.0,1.0,1,0.5,1901.0,7.550661243105336,432,0.52,0.8037967487535624
SERIES,SERIES,Drama,SERIES,SERIES,Drama,1.0,1.0,2,1.0,4865.0,8.490027523343468,361,0.5988888888888889,0.9387678026440895
DOCUMENTARY,DOCUMENTARY,History,SERIES,SERIES,Comedy,0.0,0.0,0,0.0,2966.0,7.995306620290822,373,0.5855555555555556,0.11732509276169813
MOVIE,FILM,Comedy,SERIES,SERIES,Action,1.0,1.0,0,0.0,3105.0,8.041091003708633,47,0.9477777777777778,0.7493598121611806
MOVIE,FILM,Sci-Fi,,DOCUMENTARY,History,0.0,1.0,1,0.5,1360.0,7.215975002651466,305,0.6611111111111111,0.5503715523808258
SERIES,SERIES,Drama,,DOCUMENTARY,Science,1.0,1.0,0,0.0,4816.0,8.479906606630221,137,0.8477777777777777,0.7279992772239356
MOVIE,FILM,Action,MOVIE,FILM,Action,1.0,1.0,2,1.0,3594.0,8.187299270155147,706,0.2155555555555555,0.9479236422860353
SERIES,SERIES,Drama,MOVIE,FILM,Comedy,0.0,0.0,0,0.0,3772.0,8.235625719964311,470,0.47777777777777775,0.08730296114413039
DOCUMENTARY,DOCUMENTARY,History,MOVIE,FILM,Drama,0.0,0.0,0,0.0,3469.0,8.151909872940905,403,0.5522222222222222,0.11532627306095325
MOVIE,FILM,Comedy,MOVIE,FILM,Sci-Fi,1.0,1.0,0,0.0,1285.0,7.1592919047975645,6,0.9933333333333333,0.7377376787458686
MOVIE,FILM,Sci-Fi,SERIES,SERIES,Drama,0.0,0.0,0,0.0,3376.0,8.124743020385568,846,0.06000000000000005,0.040623203852943934
SERIES,SERIES,,SERIES,SERIES,Comedy,1.0,1.0,0,0.0,822.0,6.71295620067707,226,0.7488888888888889,0.721259283401819
MOVIE,FILM,Action,SERIES,SERIES,Action,0.0,0.0,2,1.0,914.0,6.818924065275521,722,0.19777777777777783,0.2650023935114065
SERIES,SERIES,Drama,DOCUMENTARY,DOCUMENTARY,History,0.0,0.0,0,0.0,,8.383661798791715,139,0.8455555555555556,0.1416787206987491
DOCUMENTARY,DOCUMENTARY,History,,DOCUMENTARY,Science,1.0,1.0,0,0.0,3141.0,8.052614818815567,248,0.7244444444444444,0.7477413138065313
MOVIE,FILM,Comedy,MOVIE,FILM,Action,1.0,1.0,0,0.0,248.0,5.517452896464707,516,0.42666666666666664,0.7049953203870102
,FILM,Sci-Fi,MOVIE,FILM,Comedy,1.0,1.0,0,0.0,1171.0,7.066466970136958,585,0.35,0.7325154894848048
SERIES,SERIES,Drama,MOVIE,FILM,Drama,0.0,0.0,1,0.5,4177.0,8.33758794211651,476,0.47111111111111115,0.2476474015576069
MOVIE,FILM,Action,MOVIE,FILM,Sci-Fi,1.0,1.0,1,0.5,1978.0,7.590346945602565,824,0.08444444444444443,0.7709309790627596
SERIES,SERIES,,SERIES,SERIES,Drama,1.0,1.0,2,1.0,494.0,6.20455776256869,620,0.3111111111111111,0.9298784929422196
DOCUMENTARY,DOCUMENTARY,History,SERIES,SERIES,Comedy,0.0,0.0,0,0.0,3069.0,8.029432840581244,265,0.7055555555555555,0.08753390305817026
MOVIE,FILM,Comedy,,SERIES,Action,0.0,1.0,0,0.0,53.0,3.9889840465642745,365,0.5944444444444444,0.35787392191261125
MOVIE,FILM,Sci-Fi,,DOCUMENTARY,History,1.0,1.0,1,0.5,,,527,0.4144444444444444,
SERIES,SERIES,Drama,DOCUMENTARY,DOCUMENTARY,Science,1.0,1.0,0,0.0,4322.0,8.371704884667631,525,0.41666666666666663,0.7474763532059377
MOVIE,FILM,,MOVIE,FILM,Action,1.0,1.0,2,1.0,2626.0,7.87359778968554,632,0.2977777777777778,0.9356824902422247
SERIES,SERIES,Drama,MOVIE,FILM,Comedy,0.0,0.0,0,0.0,837.0,6.731018100482083,303,0.6633333333333333,0.08970809549234326
DOCUMENTARY,DOCUMENTARY,History,MOVIE,FILM,Drama,0.0,0.0,0,0.0,349.0,5.857933154483459,647,0.2811111111111111,0.08995492673117333
MOVIE,FILM,Comedy,MOVIE,FILM,Sci-Fi,1.0,1.0,0,0.0,2596.0,7.862112211662748,606,0.32666666666666666,0.6224909253135278
MOVIE,FILM,Sci-Fi,SERIES,SERIES,Drama,0.0,0.0,0,0.0,4299.0,8.366370301681654,519,0.42333333333333334,0.01909412349484866
SERIES,SERIES,Drama,SERIES,SERIES,Comedy,1.0,1.0,0,0.0,846.0,6.741700694652055,657,0.27,0.7008382738550469
,FILM,Action,SERIES,SERIES,Action,0.0,0.0,2,1.0,4582.0,8.430109084509125,489,0.45666666666666667,0.3249478715968949
SERIES,SERIES,,DOCUMENTARY,DOCUMENTARY,History,0.0,0.0,0,0.0,3114.0,8.043984431221553,867,0.036666666666666625,0.04693109759102972
DOCUMENTARY,DOCUMENTARY,History,DOCUMENTARY,DOCUMENTARY,Science,1.0,1.0,0,0.0,2525.0,7.8343923029104365,589,0.3455555555555555,0.6495831938022678
MOVIE,FILM,Comedy,MOVIE,FILM,Action,1.0,1.0,0,0.0,2808.0,7.940583827104244,889,0.012222222222222245,0.6558166945727302
MOVIE,FILM,,MOVIE,FILM,Comedy,1.0,1.0,0,0.0,121.0,4.804021044733257,875,0.02777777777777779,0.704234264733077
SERIES,SERIES,Drama,MOVIE,FILM,Drama,0.0,0.0,1,0.5,1492.0,7.30854279753919,496,0.4488888888888889,0.22209728991627228
MOVIE,FILM,Action,MOVIE,FILM,Sci-Fi,1.0,1.0,1,0.5,,6.1092475827643655,49,0.9455555555555556,0.8667989633887928
SERIES,SERIES,Drama,SERIES,SERIES,Drama,1.0,1.0,2,1.0,,6.3835066348840055,362,0.5977777777777777,0.9349773010741143
DOCUMENTARY,DOCUMENTARY,History,,SERIES,Comedy,0.0,0.0,0,0.0,3797.0,8.242229891372231,713,0.20777777777777773,0.045572725072239216
MOVIE,FILM,Comedy,SERIES,SERIES,Action,1.0,1.0,0,0.0,954.0,6.86171134048073,308,0.6577777777777778,0.6523983359483584
MOVIE,FILM,Sci-Fi,DOCUMENTARY,DOCUMENTARY,History,1.0,1.0,1,0.5,369.0,5.91350300563827,296,0.6711111111111111,0.8411225593193605
SERIES,SERIES,Drama,DOCUMENTARY,DOCUMENTARY,Science,1.0,1.0,0,0.0,3992.0,8.292298107063221,604,0.3288888888888889,0.715108040396959
MOVIE,FILM,Action,MOVIE,FILM,Action,1.0,1.0,2,1.0,3393.0,8.129764445794171,767,0.14777777777777779,0.8636414843884113
SERIES,SERIES,Drama,MOVIE,FILM,Comedy,0.0,0.0,0,0.0,,8.264105763728956,846,0.06000000000000005,0.022886852180701994
DOCUMENTARY,DOCUMENTARY,History,MOVIE,FILM,Drama,0.0,0.0,0,0.0,2078.0,7.639642287858013,346,0.6155555555555556,0.0607855823123663
MOVIE,FILM,Comedy,MOVIE,FILM,Sci-Fi,1.0,1.0,0,0.0,,8.144679183447758,729,0.18999999999999995,0.6462380383043939
MOVIE,FILM,Sci-Fi,SERIES,SERIES,Drama,0.0,0.0,0,0.0,22.0,3.1354942159291497,193,0.7855555555555556,0.09409553420878657
SERIES,SERIES,Drama,SERIES,SERIES,Comedy,1.0,1.0,0,0.0,2538.0,7.839525581704678,590,0.34444444444444444,0.6267547157134779
MOVIE,FILM,Action,SERIES,SERIES,Action,0.0,0.0,2,1.0,458.0,6.129050210060545,29,0.9677777777777777,0.38244611408431434
SERIES,SERIES,Drama,DOCUMENTARY,DOCUMENTARY,History,0.0,0.0,0,0.0,3759.0,8.23217423638394,47,0.9477777777777778,0.15398087092638357
,DOCUMENTARY,History,DOCUMENTARY,DOCUMENTARY,Science,1.0,1.0,0,0.0,1874.0,7.536363938404511,24,0.9733333333333334,0.7432952065295796
MOVIE,FILM,Comedy,MOVIE,FILM,Action,1.0,1.0,0,0.0,,,341,0.6211111111111112,
MOVIE,FILM,Sci-Fi,MOVIE,FILM,Comedy,1.0,1.0,0,0.0,3066.0,8.028455164114252,810,0.09999999999999998,0.6357894641715474
SERIES,SERIES,Drama,MOVIE,FILM,Drama,0.0,0.0,1,0.5,1902.0,7.551186867296149,435,0.5166666666666666,0.24221455521106378
MOVIE,FILM,Action,MOVIE,FILM,Sci-Fi,1.0,1.0,1,0.5,,7.970049304976135,294,0.6733333333333333,0.7594159462669258
SERIES,SERIES,Drama,,SERIES,Drama,0.0,1.0,2,1.0,2520.0,7.83241092718792,30,0.9666666666666667,0.6410516795328075
DOCUMENTARY,DOCUMENTARY,History,SERIES,SERIES,Comedy,0.0,0.0,0,0.0,1698.0,7.4377951216719325,91,0.8988888888888888,0.08754573274230193
MOVIE,FILM,,,SERIES,Action,1.0,1.0,0,0.0,322.0,5.777652323222656,439,0.5122222222222222,0.721037786039646
MOVIE,FILM,Sci-Fi,DOCUMENTARY,DOCUMENTARY,History,1.0,1.0,1,0.5,,5.746203190540153,374,0.5844444444444444,0.8037297067269857
,SERIES,Drama,DOCUMENTARY,DOCUMENTARY,Science,1.0,1.0,0,0.0,2749.0,7.919356190660617,121,0.8655555555555555,0.7538713148027822
MOVIE,FILM,Action,MOVIE,FILM,Action,1.0,1.0,2,1.0,4722.0,8.460199469896118,413,0.5411111111111111,0.9686758102190556
SERIES,SERIES,Drama,MOVIE,FILM,Comedy,0.0,0.0,0,0.0,2578.0,7.8551570058813445,666,0.26,0.1159985841069288
DOCUMENTARY,DOCUMENTARY,History,MOVIE,FILM,Drama,0.0,0.0,0,0.0,971.0,6.879355804460439,255,0.7166666666666667,0.09615332304289641
MOVIE,FILM,Comedy,MOVIE,FILM,Sci-Fi,1.0,1.0,0,0.0,4916.0,8.50045386741194,30,0.9666666666666667,0.7657277927216204
MOVIE,FILM,Sci-Fi,SERIES,SERIES,Drama,0.0,0.0,0,0.0,4933.0,8.503905297089302,243,0.73,0.06624347027990715
SERIES,SERIES,Drama,SERIES,SERIES,Comedy,1.0,1.0,0,0.0,2606.0,7.865955413933502,807,0.10333333333333339,0.7010055420718502
MOVIE,FILM,Action,SERIES,SERIES,Action,0.0,0.0,2,1.0,1128.0,7.029087564149662,474,0.4733333333333334,0.2957584570651909
SERIES,SERIES,Drama,DOCUMENTARY,DOCUMENTARY,History,0.0,0.0,0,0.0,2703.0,7.902487437162855,794,0.11777777777777776,0.03007731924253587
DOCUMENTARY,DOCUMENTARY,History,DOCUMENTARY,DOCUMENTARY,Science,1.0,1.0,0,0.0,3108.0,8.042056410058754,229,0.7455555555555555,0.7296305946436739
MOVIE,FILM,Comedy,MOVIE,FILM,Action,1.0,1.0,0,0.0,4956.0,8.508555998020574,885,0.01666666666666672,0.6125959407421183
MOVIE,FILM,Sci-Fi,MOVIE,FILM,Comedy,1.0,1.0,0,0.0,1094.0,6.9985096422506015,285,0.6833333333333333,0.7263009215000932
SERIES,SERIES,,MOVIE,FILM,Drama,0.0,0.0,1,0.5,293.0,5.683579767338681,618,0.31333333333333335,0.2056176760425889
MOVIE,FILM,Action,,FILM,Sci-Fi,0.0,1.0,1,0.5,927.0,6.833031732786201,437,0.5144444444444445,0.49060148907285744
SERIES,SERIES,Drama,SERIES,SERIES,Drama,1.0,1.0,2,1.0,268.0,5.594711379601839,875,0.02777777777777779,0.8399762347617576
DOCUMENTARY,DOCUMENTARY,History,SERIES,SERIES,Comedy,0.0,0.0,0,0.0,4702.0,8.455955881945048,777,0.13666666666666671,0.04753441397875487
MOVIE,FILM,Comedy,SERIES,SERIES,Action,1.0,1.0,0,0.0,2285.0,7.734558844354756,663,0.2633333333333333,0.7029700175087392
MOVIE,FILM,Sci-Fi,DOCUMENTARY,DOCUMENTARY,History,1.0,1.0,1,0.5,1984.0,7.59337419312129,96,0.8933333333333333,0.806742000101562
SERIES,SERIES,Drama,DOCUMENTARY,DOCUMENTARY,Science,1.0,1.0,0,0.0,368.0,5.910796644040527,307,0.6588888888888889,0.6799161157812044
MOVIE,FILM,Action,MOVIE,FILM,Action,1.0,1.0,2,1.0,1495.0,7.310550158534422,518,0.4244444444444444,0.961232086604821
,SERIES,Drama,MOVIE,FILM,Comedy,0.0,0.0,0,0.0,4843.0,8.485496104672983,411,0.5433333333333333,0.10014951238002073
DOCUMENTARY,DOCUMENTARY,,MOVIE,FILM,Drama,0.0,0.0,0,0.0,,,455,0.49444444444444446,
MOVIE,FILM,Comedy,MOVIE,FILM,Sci-Fi,1.0,1.0,0,0.0,4291.0,8.36450810375059,666,0.26,0.7389604358009243
MOVIE,FILM,Sci-Fi,SERIES,SERIES,Drama,0.0,0.0,0,0.0,4142.0,8.329175442077402,14,0.9844444444444445,0.14951958531997453
SERIES,SERIES,Drama,SERIES,SERIES,Comedy,1.0,1.0,0,0.0,,7.074963197966044,180,0.8,0.7511809211928446
MOVIE,FILM,Action,SERIES,SERIES,Action,0.0,0.0,2,1.0,4874.0,8.491875383431948,730,0.18888888888888888,0.37795292307624734
SERIES,SERIES,Drama,DOCUMENTARY,DOCUMENTARY,History,0.0,0.0,0,0.0,3232.0,8.081165777725433,805,0.10555555555555551,0.0400577111582872
,DOCUMENTARY,History,DOCUMENTARY,DOCUMENTARY,Science,1.0,1.0,0,0.0,3107.0,8.041734711487537,658,0.26888888888888884,0.6586934491425009
MOVIE,FILM,Comedy,MOVIE,FILM,Action,1.0,1.0,0,0.0,4509.0,8.414052432496725,128,0.8577777777777778,0.7560074583140662
MOVIE,FILM,Sci-Fi,MOVIE,FILM,Comedy,1.0,1.0,0,0.0,2078.0,7.639642287858013,829,0.0788888888888889,0.6750125854943692
SERIES,SERIES,Drama,,FILM,Drama,0.0,0.0,1,0.5,2377.0,7.774015077250727,241,0.7322222222222222,0.21197193858495034
MOVIE,FILM,Action,MOVIE,FILM,Sci-Fi,1.0,1.0,1,0.5,2580.0,7.855932199718614,864,0.040000000000000036,0.7479433436343264
SERIES,SERIES,,SERIES,SERIES,Drama,1.0,1.0,2,1.0,3381.0,8.126222529458525,598,0.3355555555555556,0.9989674327936293
DOCUMENTARY,DOCUMENTARY,History,SERIES,SERIES,Comedy,0.0,0.0,0,0.0,476.0,6.1675164908883415,306,0.6599999999999999,0.10321648851558886
MOVIE,FILM,Comedy,SERIES,SERIES,Action,1.0,1.0,0,0.0,3877.0,8.263074835802596,688,0.23555555555555552,0.658311771161505
MOVIE,FILM,,DOCUMENTARY,DOCUMENTARY,History,1.0,1.0,1,0.5,1129.0,7.029972911706386,693,0.22999999999999998,0.8217222331204165
SERIES,SERIES,Drama,DOCUMENTARY,DOCUMENTARY,Science,1.0,1.0,0,0.0,1886.0,7.54274354536855,88,0.9022222222222223,0.7404711723214648
MOVIE,FILM,Action,MOVIE,FILM,Action,1.0,1.0,2,1.0,1719.0,7.450079569807499,736,0.18222222222222217,0.9037472435873873
SERIES,SERIES,Drama,MOVIE,FILM,Comedy,0.0,0.0,0,0.0,4871.0,8.491259809389733,352,0.6088888888888888,0.11549600753250028
DOCUMENTARY,DOCUMENTARY,History,MOVIE,FILM,Drama,0.0,0.0,0,0.0,1768.0,7.478169694159785,749,0.1677777777777778,0.011257619482648355
MOVIE,FILM,Comedy,MOVIE,FILM,Sci-Fi,1.0,1.0,0,0.0,306.0,5.726847747587197,811,0.09888888888888892,0.6659203616623472
,FILM,Sci-Fi,SERIES,SERIES,Drama,0.0,0.0,0,0.0,2688.0,7.896924656268864,682,0.24222222222222223,0.1167083093709253
SERIES,SERIES,,SERIES,SERIES,Comedy,1.0,1.0,0,0.0,3732.0,8.224967478914584,406,0.5488888888888889,0.7254296297722064
MOVIE,FILM,Action,SERIES,SERIES,Action,0.0,0.0,2,1.0,1228.0,7.113956109566034,546,0.3933333333333333,0.29966455292901173
SERIES,SERIES,,DOCUMENTARY,DOCUMENTARY,History,0.0,0.0,0,0.0,1222.0,7.109062135687172,477,0.47,0.06338267330131794
DOCUMENTARY,DOCUMENTARY,History,DOCUMENTARY,DOCUMENTARY,Science,1.0,1.0,0,0.0,3077.0,8.032035314398824,200,0.7777777777777778,0.721165513308086
MOVIE,FILM,Comedy,MOVIE,FILM,Action,1.0,1.0,0,0.0,2218.0,7.704811922932594,833,0.07444444444444442,0.6540691726493782
MOVIE,FILM,Sci-Fi,,FILM,Comedy,0.0,1.0,0,0.0,1375.0,7.226936018493289,789,0.1233333333333333,0.31311885298833314
SERIES,SERIES,Drama,MOVIE,FILM,Drama,0.0,0.0,1,0.5,4683.0,8.451907724717607,211,0.7655555555555555,0.26160893311987077
MOVIE,FILM,Action,MOVIE,FILM,Sci-Fi,1.0,1.0,1,0.5,4488.0,8.409385238781931,217,0.758888888888889,0.801267661298317
SERIES,SERIES,Drama,SERIES,SERIES,Drama,1.0,1.0,2,1.0,,,81,0.91,
DOCUMENTARY,DOCUMENTARY,History,SERIES,SERIES,Comedy,0.0,0.0,0,0.0,4380.0,8.385032287813898,761,0.1544444444444445,0.04132065885822939
MOVIE,FILM,Comedy,SERIES,SERIES,Action,1.0,1.0,0,0.0,4957.0,8.508757712595136,381,0.5766666666666667,0.7267918011823952
MOVIE,FILM,Sci-Fi,DOCUMENTARY,DOCUMENTARY,History,1.0,1.0,1,0.5,4323.0,8.371936178759098,454,0.4955555555555555,0.7929545234884591
SERIES,SERIES,Drama,DOCUMENTARY,DOCUMENTARY,Science,1.0,1.0,0,0.0,3929.0,8.276394704863307,77,0.9144444444444444,0.7880873529159867
MOVIE,FILM,Action,MOVIE,FILM,Action,1.0,1.0,2,1.0,3243.0,8.084562415235304,201,0.7766666666666666,1.0
,SERIES,Drama,MOVIE,FILM,Comedy,0.0,0.0,0,0.0,1994.0,7.598399329323964,373,0.5855555555555556,0.12111393501394206
DOCUMENTARY,DOCUMENTARY,History,MOVIE,FILM,Drama,0.0,0.0,0,0.0,345.0,5.846438775057725,11,0.9877777777777778,0.0793193068375615
MOVIE,FILM,Comedy,MOVIE,FILM,Sci-Fi,1.0,1.0,0,0.0,1945.0,7.57353126274595,428,0.5244444444444445,0.7309782155219636
MOVIE,FILM,Sci-Fi,SERIES,SERIES,Drama,0.0,0.0,0,0.0,,6.860663671448287,118,0.8688888888888888,0.12952638005773032
SERIES,SERIES,Drama,SERIES,SERIES,Comedy,1.0,1.0,0,0.0,1308.0,7.1770187659099,310,0.6555555555555556,0.6692952793234005
MOVIE,FILM,Action,SERIES,SERIES,Action,0.0,0.0,2,1.0,1389.0,7.237059026124737,722,0.19777777777777783,0.2912135630474299
SERIES,SERIES,Drama,DOCUMENTARY,DOCUMENTARY,History,0.0,0.0,0,0.0,2145.0,7.671360923190644,366,0.5933333333333333,0.10436430544073408
DOCUMENTARY,DOCUMENTARY,History,DOCUMENTARY,DOCUMENTARY,Science,1.0,1.0,0,0.0,4181.0,8.338544879988579,103,0.8855555555555555,0.762298013236866
MOVIE,FILM,Comedy,,FILM,Action,0.0,1.0,0,0.0,4116.0,8.322880021769905,97,0.8922222222222222,0.4115306411052208
MOVIE,FILM,Sci-Fi,MOVIE,FILM,Comedy,1.0,1.0,0,0.0,3396.0,8.130647968160584,366,0.5933333333333333,0.7242064890305796
SERIES,SERIES,Drama,MOVIE,FILM,Drama,0.0,0.0,1,0.5,3564.0,8.178919332848396,202,0.7755555555555556,0.2781146499135857
MOVIE,FILM,,MOVIE,FILM,Sci-Fi,1.0,1.0,0,0.0,,7.557994958530806,376,0.5822222222222222,0.7485943282241241
SERIES,SERIES,Drama,SERIES,SERIES,Drama,1.0,1.0,2,1.0,355.0,5.87493073085203,746,0.1711111111111111,0.8172102657458601
DOCUMENTARY,DOCUMENTARY,,SERIES,SERIES,Comedy,0.0,0.0,0,0.0,996.0,6.904750769961838,211,0.7655555555555555,0.09772018011025549
MOVIE,FILM,Comedy,SERIES,SERIES,Action,1.0,1.0,0,0.0,4578.0,8.429235912657095,304,0.6622222222222223,0.7187459621188242
MOVIE,FILM,Sci-Fi,DOCUMENTARY,DOCUMENTARY,History,1.0,1.0,1,0.5,1658.0,7.413970290190444,442,0.508888888888889,0.7712769107745929
SERIES,SERIES,Drama,DOCUMENTARY,DOCUMENTARY,Science,1.0,1.0,0,0.0,1356.0,7.213031659834869,832,0.0755555555555556,0.66243896579068
MOVIE,FILM,Action,MOVIE,FILM,Action,1.0,1.0,2,1.0,2465.0,7.81035268372429,294,0.6733333333333333,0.9995087450999788
SERIES,SERIES,Drama,MOVIE,FILM,Comedy,0.0,0.0,0,0.0,473.0,6.161207321695077,169,0.8122222222222222,0.07600833008648264
DOCUMENTARY,DOCUMENTARY,History,MOVIE,FILM,Drama,0.0,0.0,0,0.0,505.0,6.226536669287466,183,0.7966666666666666,0.11743219113530713
MOVIE,FILM,Comedy,MOVIE,FILM,Sci-Fi,1.0,1.0,0,0.0,4709.0,8.457443187010464,649,0.27888888888888885,0.658002820956709
MOVIE,FILM,Sci-Fi,SERIES,SERIES,Drama,0.0,0.0,0,0.0,2246.0,7.717351272185329,70,0.9222222222222223,0.10636420049932228
SERIES,SERIES,Drama,SERIES,SERIES,Comedy,1.0,1.0,0,0.0,2919.0,7.979338895262328,762,0.15333333333333332,0.7151188707818226
,FILM,Action,SERIES,SERIES,Action,0.0,0.0,2,1.0,,,594,0.33999999999999997,
SERIES,SERIES,Drama,DOCUMENTARY,DOCUMENTARY,History,0.0,0.0,0,0.0,,5.2574953720277815,864,0.040000000000000036,0.04123302076822
DOCUMENTARY,DOCUMENTARY,History,,DOCUMENTARY,Science,0.0,1.0,0,0.0,1545.0,7.343426229147367,197,0.7811111111111111,0.3346120175366032
MOVIE,FILM,Comedy,MOVIE,FILM,Action,1.0,1.0,0,0.0,4636.0,8.441822884391462,502,0.4422222222222222,0.7576109618835863
MOVIE,FILM,Sci-Fi,MOVIE,FILM,Comedy,1.0,1.0,0,0.0,731.0,6.595780513961311,50,0.9444444444444444,0.7618385978956898
SERIES,SERIES,Drama,MOVIE,FILM,Drama,0.0,0.0,1,0.5,2766.0,7.925518979786926,781,0.13222222222222224,0.16297175574176737
MOVIE,FILM,Action,MOVIE,FILM,Sci-Fi,1.0,1.0,1,0.5,,6.756932389247553,622,0.3088888888888889,0.8181860948077638
SERIES,SERIES,Drama,SERIES,SERIES,Drama,1.0,1.0,2,1.0,2158.0,7.677400430514807,69,0.9233333333333333,0.944160530156076
DOCUMENTARY,DOCUMENTARY,History,SERIES,SERIES,Comedy,0.0,0.0,0,0.0,4118.0,8.323365694436081,283,0.6855555555555555,0.14102421422785116
MOVIE,FILM,Comedy,SERIES,SERIES,Action,1.0,1.0,0,0.0,1906.0,7.553286605600419,500,0.4444444444444444,0.6882950638711091
MOVIE,FILM,Sci-Fi,DOCUMENTARY,DOCUMENTARY,History,1.0,1.0,1,0.5,1255.0,7.135687347028144,557,0.38111111111111107,0.8037031916464499
SERIES,SERIES,,DOCUMENTARY,DOCUMENTARY,Science,1.0,1.0,0,0.0,761.0,6.635946555686647,609,0.32333333333333336,0.6670767606874207
MOVIE,FILM,Action,MOVIE,FILM,Action,1.0,1.0,2,1.0,1000.0,6.90875477931522,325,0.6388888888888888,0.937174923603478
SERIES,SERIES,Drama,MOVIE,FILM,Comedy,0.0,0.0,0,0.0,3530.0,8.169336395928386,256,0.7155555555555555,0.12870383566408955
DOCUMENTARY,DOCUMENTARY,History,MOVIE,FILM,Drama,0.0,0.0,0,0.0,4384.0,8.385944904806284,142,0.8422222222222222,0.12917029396893237
MOVIE,FILM,Comedy,MOVIE,FILM,Sci-Fi,1.0,1.0,0,0.0,1632.0,7.398174092970465,728,0.19111111111111112,0.6915443290997378
,FILM,Sci-Fi,SERIES,SERIES,Drama,0.0,0.0,0,0.0,2930.0,7.983098940710892,825,0.08333333333333337,0.04354993238525905
SERIES,SERIES,Drama,SERIES,SERIES,Comedy,1.0,1.0,0,0.0,3204.0,8.07246736935477,398,0.5577777777777777,0.7270514048627812
MOVIE,FILM,Action,SERIES,SERIES,Action,0.0,0.0,2,1.0,,6.81783057145415,340,0.6222222222222222,0.31995822911093397
SERIES,SERIES,Drama,,DOCUMENTARY,History,0.0,0.0,0,0.0,720.0,6.580639137284949,498,0.44666666666666666,0.14080590696355288
DOCUMENTARY,DOCUMENTARY,History,DOCUMENTARY,DOCUMENTARY,Science,1.0,1.0,0,0.0,2827.0,7.947325027016463,826,0.0822222222222222,0.6165057542938249
MOVIE,FILM,,MOVIE,FILM,Action,1.0,1.0,0,0.0,4247.0,8.354203562921775,231,0.7433333333333334,0.7692912466532086
MOVIE,FILM,,MOVIE,FILM,Comedy,1.0,1.0,0,0.0,2852.0,7.9561263512135,37,0.9588888888888889,0.792286673971467
SERIES,SERIES,Drama,MOVIE,FILM,Drama,0.0,0.0,1,0.5,4020.0,8.299285906897275,374,0.5844444444444444,0.1897653954072423
MOVIE,FILM,Action,MOVIE,FILM,Sci-Fi,1.0,1.0,1,0.5,3335.0,8.112527763478637,474,0.4733333333333334,0.8902672205988066
SERIES,SERIES,Drama,SERIES,SERIES,Drama,1.0,1.0,2,1.0,4651.0,8.445052513638554,718,0.2022222222222222,0.9476204974378644
DOCUMENTARY,DOCUMENTARY,History,SERIES,SERIES,Comedy,0.0,0.0,0,0.0,,6.9874902470009905,637,0.29222222222222227,0.08941190463580287
MOVIE,FILM,Comedy,SERIES,SERIES,Action,1.0,1.0,0,0.0,4718.0,8.459352191726387,61,0.9322222222222222,0.751660008685116
MOVIE,FILM,Sci-Fi,DOCUMENTARY,DOCUMENTARY,History,1.0,1.0,1,0.5,786.0,6.668228248417403,40,0.9555555555555556,0.8586753408019616
SERIES,SERIES,Drama,DOCUMENTARY,DOCUMENTARY,Science,1.0,1.0,0,0.0,,,798,0.11333333333333329,
MOVIE,FILM,Action,MOVIE,FILM,Action,1.0,1.0,2,1.0,1288.0,7.161622002939187,257,0.7144444444444444,0.9749897934582041
SERIES,SERIES,Drama,MOVIE,FILM,Comedy,0.0,0.0,0,0.0,674.0,6.51471269087253,529,0.41222222222222227,0.11221208909933925
DOCUMENTARY,DOCUMENTARY,History,MOVIE,FILM,Drama,0.0,0.0,0,0.0,4865.0,8.490027523343468,195,0.7833333333333333,0.12150621552848023
MOVIE,FILM,Comedy,,FILM,Sci-Fi,1.0,1.0,0,0.0,3386.0,8.127699852817772,720,0.19999999999999996,0.6487798017628493
MOVIE,FILM,,SERIES,SERIES,Drama,0.0,0.0,0,0.0,1326.0,7.190676034332207,525,0.41666666666666663,0.09835803869080365
SERIES,SERIES,Drama,SERIES,SERIES,Comedy,1.0,1.0,0,0.0,4519.0,8.416267272826277,579,0.3566666666666667,0.7207068213821828
MOVIE,FILM,Action,,SERIES,Action,0.0,0.0,2,1.0,2842.0,7.952615111651,256,0.7155555555555555,0.3665402974607713
SERIES,SERIES,Drama,DOCUMENTARY,DOCUMENTARY,History,0.0,0.0,0,0.0,4780.0,8.472405008626103,176,0.8044444444444444,0.1404645450118655
DOCUMENTARY,DOCUMENTARY,History,DOCUMENTARY,DOCUMENTARY,Science,1.0,1.0,0,0.0,114.0,4.74493212836325,750,0.16666666666666663,0.6496274099991025
MOVIE,FILM,,MOVIE,FILM,Action,1.0,1.0,0,0.0,244.0,5.501258210544727,221,0.7544444444444445,0.6920248059218371
MOVIE,FILM,Sci-Fi,MOVIE,FILM,Comedy,1.0,1.0,0,0.0,3979.0,8.289037098278483,730,0.18888888888888888,0.6496832508509032
SERIES,SERIES,Drama,MOVIE,FILM,Drama,0.0,0.0,1,0.5,4284.0,8.36287583103188,444,0.5066666666666666,0.15877110623973928
MOVIE,FILM,Action,MOVIE,FILM,Sci-Fi,1.0,1.0,1,0.5,2464.0,7.80994708647679,353,0.6077777777777778,0.8425971120640533
SERIES,SERIES,Drama,SERIES,SERIES,Drama,1.0,1.0,2,1.0,3864.0,8.259716961021523,351,0.61,0.955206389663298
DOCUMENTARY,DOCUMENTARY,History,SERIES,SERIES,Comedy,0.0,0.0,0,0.0,228.0,5.43372200355424,871,0.03222222222222226,0.014172466657683144
MOVIE,FILM,Comedy,SERIES,SERIES,Action,1.0,1.0,0,0.0,3057.0,8.025516386489008,134,0.8511111111111112,0.6521115080984881
MOVIE,FILM,Sci-Fi,,DOCUMENTARY,History,1.0,1.0,1,0.5,2128.0,7.663407664893479,839,0.06777777777777783,0.7434178433087016
SERIES,SERIES,Drama,DOCUMENTARY,DOCUMENTARY,Science,1.0,1.0,0,0.0,3815.0,8.246958032568177,97,0.8922222222222222,0.7795005885757313
MOVIE,FILM,Action,MOVIE,FILM,Action,1.0,1.0,2,1.0,4983.0,8.51398806046729,801,0.10999999999999999,0.8889011669335163
SERIES,SERIES,,MOVIE,FILM,Comedy,0.0,0.0,0,0.0,397.0,5.986452005284438,852,0.053333333333333344,0.0427575370198583
DOCUMENTARY,DOCUMENTARY,History,MOVIE,FILM,Drama,0.0,0.0,0,0.0,2452.0,7.8050670442584895,256,0.7155555555555555,0.06452417951966893
MOVIE,FILM,Comedy,MOVIE,FILM,Sci-Fi,1.0,1.0,0,0.0,1653.0,7.4109518755836366,746,0.1711111111111111,0.7132098394733709
MOVIE,FILM,Sci-Fi,SERIES,SERIES,Drama,0.0,0.0,0,0.0,3513.0,8.164510268747042,446,0.5044444444444445,0.08241032694834657
SERIES,SERIES,Drama,,SERIES,Comedy,0.0,1.0,0,0.0,3640.0,8.200013648175434,604,0.3288888888888889,0.35803460588639696
MOVIE,FILM,Action,SERIES,SERIES,Action,0.0,0.0,2,1.0,2109.0,7.6544432264701125,308,0.6577777777777778,0.4095709192074288
SERIES,SERIES,Drama,DOCUMENTARY,DOCUMENTARY,History,0.0,0.0,0,0.0,2412.0,7.7886260656250315,535,0.40555555555555556,0.12066487442046003
,DOCUMENTARY,History,DOCUMENTARY,DOCUMENTARY,Science,1.0,1.0,0,0.0,3424.0,8.138856750696325,158,0.8244444444444444,0.7294201724755942
,FILM,,MOVIE,FILM,Action,1.0,1.0,0,0.0,3040.0,8.019941687677365,519,0.42333333333333334,0.6801809130657888
MOVIE,FILM,Sci-Fi,MOVIE,FILM,Comedy,1.0,1.0,0,0.0,,,54,0.94,
SERIES,SERIES,Drama,MOVIE,FILM,Drama,0.0,0.0,1,0.5,4581.0,8.42989086301344,393,0.5633333333333334,0.2290964624010225
MOVIE,FILM,Action,MOVIE,FILM,Sci-Fi,1.0,1.0,1,0.5,2898.0,7.972121128921655,359,0.6011111111111112,0.8323860365454592
,SERIES,Drama,SERIES,SERIES,Drama,1.0,1.0,2,1.0,813.0,6.70196036600254,550,0.38888888888888884,0.9168180550543517
DOCUMENTARY,DOCUMENTARY,History,SERIES,SERIES,Comedy,0.0,0.0,0,0.0,,8.318010277546872,507,0.43666666666666665,0.12465103875481293
MOVIE,FILM,Comedy,SERIES,SERIES,Action,1.0,1.0,0,0.0,2985.0,8.001689978099135,385,0.5722222222222222,0.7093589920382167
MOVIE,FILM,Sci-Fi,DOCUMENTARY,DOCUMENTARY,History,1.0,1.0,1,0.5,3450.0,8.146419323098003,391,0.5655555555555556,0.9017495364493331
SERIES,SERIES,Drama,DOCUMENTARY,DOCUMENTARY,Science,1.0,1.0,0,0.0,3901.0,8.269244521183056,379,0.5788888888888889,0.7173633636733789
MOVIE,FILM,Action,MOVIE,FILM,Action,1.0,1.0,2,1.0,1881.0,7.540090320145325,270,0.7,1.0
SERIES,SERIES,Drama,MOVIE,FILM,Comedy,0.0,0.0,0,0.0,423.0,6.049733455231958,784,0.12888888888888894,0.05049617581568307
DOCUMENTARY,DOCUMENTARY,History,MOVIE,FILM,Drama,0.0,0.0,0,0.0,1397.0,7.242797922793756,162,0.8200000000000001,0.14307903018767792
MOVIE,FILM,,MOVIE,FILM,Sci-Fi,1.0,1.0,0,0.0,4532.0,8.41913925094085,116,0.8711111111111112,0.7227911762364277
MOVIE,FILM,Sci-Fi,,SERIES,Drama,0.0,0.0,0,0.0,1438.0,7.271703706887368,645,0.2833333333333333,0.03503923979743262
SERIES,SERIES,Drama,SERIES,SERIES,Comedy,1.0,1.0,0,0.0,1799.0,7.495541943884256,300,0.6666666666666667,0.7337713650677131
MOVIE,FILM,Action,SERIES,SERIES,Action,0.0,0.0,2,1.0,308.0,5.733341276897746,19,0.9788888888888889,0.39302700294906057
SERIES,SERIES,Drama,DOCUMENTARY,DOCUMENTARY,History,0.0,0.0,0,0.0,1296.0,7.167809184316444,38,0.9577777777777777,0.12884240254586476
DOCUMENTARY,DOCUMENTARY,History,DOCUMENTARY,DOCUMENTARY,Science,1.0,1.0,0,0.0,1516.0,7.324489979348532,601,0.3322222222222222,0.647183710966816
MOVIE,FILM,Comedy,MOVIE,FILM,Action,1.0,1.0,0,0.0,4397.0,8.388905171114706,51,0.9433333333333334,0.7108096053273857
MOVIE,FILM,Sci-Fi,MOVIE,FILM,Comedy,1.0,1.0,0,0.0,1652.0,7.410347097821024,256,0.7155555555555555,0.681676339480284
SERIES,SERIES,,MOVIE,FILM,Drama,0.0,0.0,1,0.5,1554.0,7.349230824613334,19,0.9788888888888889,0.19752347361010006
MOVIE,FILM,Action,MOVIE,FILM,Sci-Fi,1.0,1.0,1,0.5,,7.271703706887368,254,0.7177777777777778,0.8473810217029122
SERIES,SERIES,Drama,SERIES,SERIES,Drama,1.0,1.0,2,1.0,1454.0,7.282761179605593,570,0.3666666666666667,0.9627858117828212
DOCUMENTARY,DOCUMENTARY,,SERIES,SERIES,Comedy,0.0,0.0,0,0.0,2560.0,7.848153086199526,702,0.21999999999999997,0.05647820677536474
,FILM,Comedy,SERIES,SERIES,Action,1.0,1.0,0,0.0,4296.0,8.365672383774996,367,0.5922222222222222,0.6485905456521979
MOVIE,FILM,Sci-Fi,DOCUMENTARY,DOCUMENTARY,History,1.0,1.0,1,0.5,2689.0,7.897296472595885,149,0.8344444444444444,0.8528207260681675
SERIES,SERIES,Drama,DOCUMENTARY,DOCUMENTARY,Science,1.0,1.0,0,0.0,4052.0,8.307212626628308,254,0.7177777777777778,0.7238147528860367
MOVIE,FILM,Action,MOVIE,FILM,Action,1.0,1.0,2,1.0,3740.0,8.227108234348146,298,0.6688888888888889,1.0
SERIES,SERIES,Drama,,FILM,Comedy,0.0,0.0,0,0.0,4786.0,8.473659189392508,149,0.8344444444444444,0.07739101456526891
DOCUMENTARY,DOCUMENTARY,History,MOVIE,FILM,Drama,0.0,0.0,0,0.0,855.0,6.752270376141742,887,0.014444444444444482,0.01973420692709854
MOVIE,FILM,Comedy,,FILM,Sci-Fi,0.0,1.0,0,0.0,,,467,0.48111111111111116,
MOVIE,FILM,Sci-Fi,SERIES,SERIES,Drama,0.0,0.0,0,0.0,566.0,6.340359303727752,123,0.8633333333333333,0.1280120582569642
SERIES,SERIES,Drama,,SERIES,Comedy,1.0,1.0,0,0.0,2052.0,7.627057417018934,695,0.22777777777777775,0.6935752029477993
MOVIE,FILM,Action,SERIES,SERIES,Action,0.0,0.0,2,1.0,4339.0,8.375629627094451,540,0.4,0.3206625536755806
SERIES,SERIES,Drama,DOCUMENTARY,DOCUMENTARY,History,0.0,0.0,0,0.0,4299.0,8.366370301681654,200,0.7777777777777778,0.12485995194496974
DOCUMENTARY,DOCUMENTARY,History,DOCUMENTARY,DOCUMENTARY,Science,1.0,1.0,0,0.0,228.0,5.43372200355424,207,0.77,0.7444781614797084
MOVIE,FILM,Comedy,MOVIE,FILM,Action,1.0,1.0,0,0.0,572.0,6.35088571671474,446,0.5044444444444445,0.6743860136186158
MOVIE,FILM,Sci-Fi,MOVIE,FILM,Comedy,1.0,1.0,0,0.0,3294.0,8.100161446936607,207,0.77,0.7593424749091865
SERIES,SERIES,Drama,MOVIE,FILM,Drama,0.0,0.0,1,0.5,130.0,4.875197323201151,170,0.8111111111111111,0.18158856426321673
MOVIE,FILM,,MOVIE,FILM,Sci-Fi,1.0,1.0,1,0.5,2462.0,7.809135398120538,743,0.1744444444444444,0.802002752065482
SERIES,SERIES,,SERIES,SERIES,Drama,1.0,1.0,2,1.0,3049.0,8.022896869601457,39,0.9566666666666667,0.9966862149857075
DOCUMENTARY,DOCUMENTARY,History,SERIES,SERIES,Comedy,0.0,0.0,0,0.0,4880.0,8.493105395887147,472,0.4755555555555555,0.06681389800262408
MOVIE,FILM,Comedy,SERIES,SERIES,Action,1.0,1.0,0,0.0,3219.0,8.077136638538454,270,0.7,0.7252178268004016
MOVIE,FILM,Sci-Fi,DOCUMENTARY,DOCUMENTARY,History,1.0,1.0,1,0.5,3232.0,8.081165777725433,812,0.09777777777777774,0.7670178655432577
SERIES,SERIES,Drama,DOCUMENTARY,DOCUMENTARY,Science,1.0,1.0,0,0.0,1265.0,7.143617602704121,587,0.34777777777777774,0.6543761495394994
MOVIE,FILM,Action,MOVIE,FILM,Action,1.0,1.0,2,1.0,3541.0,8.17244681834278,578,0.35777777777777775,0.9214913213886698
SERIES,SERIES,,MOVIE,FILM,Comedy,0.0,0.0,0,0.0,3635.0,8.19863945529737,235,0.7388888888888889,0.07720762740683847
DOCUMENTARY,DOCUMENTARY,History,,FILM,Drama,0.0,0.0,0,0.0,1328.0,7.192182058713246,582,0.3533333333333334,0.07698251085041188
MOVIE,FILM,Comedy,MOVIE,FILM,Sci-Fi,1.0,1.0,0,0.0,3991.0,8.292047637431354,814,0.0955555555555555,0.6319065357862352
MOVIE,FILM,,SERIES,SERIES,Drama,0.0,0.0,0,0.0,4320.0,8.371242135931933,82,0.9088888888888889,0.14945372018276235
SERIES,SERIES,Drama,SERIES,SERIES,Comedy,1.0,1.0,0,0.0,2564.0,7.84971375760487,762,0.15333333333333332,0.6347765779959349
MOVIE,FILM,Action,SERIES,SERIES,Action,0.0,0.0,2,1.0,2870.0,7.962415680121064,183,0.7966666666666666,0.33806633333310787
SERIES,SERIES,Drama,DOCUMENTARY,DOCUMENTARY,History,0.0,0.0,0,0.0,1151.0,7.049254841255837,845,0.061111111111111116,0.018703030381348358
DOCUMENTARY,DOCUMENTARY,History,DOCUMENTARY,DOCUMENTARY,Science,1.0,1.0,0,0.0,4825.0,8.481773246184977,627,0.30333333333333334,0.7277845051826229
,FILM,Comedy,MOVIE,FILM,Action,1.0,1.0,0,0.0,1815.0,7.504391559161238,368,0.5911111111111111,0.7223726608536589
MOVIE,FILM,Sci-Fi,MOVIE,FILM,Comedy,1.0,1.0,0,0.0,4771.0,8.470520783217808,861,0.043333333333333335,0.6556280782935252
SERIES,SERIES,Drama,MOVIE,FILM,Drama,0.0,0.0,1,0.5,1869.0,7.533693709848633,588,0.3466666666666667,0.20311133305364118
MOVIE,FILM,Action,MOVIE,FILM,Sci-Fi,1.0,1.0,1,0.5,2881.0,7.966239776559467,227,0.7477777777777778,0.7869675174759292
,SERIES,Drama,SERIES,SERIES,Drama,1.0,1.0,2,1.0,4856.0,8.488176242345745,228,0.7466666666666666,0.9710978867211983
DOCUMENTARY,DOCUMENTARY,History,SERIES,SERIES,Comedy,0.0,0.0,0,0.0,,,222,0.7533333333333333,
MOVIE,FILM,Comedy,SERIES,SERIES,Action,1.0,1.0,0,0.0,4750.0,8.46611040118692,575,0.36111111111111116,0.6977086636418
MOVIE,FILM,Sci-Fi,DOCUMENTARY,DOCUMENTARY,History,1.0,1.0,1,0.5,2317.0,7.748460023899697,534,0.4066666666666666,0.8171416618479677
SERIES,SERIES,Drama,DOCUMENTARY,DOCUMENTARY,Science,1.0,1.0,0,0.0,833.0,6.726233402358747,203,0.7744444444444445,0.7437826665108603
MOVIE,FILM,Action,MOVIE,FILM,Action,1.0,1.0,2,1.0,1934.0,7.5678626054638825,692,0.23111111111111116,0.9436142133237143
SERIES,SERIES,Drama,,FILM,Comedy,0.0,0.0,0,0.0,4661.0,8.447199819595703,748,0.16888888888888887,0.0
DOCUMENTARY,DOCUMENTARY,History,MOVIE,FILM,Drama,0.0,0.0,0,0.0,4552.0,8.423541635334782,453,0.4966666666666667,0.03663483503664601
MOVIE,FILM,Comedy,MOVIE,FILM,Sci-Fi,1.0,1.0,0,0.0,1024.0,6.932447891572509,627,0.30333333333333334,0.6874529515840179
MOVIE,FILM,Sci-Fi,SERIES,SERIES,Drama,0.0,0.0,0,0.0,1531.0,7.3343293503005365,534,0.4066666666666666,0.051817389144410426
SERIES,SERIES,Drama,SERIES,SERIES,Comedy,1.0,1.0,0,0.0,4862.0,8.489410810403786,494,0.45111111111111113,0.7422025836906143
MOVIE,FILM,,SERIES,SERIES,Action,0.0,0.0,0,0.0,3807.0,8.244859395911256,503,0.4411111111111111,0.07129969895193777
SERIES,SERIES,Drama,DOCUMENTARY,DOCUMENTARY,History,0.0,0.0,0,0.0,2143.0,7.670428522190693,760,0.15555555555555556,0.0
DOCUMENTARY,DOCUMENTARY,History,DOCUMENTARY,DOCUMENTARY,Science,1.0,1.0,0,0.0,4126.0,8.325306029752582,839,0.06777777777777783,0.6257387204046916
MOVIE,FILM,Comedy,MOVIE,FILM,Action,1.0,1.0,0,0.0,3821.0,8.248529124800218,201,0.7766666666666666,0.6518365155213061
MOVIE,FILM,Sci-Fi,MOVIE,FILM,Comedy,1.0,1.0,0,0.0,1708.0,7.443663683115591,732,0.18666666666666665,0.6647258502509152
SERIES,SERIES,,MOVIE,FILM,Drama,0.0,0.0,1,0.5,4724.0,8.460622839927844,76,0.9155555555555556,0.24350679991508115
MOVIE,FILM,Action,MOVIE,FILM,Sci-Fi,1.0,1.0,1,0.5,1524.0,7.329749689041512,604,0.3288888888888889,0.792731672880061
SERIES,SERIES,Drama,SERIES,SERIES,Drama,1.0,1.0,2,1.0,3653.0,8.203577736937952,704,0.21777777777777774,0.950604494446172
DOCUMENTARY,DOCUMENTARY,History,SERIES,SERIES,Comedy,0.0,0.0,0,0.0,1906.0,7.553286605600419,156,0.8266666666666667,0.15219242445372488
MOVIE,FILM,Comedy,,SERIES,Action,1.0,1.0,0,0.0,1753.0,7.469654172932128,845,0.061111111111111116,0.6541979214012372
MOVIE,FILM,Sci-Fi,DOCUMENTARY,DOCUMENTARY,History,1.0,1.0,1,0.5,,8.402231172946555,792,0.12,0.7253024396332346
SERIES,SERIES,,DOCUMENTARY,DOCUMENTARY,Science,1.0,1.0,0,0.0,2569.0,7.851661177889265,236,0.7377777777777778,0.7471924970942756
MOVIE,FILM,Action,,FILM,Action,0.0,1.0,2,1.0,98.0,4.59511985013459,95,0.8944444444444445,0.6465280061891888
SERIES,SERIES,Drama,MOVIE,FILM,Comedy,0.0,0.0,0,0.0,2661.0,7.8868329989550565,478,0.4688888888888889,0.09122322710006416
DOCUMENTARY,DOCUMENTARY,History,MOVIE,FILM,Drama,0.0,0.0,0,0.0,3507.0,8.162801353492073,95,0.8944444444444445,0.15516795405031936
MOVIE,FILM,Comedy,MOVIE,FILM,Sci-Fi,1.0,1.0,0,0.0,3455.0,8.147867129923947,538,0.40222222222222226,0.6614901221280532
MOVIE,FILM,Sci-Fi,SERIES,SERIES,Drama,0.0,0.0,0,0.0,3497.0,8.159946655578548,33,0.9633333333333334,0.1928624244992366
SERIES,SERIES,Drama,SERIES,SERIES,Comedy,1.0,1.0,0,0.0,1138.0,7.037905963447182,69,0.9233333333333333,0.7148300827988426
MOVIE,FILM,Action,SERIES,SERIES,Action,0.0,0.0,2,1.0,1046.0,6.953684210870537,174,0.8066666666666666,0.3740486176421169
SERIES,SERIES,Drama,,DOCUMENTARY,History,0.0,0.0,0,0.0,,,379,0.5788888888888889,
DOCUMENTARY,DOCUMENTARY,History,DOCUMENTARY,DOCUMENTARY,Science,1.0,1.0,0,0.0,4742.0,8.464425125877582,376,0.5822222222222222,0.6879339488302434
MOVIE,FILM,Comedy,MOVIE,FILM,Action,1.0,1.0,0,0.0,3859.0,8.258422462458876,253,0.7188888888888889,0.7740840481237997
MOVIE,FILM,Sci-Fi,MOVIE,FILM,Comedy,1.0,1.0,0,0.0,4733.0,8.46252579007393,19,0.9788888888888889,0.7476731199325255
SERIES,SERIES,,MOVIE,FILM,Drama,0.0,0.0,0,0.0,1779.0,7.484368643286131,794,0.11777777777777776,0.07023931656858896
MOVIE,FILM,Action,,FILM,Sci-Fi,1.0,1.0,1,0.5,2772.0,7.927685045615778,632,0.2977777777777778,0.8121205951976477
SERIES,SERIES,Drama,SERIES,SERIES,Drama,1.0,1.0,2,1.0,705.0,6.559615237493242,467,0.48111111111111116,0.934116211931076
DOCUMENTARY,DOCUMENTARY,,,SERIES,Comedy,0.0,0.0,0,0.0,2023.0,7.6128310304073565,381,0.5766666666666667,0.13241698099423563
MOVIE,FILM,Comedy,SERIES,SERIES,Action,1.0,1.0,0,0.0,228.0,5.43372200355424,148,0.8355555555555556,0.7206056663873509
MOVIE,FILM,Sci-Fi,DOCUMENTARY,DOCUMENTARY,History,1.0,1.0,1,0.5,1294.0,7.166265974133638,35,0.9611111111111111,0.8145390388803567
SERIES,SERIES,Drama,,DOCUMENTARY,Science,0.0,1.0,0,0.0,2470.0,7.81237820598861,534,0.4066666666666666,0.3312911448236205
MOVIE,FILM,Action,MOVIE,FILM,Action,1.0,1.0,2,1.0,1620.0,7.390798521735676,367,0.5922222222222222,0.9686059675132095
SERIES,SERIES,Drama,MOVIE,FILM,Comedy,0.0,0.0,0,0.0,164.0,5.10594547390058,874,0.028888888888888853,0.03744725307487782
DOCUMENTARY,DOCUMENTARY,History,MOVIE,FILM,Drama,0.0,0.0,0,0.0,106.0,4.672828834461906,784,0.12888888888888894,0.0
MOVIE,FILM,Comedy,MOVIE,FILM,Sci-Fi,1.0,1.0,0,0.0,429.0,6.063785208687608,773,0.14111111111111108,0.6393309920119211
MOVIE,FILM,Sci-Fi,SERIES,SERIES,Drama,0.0,0.0,0,0.0,3052.0,8.023879992734878,445,0.5055555555555555,0.06876560393608762
SERIES,SERIES,Drama,SERIES,SERIES,Comedy,1.0,1.0,0,0.0,,7.667158255319148,511,0.4322222222222222,0.6863343933113252
MOVIE,FILM,Action,SERIES,SERIES,Action,0.0,0.0,2,1.0,534.0,6.282266746896006,97,0.8922222222222222,0.3158660001059357
SERIES,SERIES,Drama,DOCUMENTARY,DOCUMENTARY,History,0.0,0.0,0,0.0,4295.0,8.3654396361887,59,0.9344444444444444,0.1117730429172543
DOCUMENTARY,DOCUMENTARY,History,DOCUMENTARY,DOCUMENTARY,Science,1.0,1.0,0,0.0,2759.0,7.9229859587111955,512,0.4311111111111111,0.6764660674809306
MOVIE,FILM,Comedy,MOVIE,FILM,Action,1.0,1.0,0,0.0,1767.0,7.477604243197589,755,0.1611111111111111,0.6924909055404025
MOVIE,FILM,Sci-Fi,MOVIE,FILM,Comedy,1.0,1.0,0,0.0,3156.0,8.057377488557991,94,0.8955555555555555,0.7696397615010763
SERIES,SERIES,Drama,MOVIE,FILM,Drama,0.0,0.0,1,0.5,3002.0,8.00736706798333,386,0.5711111111111111,0.20832509544837255
MOVIE,FILM,Action,MOVIE,FILM,Sci-Fi,1.0,1.0,1,0.5,3683.0,8.211754397375197,51,0.9433333333333334,0.859068825667768
SERIES,SERIES,Drama,SERIES,SERIES,Drama,1.0,1.0,2,1.0,1077.0,6.982862751468942,96,0.8933333333333333,0.984566008256591
DOCUMENTARY,DOCUMENTARY,History,SERIES,SERIES,Comedy,0.0,0.0,0,0.0,3862.0,8.259199362666282,871,0.03222222222222226,0.015432521721516226
MOVIE,FILM,Comedy,SERIES,SERIES,Action,1.0,1.0,0,0.0,4580.0,8.429672593886743,557,0.38111111111111107,0.6611713601744735
MOVIE,FILM,,,DOCUMENTARY,History,0.0,1.0,0,0.0,151.0,5.0238805208462765,738,0.18000000000000005,0.2921217216026565
SERIES,SERIES,Drama,DOCUMENTARY,DOCUMENTARY,Science,1.0,1.0,0,0.0,2513.0,7.829630389150193,552,0.3866666666666667,0.674420629032635
MOVIE,FILM,Action,MOVIE,FILM,Action,1.0,1.0,2,1.0,,,104,0.8844444444444445,
SERIES,SERIES,Drama,MOVIE,FILM,Comedy,0.0,0.0,0,0.0,4837.0,8.484256691169973,761,0.1544444444444445,0.05801403873264168
DOCUMENTARY,DOCUMENTARY,History,MOVIE,FILM,Drama,0.0,0.0,0,0.0,,7.403061091090091,806,0.10444444444444445,0.06523840839613387
MOVIE,FILM,Comedy,MOVIE,FILM,Sci-Fi,1.0,1.0,0,0.0,2759.0,7.9229859587111955,778,0.13555555555555554,0.6211558774592136
MOVIE,FILM,Sci-Fi,SERIES,SERIES,Drama,0.0,0.0,0,0.0,229.0,5.438079308923196,568,0.36888888888888893,0.06181199159836188
SERIES,SERIES,Drama,SERIES,SERIES,Comedy,1.0,1.0,0,0.0,1419.0,7.258412150595307,483,0.4633333333333334,0.6919948690335448
MOVIE,FILM,Action,SERIES,SERIES,Action,0.0,0.0,2,1.0,800.0,6.68586094706836,890,0.011111111111111072,0.2810713092197412
SERIES,SERIES,,DOCUMENTARY,DOCUMENTARY,History,0.0,0.0,0,0.0,4768.0,8.469891918298224,255,0.7166666666666667,0.10892246770488447
DOCUMENTARY,DOCUMENTARY,History,DOCUMENTARY,DOCUMENTARY,Science,1.0,1.0,0,0.0,2267.0,7.7266536648476425,835,0.07222222222222219,0.6179549267791519
MOVIE,FILM,Comedy,MOVIE,FILM,Action,1.0,1.0,0,0.0,2450.0,7.804251383528112,279,0.69,0.6858138827388545
MOVIE,FILM,Sci-Fi,MOVIE,FILM,Comedy,1.0,1.0,0,0.0,4995.0,8.516392871245468,714,0.20666666666666667,0.679400008917529
SERIES,SERIES,Drama,MOVIE,FILM,Drama,0.0,0.0,1,0.5,2450.0,7.804251383528112,19,0.9788888888888889,0.28343787818582356
MOVIE,FILM,,MOVIE,FILM,Sci-Fi,1.0,1.0,1,0.5,233.0,5.455321115357702,115,0.8722222222222222,0.7850424727147443
SERIES,SERIES,Drama,SERIES,SERIES,Drama,1.0,1.0,2,1.0,353.0,5.869296913133774,605,0.3277777777777777,0.9292353392301976
DOCUMENTARY,DOCUMENTARY,History,SERIES,SERIES,Comedy,0.0,0.0,0,0.0,2294.0,7.738488122494646,53,0.9411111111111111,0.16419305181416105
MOVIE,FILM,Comedy,,SERIES,Action,0.0,1.0,0,0.0,2305.0,7.743269700829004,54,0.94,0.4038237557174981
MOVIE,FILM,Sci-Fi,DOCUMENTARY,DOCUMENTARY,History,1.0,1.0,1,0.5,530.0,6.274762021241939,124,0.8622222222222222,0.8706161283085353
SERIES,SERIES,Drama,DOCUMENTARY,DOCUMENTARY,Science,1.0,1.0,0,0.0,2498.0,7.823645930834952,728,0.19111111111111112,0.6527907983767769
MOVIE,FILM,Action,MOVIE,FILM,Action,1.0,1.0,2,1.0,3171.0,8.06211758275474,458,0.49111111111111116,0.9413617588339371
SERIES,SERIES,Drama,MOVIE,FILM,Comedy,0.0,0.0,0,0.0,136.0,4.919980925828125,452,0.49777777777777776,0.023016954121102683
DOCUMENTARY,DOCUMENTARY,History,MOVIE,FILM,Drama,0.0,0.0,0,0.0,3582.0,8.183955717304954,408,0.5466666666666666,0.0207095039354558
MOVIE,FILM,,MOVIE,FILM,Sci-Fi,1.0,1.0,0,0.0,2006.0,7.604396348796338,617,0.3144444444444444,0.7135247355869643
,FILM,,SERIES,SERIES,Drama,0.0,0.0,0,0.0,3146.0,8.054204897064407,644,0.2844444444444445,0.03469106282188633
SERIES,SERIES,Drama,SERIES,SERIES,Comedy,1.0,1.0,0,0.0,4019.0,8.299037181613066,843,0.06333333333333335,0.6495521076792886
MOVIE,FILM,Action,SERIES,SERIES,Action,0.0,0.0,2,1.0,537.0,6.2878585601617845,733,0.18555555555555558,0.24490832600261322
SERIES,SERIES,Drama,DOCUMENTARY,DOCUMENTARY,History,0.0,0.0,0,0.0,4871.0,8.491259809389733,862,0.04222222222222227,0.0
,DOCUMENTARY,History,DOCUMENTARY,DOCUMENTARY,Science,1.0,1.0,0,0.0,4666.0,8.448271745949816,575,0.36111111111111116,0.6884438545347163
MOVIE,FILM,,MOVIE,FILM,Action,1.0,1.0,0,0.0,885.0,6.786716950605081,451,0.49888888888888894,0.6781647595119532
MOVIE,FILM,Sci-Fi,MOVIE,FILM,Comedy,1.0,1.0,0,0.0,1577.0,7.363913501405819,369,0.5900000000000001,0.7230676343905337
SERIES,SERIES,Drama,MOVIE,FILM,Drama,0.0,0.0,1,0.5,,,899,0.0011111111111110628,
MOVIE,FILM,,MOVIE,FILM,Sci-Fi,1.0,1.0,1,0.5,3319.0,8.107720061910534,205,0.7722222222222223,0.8628820229982295
SERIES,SERIES,Drama,SERIES,SERIES,Drama,1.0,1.0,2,1.0,3114.0,8.043984431221553,128,0.8577777777777778,0.9886868434221714
,DOCUMENTARY,History,,SERIES,Comedy,0.0,0.0,0,0.0,796.0,6.680854678790215,748,0.16888888888888887,0.09391462249813531
MOVIE,FILM,Comedy,SERIES,SERIES,Action,1.0,1.0,0,0.0,1727.0,7.454719949364001,869,0.0344444444444445,0.624548720036938
MOVIE,FILM,Sci-Fi,DOCUMENTARY,DOCUMENTARY,History,1.0,1.0,1,0.5,4673.0,8.449770515098804,633,0.29666666666666663,0.8055731563032404
SERIES,SERIES,Drama,DOCUMENTARY,DOCUMENTARY,Science,1.0,1.0,0,0.0,554.0,6.318968113746434,464,0.48444444444444446,0.7305094417877941
MOVIE,FILM,Action,MOVIE,FILM,Action,1.0,1.0,2,1.0,4752.0,8.46653127661401,292,0.6755555555555556,1.0
SERIES,SERIES,Drama,MOVIE,FILM,Comedy,0.0,0.0,0,0.0,4396.0,8.388677769180811,197,0.7811111111111111,0.0727412139382442
DOCUMENTARY,DOCUMENTARY,History,MOVIE,FILM,Drama,0.0,0.0,0,0.0,3871.0,8.261526448396468,174,0.8066666666666666,0.1080138987431971
MOVIE,FILM,Comedy,MOVIE,FILM,Sci-Fi,1.0,1.0,0,0.0,900.0,6.803505257608338,688,0.23555555555555552,0.7145369895764994
MOVIE,FILM,Sci-Fi,SERIES,SERIES,Drama,0.0,0.0,0,0.0,1328.0,7.192182058713246,894,0.00666666666666671,0.04787429341691972
SERIES,SERIES,Drama,SERIES,SERIES,Comedy,1.0,1.0,0,0.0,4830.0,8.482808764554406,855,0.050000000000000044,0.6685592632313018
MOVIE,FILM,Action,SERIES,SERIES,Action,0.0,0.0,2,1.0,41.0,3.7376696182833684,523,0.41888888888888887,0.29197021305599746
,SERIES,Drama,DOCUMENTARY,DOCUMENTARY,History,0.0,0.0,0,0.0,3233.0,8.081475040137052,393,0.5633333333333334,0.08073697240715455
DOCUMENTARY,DOCUMENTARY,,DOCUMENTARY,DOCUMENTARY,Science,1.0,1.0,0,0.0,,8.448914350662942,44,0.9511111111111111,0.7613084134512118
MOVIE,FILM,Comedy,MOVIE,FILM,Action,1.0,1.0,0,0.0,1635.0,7.400009517162692,523,0.41888888888888887,0.6872065963267443
MOVIE,FILM,Sci-Fi,MOVIE,FILM,Comedy,1.0,1.0,0,0.0,2353.0,7.763871287820222,865,0.03888888888888886,0.6571176248700898
SERIES,SERIES,Drama,MOVIE,FILM,Drama,0.0,0.0,1,0.5,4104.0,8.31996102188653,37,0.9588888888888889,0.2552244546140579
MOVIE,FILM,Action,MOVIE,FILM,Sci-Fi,1.0,1.0,1,0.5,929.0,6.835184586147301,99,0.89,0.8390364523058498
SERIES,SERIES,Drama,,SERIES,Drama,0.0,1.0,2,1.0,136.0,4.919980925828125,166,0.8155555555555556,0.6393860186645681
DOCUMENTARY,DOCUMENTARY,History,SERIES,SERIES,Comedy,0.0,0.0,0,0.0,2271.0,7.7284157798410416,146,0.8377777777777777,0.20555363180731168
MOVIE,FILM,Comedy,SERIES,SERIES,Action,1.0,1.0,0,0.0,1454.0,7.282761179605593,815,0.09444444444444444,0.608502672729576
MOVIE,FILM,,DOCUMENTARY,DOCUMENTARY,History,1.0,1.0,1,0.5,1767.0,7.477604243197589,84,0.9066666666666666,0.8736208390288
SERIES,SERIES,Drama,DOCUMENTARY,DOCUMENTARY,Science,1.0,1.0,0,0.0,639.0,6.461468176353717,57,0.9366666666666666,0.7195786003474495
MOVIE,FILM,Action,MOVIE,FILM,Action,1.0,1.0,2,1.0,462.0,6.137727054086234,658,0.26888888888888884,0.9314897531215163
SERIES,SERIES,Drama,,FILM,Comedy,0.0,0.0,0,0.0,3265.0,8.09132127353041,834,0.07333333333333336,0.04469148541552655
DOCUMENTARY,DOCUMENTARY,History,MOVIE,FILM,Drama,0.0,0.0,0,0.0,82.0,4.418840607796598,211,0.7655555555555555,0.11905049036703658
MOVIE,FILM,Comedy,MOVIE,FILM,Sci-Fi,1.0,1.0,0,0.0,3300.0,8.101980731853192,857,0.04777777777777781,0.6960517783257221
MOVIE,FILM,Sci-Fi,SERIES,SERIES,Drama,0.0,0.0,0,0.0,,,749,0.1677777777777778,
,SERIES,Drama,SERIES,SERIES,Comedy,1.0,1.0,0,0.0,2782.0,7.931284761525891,497,0.44777777777777783,0.7339895009258739
MOVIE,FILM,Action,SERIES,SERIES,Action,0.0,0.0,2,1.0,4868.0,8.4906438561827,778,0.13555555555555554,0.22096281365826276
SERIES,SERIES,Drama,DOCUMENTARY,DOCUMENTARY,History,0.0,0.0,0,0.0,1232.0,7.117205503164344,319,0.6455555555555555,0.14390114895154446
DOCUMENTARY,DOCUMENTARY,History,DOCUMENTARY,DOCUMENTARY,Science,1.0,1.0,0,0.0,1180.0,7.074116816197362,680,0.24444444444444446,0.6871368281843142
MOVIE,FILM,Comedy,MOVIE,FILM,Action,1.0,1.0,0,0.0,354.0,5.872117789475416,682,0.24222222222222223,0.7026558241811353
MOVIE,FILM,Sci-Fi,MOVIE,FILM,Comedy,1.0,1.0,0,0.0,2726.0,7.910957382845589,659,0.2677777777777778,0.6453413160229571
SERIES,SERIES,Drama,MOVIE,FILM,Drama,0.0,0.0,1,0.5,3934.0,8.277666160851503,126,0.86,0.2178665309334022
MOVIE,FILM,Action,,FILM,Sci-Fi,0.0,1.0,1,0.5,533.0,6.280395838960195,696,0.22666666666666668,0.4549576858863886
SERIES,SERIES,,,SERIES,Drama,1.0,1.0,0,0.0,2719.0,7.908387159290043,126,0.86,0.7406372506944986
DOCUMENTARY,DOCUMENTARY,History,SERIES,SERIES,Comedy,0.0,0.0,0,0.0,3543.0,8.173011311724972,278,0.6911111111111111,0.11392766347018844
MOVIE,FILM,Comedy,SERIES,SERIES,Action,1.0,1.0,0,0.0,1401.0,7.2456550675945355,633,0.29666666666666663,0.714405032906097
MOVIE,FILM,Sci-Fi,DOCUMENTARY,DOCUMENTARY,History,1.0,1.0,1,0.5,520.0,6.255750041753367,24,0.9733333333333334,0.8121800573931519
SERIES,SERIES,Drama,DOCUMENTARY,DOCUMENTARY,Science,1.0,1.0,0,0.0,2159.0,7.67786350067821,822,0.08666666666666667,0.6920050765989781
MOVIE,FILM,Action,MOVIE,FILM,Action,1.0,1.0,2,1.0,1579.0,7.365180126021013,796,0.11555555555555552,0.9045381467477202
SERIES,SERIES,Drama,MOVIE,FILM,Comedy,0.0,0.0,0,0.0,3735.0,8.225770799348734,370,0.5888888888888889,0.08933441438559128
DOCUMENTARY,DOCUMENTARY,History,MOVIE,FILM,Drama,0.0,0.0,0,0.0,4027.0,8.301025253838453,550,0.38888888888888884,0.03164887742995752
MOVIE,FILM,Comedy,MOVIE,FILM,Sci-Fi,1.0,1.0,0,0.0,1657.0,7.4133673356952405,127,0.8588888888888889,0.7539286482099515
MOVIE,FILM,Sci-Fi,SERIES,SERIES,Drama,0.0,0.0,0,0.0,1944.0,7.573017256052546,282,0.6866666666666666,0.02990128560708022
SERIES,SERIES,Drama,SERIES,SERIES,Comedy,1.0,1.0,0,0.0,856.0,6.75343791859778,221,0.7544444444444445,0.7449115444198183
MOVIE,FILM,Action,SERIES,SERIES,Action,0.0,0.0,2,1.0,2937.0,7.9854843567338225,73,0.9188888888888889,0.3226167554101828
SERIES,SERIES,,DOCUMENTARY,DOCUMENTARY,History,0.0,0.0,0,0.0,,7.214504414151143,859,0.04555555555555557,0.038223756996973744
DOCUMENTARY,DOCUMENTARY,History,DOCUMENTARY,DOCUMENTARY,Science,1.0,1.0,0,0.0,809.0,6.697034247666484,791,0.12111111111111106,0.658300642647569
MOVIE,FILM,Comedy,MOVIE,FILM,Action,1.0,1.0,0,0.0,2776.0,7.9291264873067995,684,0.24,0.7143267065846246
MOVIE,FILM,Sci-Fi,,FILM,Comedy,1.0,1.0,0,0.0,3100.0,8.03947991910045,305,0.6611111111111111,0.7164824779033632
SERIES,SERIES,Drama,,FILM,Drama,0.0,0.0,1,0.5,3175.0,8.063377822367027,634,0.29555555555555557,0.16456863348726125
MOVIE,FILM,Action,MOVIE,FILM,Sci-Fi,1.0,1.0,1,0.5,3753.0,8.230577217146454,762,0.15333333333333332,0.7767155956415149
SERIES,SERIES,Drama,SERIES,SERIES,Drama,1.0,1.0,2,1.0,412.0,6.023447592961033,575,0.36111111111111116,0.9610684723646891
DOCUMENTARY,DOCUMENTARY,History,SERIES,SERIES,Comedy,0.0,0.0,0,0.0,4820.0,8.480736654405622,90,0.9,0.14378107198389625
MOVIE,FILM,Comedy,SERIES,SERIES,Action,1.0,1.0,0,0.0,,,311,0.6544444444444444,
MOVIE,FILM,Sci-Fi,DOCUMENTARY,DOCUMENTARY,History,1.0,1.0,1,0.5,2474.0,7.813995675002791,310,0.6555555555555556,0.8331910326232994
SERIES,SERIES,,DOCUMENTARY,DOCUMENTARY,Science,1.0,1.0,0,0.0,437.0,6.082218910376446,485,0.46111111111111114,0.6461278824396653
MOVIE,FILM,,MOVIE,FILM,Action,1.0,1.0,0,0.0,1369.0,7.222566018822171,774,0.14,0.6777545194425337
SERIES,SERIES,Drama,MOVIE,FILM,Comedy,0.0,0.0,0,0.0,784.0,6.665683717782408,32,0.9644444444444444,0.07327523418150228
,DOCUMENTARY,History,MOVIE,FILM,Drama,0.0,0.0,0,0.0,4935.0,8.504310565585223,405,0.55,0.11535082982210912
MOVIE,FILM,Comedy,MOVIE,FILM,Sci-Fi,1.0,1.0,0,0.0,1555.0,7.349873704738337,382,0.5755555555555556,0.7140803086846863
MOVIE,FILM,Sci-Fi,SERIES,SERIES,Drama,0.0,0.0,0,0.0,3831.0,8.251142139090751,894,0.00666666666666671,0.10894696349428767
SERIES,SERIES,Drama,SERIES,SERIES,Comedy,1.0,1.0,0,0.0,2022.0,7.612336837167746,522,0.42000000000000004,0.6628285415534609
MOVIE,FILM,Action,,SERIES,Action,0.0,0.0,2,1.0,3830.0,8.25088114470065,641,0.2877777777777778,0.302368497911895
SERIES,SERIES,Drama,DOCUMENTARY,DOCUMENTARY,History,0.0,0.0,0,0.0,1557.0,7.351158226430694,851,0.054444444444444406,0.0920648898118283
DOCUMENTARY,DOCUMENTARY,History,DOCUMENTARY,DOCUMENTARY,Science,1.0,1.0,0,0.0,4572.0,8.427924723658055,320,0.6444444444444444,0.757643576869445
,FILM,Comedy,MOVIE,FILM,Action,1.0,1.0,0,0.0,4598.0,8.433594167539924,407,0.5477777777777777,0.6913740569750029
MOVIE,FILM,Sci-Fi,,FILM,Comedy,0.0,1.0,0,0.0,2159.0,7.67786350067821,819,0.08999999999999997,0.3298428606319955
,SERIES,Drama,MOVIE,FILM,Drama,0.0,0.0,1,0.5,2321.0,7.7501841622578365,230,0.7444444444444445,0.22894968808026522
MOVIE,FILM,Action,MOVIE,FILM,Sci-Fi,1.0,1.0,1,0.5,4403.0,8.390268497842571,107,0.8811111111111111,0.8738598693455696
,SERIES,Drama,SERIES,SERIES,Drama,1.0,1.0,2,1.0,2030.0,7.616283561580385,578,0.35777777777777775,0.9086675138608125
DOCUMENTARY,DOCUMENTARY,History,SERIES,SERIES,Comedy,0.0,0.0,0,0.0,162.0,5.093750200806762,28,0.9688888888888889,0.11684816658923025
MOVIE,FILM,Comedy,SERIES,SERIES,Action,1.0,1.0,0,0.0,561.0,6.331501849893691,186,0.7933333333333333,0.6795317702967818
,FILM,Sci-Fi,DOCUMENTARY,DOCUMENTARY,History,1.0,1.0,1,0.5,2509.0,7.828038032125829,121,0.8655555555555555,0.8654005392543797
SERIES,SERIES,Drama,DOCUMENTARY,DOCUMENTARY,Science,1.0,1.0,0,0.0,202.0,5.313205979041787,628,0.30222222222222217,0.6873370912206186
MOVIE,FILM,Action,MOVIE,FILM,Action,1.0,1.0,2,1.0,4680.0,8.45126704130007,635,0.2944444444444444,0.9201830489153505
SERIES,SERIES,Drama,MOVIE,FILM,Comedy,0.0,0.0,0,0.0,543.0,6.298949246855942,148,0.8355555555555556,0.06309935882403835
,DOCUMENTARY,History,MOVIE,FILM,Drama,0.0,0.0,0,0.0,4989.0,8.515191188745565,282,0.6866666666666666,0.13616791672441306
MOVIE,FILM,Comedy,MOVIE,FILM,Sci-Fi,1.0,1.0,0,0.0,2962.0,7.993957547573565,27,0.97,0.7634644513512222
MOVIE,FILM,Sci-Fi,SERIES,SERIES,Drama,0.0,0.0,0,0.0,1756.0,7.471363088187097,877,0.025555555555555554,0.013981160794246678
SERIES,SERIES,,SERIES,SERIES,Comedy,1.0,1.0,0,0.0,1327.0,7.191429330036379,695,0.22777777777777775,0.666321672506131
MOVIE,FILM,,SERIES,SERIES,Action,0.0,0.0,2,1.0,430.0,6.066108090103747,327,0.6366666666666667,0.2856070649836726
SERIES,SERIES,Drama,DOCUMENTARY,DOCUMENTARY,History,0.0,0.0,0,0.0,4595.0,8.432941638968646,625,0.3055555555555556,0.037272992339856856
DOCUMENTARY,DOCUMENTARY,History,,DOCUMENTARY,Science,1.0,1.0,0,0.0,,,669,0.2566666666666667,
MOVIE,FILM,Comedy,,FILM,Action,0.0,1.0,0,0.0,4941.0,8.505525386548555,207,0.77,0.4316549594197315
,FILM,Sci-Fi,MOVIE,FILM,Comedy,1.0,1.0,0,0.0,2946.0,7.988542982737695,305,0.6611111111111111,0.7024306448633212
SERIES,SERIES,Drama,MOVIE,FILM,Drama,0.0,0.0,1,0.5,3269.0,8.0925452638913,633,0.29666666666666663,0.20483994428604632
MOVIE,FILM,Action,MOVIE,FILM,Sci-Fi,1.0,1.0,1,0.5,1862.0,7.529943370601589,801,0.10999999999999999,0.7683169288946042
SERIES,SERIES,Drama,,SERIES,Drama,1.0,1.0,2,1.0,126.0,4.844187086458591,672,0.2533333333333333,0.9143014805431501
DOCUMENTARY,DOCUMENTARY,History,SERIES,SERIES,Comedy,0.0,0.0,0,0.0,4942.0,8.505727713306959,132,0.8533333333333333,0.11889470255038354
MOVIE,FILM,Comedy,SERIES,SERIES,Action,1.0,1.0,0,0.0,4986.0,8.514589805546123,238,0.7355555555555555,0.7575898749163208
MOVIE,FILM,Sci-Fi,DOCUMENTARY,DOCUMENTARY,History,1.0,1.0,1,0.5,547.0,6.306275286948016,144,0.84,0.8359835500176567
,SERIES,Drama,DOCUMENTARY,DOCUMENTARY,Science,1.0,1.0,0,0.0,1658.0,7.413970290190444,503,0.4411111111111111,0.6498862426785511
MOVIE,FILM,Action,MOVIE,FILM,Action,1.0,1.0,2,1.0,3063.0,8.027476530860483,681,0.2433333333333333,0.8785525358629155
SERIES,SERIES,Drama,MOVIE,FILM,Comedy,0.0,0.0,0,0.0,4187.0,8.339978571990427,676,0.24888888888888894,0.04599913550167473
DOCUMENTARY,DOCUMENTARY,History,MOVIE,FILM,Drama,0.0,0.0,0,0.0,1560.0,7.353081920515432,227,0.7477777777777778,0.06998634274861588
MOVIE,FILM,Comedy,MOVIE,FILM,Sci-Fi,1.0,1.0,0,0.0,4652.0,8.445267451844648,278,0.6911111111111111,0.7389519935896962
MOVIE,FILM,Sci-Fi,SERIES,SERIES,Drama,0.0,0.0,0,0.0,565.0,6.338594078203183,852,0.053333333333333344,0.01953181762404959
SERIES,SERIES,,SERIES,SERIES,Comedy,1.0,1.0,0,0.0,2784.0,7.932003152361385,576,0.36,0.7624915438446214
MOVIE,FILM,Action,SERIES,SERIES,Action,0.0,0.0,2,1.0,3923.0,8.274866820685254,454,0.4955555555555555,0.27420130357115385
SERIES,SERIES,Drama,DOCUMENTARY,DOCUMENTARY,History,0.0,0.0,0,0.0,1320.0,7.186144304522325,871,0.03222222222222226,0.041269636714726596
DOCUMENTARY,DOCUMENTARY,History,,DOCUMENTARY,Science,0.0,1.0,0,0.0,3056.0,8.025189321890835,532,0.40888888888888886,0.3227178062810114
MOVIE,FILM,Comedy,MOVIE,FILM,Action,1.0,1.0,0,0.0,3345.0,8.11552088154677,172,0.8088888888888889,0.7221558303731721
MOVIE,FILM,,MOVIE,FILM,Comedy,1.0,1.0,0,0.0,77.0,4.356708826689592,298,0.6688888888888889,0.710494623429948
,SERIES,Drama,,FILM,Drama,0.0,0.0,1,0.5,3070.0,8.029758520440822,868,0.03555555555555556,0.08948222995573062
MOVIE,FILM,Action,MOVIE,FILM,Sci-Fi,1.0,1.0,1,0.5,3011.0,8.010359588919783,503,0.4411111111111111,0.8268174927877289
SERIES,SERIES,Drama,SERIES,SERIES,Drama,1.0,1.0,2,1.0,,8.36264243156764,442,0.508888888888889,1.0
DOCUMENTARY,DOCUMENTARY,History,SERIES,SERIES,Comedy,0.0,0.0,0,0.0,,7.599901959208498,348,0.6133333333333333,0.0815075264232022
MOVIE,FILM,Comedy,SERIES,SERIES,Action,1.0,1.0,0,0.0,4294.0,8.365206834418355,590,0.34444444444444444,0.6994173771904693
MOVIE,FILM,Sci-Fi,DOCUMENTARY,DOCUMENTARY,History,1.0,1.0,1,0.5,2073.0,7.637234388789473,63,0.9299999999999999,0.8976909147439375
SERIES,SERIES,Drama,DOCUMENTARY,DOCUMENTARY,Science,1.0,1.0,0,0.0,267.0,5.5909869805108565,596,0.33777777777777773,0.6737080038014607
MOVIE,FILM,Action,MOVIE,FILM,Action,1.0,1.0,2,1.0,4605.0,8.43511508038063,288,0.6799999999999999,0.9480605947013028
SERIES,SERIES,Drama,MOVIE,FILM,Comedy,0.0,0.0,0,0.0,,,834,0.07333333333333336,
DOCUMENTARY,DOCUMENTARY,History,MOVIE,FILM,Drama,0.0,0.0,0,0.0,,7.271008538280992,113,0.8744444444444445,0.13898975952976472
MOVIE,FILM,Comedy,MOVIE,FILM,Sci-Fi,1.0,1.0,0,0.0,3880.0,8.263848131368906,877,0.025555555555555554,0.6558887171808839
MOVIE,FILM,Sci-Fi,SERIES,SERIES,Drama,0.0,0.0,0,0.0,3427.0,8.13973227971767,223,0.7522222222222222,0.08101829459043369
SERIES,SERIES,Drama,,SERIES,Comedy,1.0,1.0,0,0.0,2628.0,7.874358824729881,39,0.9566666666666667,0.7544617183071304
MOVIE,FILM,Action,SERIES,SERIES,Action,0.0,0.0,2,1.0,2449.0,7.803843303538772,5,0.9944444444444445,0.35661778175598685
SERIES,SERIES,Drama,,DOCUMENTARY,History,0.0,0.0,0,0.0,1642.0,7.404279118037268,773,0.14111111111111108,0.031166234368922085
DOCUMENTARY,DOCUMENTARY,History,DOCUMENTARY,DOCUMENTARY,Science,1.0,1.0,0,0.0,1505.0,7.317212408359839,414,0.54,0.7247096787204163
MOVIE,FILM,Comedy,,FILM,Action,1.0,1.0,0,0.0,2176.0,7.685703061234547,542,0.3977777777777778,0.653784985710216
MOVIE,FILM,Sci-Fi,MOVIE,FILM,Comedy,1.0,1.0,0,0.0,4942.0,8.505727713306959,845,0.061111111111111116,0.6953338039746881
SERIES,SERIES,Drama,,FILM,Drama,0.0,0.0,1,0.5,3466.0,8.151044945685024,576,0.36,0.15029628153171465
MOVIE,FILM,Action,MOVIE,FILM,Sci-Fi,1.0,1.0,1,0.5,2566.0,7.8504931808711405,436,0.5155555555555555,0.8065655941087695
SERIES,SERIES,Drama,,SERIES,Drama,1.0,1.0,2,1.0,1416.0,7.256297239690681,83,0.9077777777777778,1.0
DOCUMENTARY,DOCUMENTARY,History,SERIES,SERIES,Comedy,0.0,0.0,0,0.0,1395.0,7.241366283322318,673,0.25222222222222224,0.09122671521959408
MOVIE,FILM,,SERIES,SERIES,Action,1.0,1.0,0,0.0,4236.0,8.351610750626559,786,0.1266666666666667,0.6727130564443147
MOVIE,FILM,Sci-Fi,DOCUMENTARY,DOCUMENTARY,History,1.0,1.0,1,0.5,1543.0,7.342131730584722,219,0.7566666666666666,0.8200824567820069
SERIES,SERIES,Drama,DOCUMENTARY,DOCUMENTARY,Science,1.0,1.0,0,0.0,,7.4949862339505335,790,0.12222222222222223,0.6496551029498946
MOVIE,FILM,,MOVIE,FILM,Action,1.0,1.0,2,1.0,2378.0,7.774435510302958,78,0.9133333333333333,0.988084639483362
SERIES,SERIES,Drama,MOVIE,FILM,Comedy,0.0,0.0,0,0.0,3517.0,8.165647925297504,134,0.8511111111111112,0.12252857663817687
DOCUMENTARY,DOCUMENTARY,History,MOVIE,FILM,Drama,0.0,0.0,0,0.0,4843.0,8.485496104672983,530,0.4111111111111111,0.07609829924310105
MOVIE,FILM,Comedy,MOVIE,FILM,Sci-Fi,1.0,1.0,0,0.0,2111.0,7.655390644826152,187,0.7922222222222222,0.7323212052211463
MOVIE,FILM,Sci-Fi,SERIES,SERIES,Drama,0.0,0.0,0,0.0,3807.0,8.244859395911256,402,0.5533333333333333,0.08554589957956328
SERIES,SERIES,Drama,SERIES,SERIES,Comedy,1.0,1.0,0,0.0,4328.0,8.37309184744198,141,0.8433333333333333,0.6982877128083197
MOVIE,FILM,Action,,SERIES,Action,0.0,0.0,2,1.0,34.0,3.5553480614894135,442,0.508888888888889,0.29119511356401684
SERIES,SERIES,Drama,DOCUMENTARY,DOCUMENTARY,History,0.0,0.0,0,0.0,3836.0,8.252446090246952,693,0.22999999999999998,0.08711625979848074
DOCUMENTARY,DOCUMENTARY,History,DOCUMENTARY,DOCUMENTARY,Science,1.0,1.0,0,0.0,674.0,6.51471269087253,137,0.8477777777777777,0.6926820274773445
MOVIE,FILM,Comedy,,FILM,Action,1.0,1.0,0,0.0,1526.0,7.3310603052186325,291,0.6766666666666667,0.7145624915659046
MOVIE,FILM,Sci-Fi,MOVIE,FILM,Comedy,1.0,1.0,0,0.0,4180.0,8.338305731356565,408,0.5466666666666666,0.6871331853873485
SERIES,SERIES,Drama,MOVIE,FILM,Drama,0.0,0.0,1,0.5,1591.0,7.3727463664043285,367,0.5922222222222222,0.21533049673262925
MOVIE,FILM,Action,MOVIE,FILM,Sci-Fi,1.0,1.0,1,0.5,,,218,0.7577777777777778,
SERIES,SERIES,Drama,SERIES,SERIES,Drama,1.0,1.0,2,1.0,,8.398634855292102,795,0.1166666666666667,0.9533157426394273
DOCUMENTARY,DOCUMENTARY,History,SERIES,SERIES,Comedy,0.0,0.0,0,0.0,2956.0,7.9919305198524775,606,0.32666666666666666,0.08338385249171863
MOVIE,FILM,,SERIES,SERIES,Action,1.0,1.0,0,0.0,1148.0,7.046647277848756,583,0.3522222222222222,0.6471865595949006
MOVIE,FILM,Sci-Fi,DOCUMENTARY,DOCUMENTARY,History,1.0,1.0,1,0.5,1459.0,7.286191714702382,224,0.7511111111111111,0.8676310257470883
SERIES,SERIES,Drama,DOCUMENTARY,DOCUMENTARY,Science,1.0,1.0,0,0.0,928.0,6.834108738813838,91,0.8988888888888888,0.7170231498179775
MOVIE,FILM,Action,MOVIE,FILM,Action,1.0,1.0,2,1.0,4032.0,8.302265794873367,336,0.6266666666666667,0.9422557346136669
SERIES,SERIES,Drama,MOVIE,FILM,Comedy,0.0,0.0,0,0.0,2174.0,7.684783943522785,97,0.8922222222222222,0.1327913881299816
,DOCUMENTARY,,MOVIE,FILM,Drama,0.0,0.0,0,0.0,4295.0,8.3654396361887,671,0.2544444444444445,0.04787175356893464
MOVIE,FILM,Comedy,,FILM,Sci-Fi,1.0,1.0,0,0.0,1751.0,7.468513271496337,799,0.11222222222222222,0.6912012890296725
MOVIE,FILM,Sci-Fi,SERIES,SERIES,Drama,0.0,0.0,0,0.0,1660.0,7.415175109613295,468,0.48,0.05772103197510167
SERIES,SERIES,Drama,,SERIES,Comedy,0.0,1.0,0,0.0,3854.0,8.25712628599743,786,0.1266666666666667,0.31079660913780327
MOVIE,FILM,Action,SERIES,SERIES,Action,0.0,0.0,2,1.0,1045.0,6.952728644624869,227,0.7477777777777778,0.32598766716966726
SERIES,SERIES,Drama,DOCUMENTARY,DOCUMENTARY,History,0.0,0.0,0,0.0,,8.000349495324684,391,0.5655555555555556,0.0751435019730141
DOCUMENTARY,DOCUMENTARY,History,DOCUMENTARY,DOCUMENTARY,Science,1.0,1.0,0,0.0,1821.0,7.507690077819904,180,0.8,0.766343258123412
MOVIE,FILM,Comedy,MOVIE,FILM,Action,1.0,1.0,0,0.0,1888.0,7.543802867501509,186,0.7933333333333333,0.7517252348860938
MOVIE,FILM,Sci-Fi,MOVIE,FILM,Comedy,1.0,1.0,0,0.0,2088.0,7.644440761556566,450,0.5,0.7552736108939471
SERIES,SERIES,Drama,MOVIE,FILM,Drama,0.0,0.0,1,0.5,1884.0,7.541683099882111,354,0.6066666666666667,0.2822145843386759
MOVIE,FILM,Action,MOVIE,FILM,Sci-Fi,1.0,1.0,1,0.5,746.0,6.616065185132817,588,0.3466666666666667,0.7731498898648423
SERIES,SERIES,Drama,SERIES,SERIES,Drama,1.0,1.0,2,1.0,2423.0,7.793174347189205,149,0.8344444444444444,0.9801933486962152
DOCUMENTARY,DOCUMENTARY,History,SERIES,SERIES,Comedy,0.0,0.0,0,0.0,1431.0,7.266827347520591,338,0.6244444444444445,0.05945544537856632
MOVIE,FILM,Comedy,SERIES,SERIES,Action,1.0,1.0,0,0.0,,8.224699561967235,126,0.86,0.719226042442962
MOVIE,FILM,Sci-Fi,DOCUMENTARY,DOCUMENTARY,History,1.0,1.0,1,0.5,4408.0,8.391403185357937,14,0.9844444444444445,0.856837094405032
SERIES,SERIES,Drama,,DOCUMENTARY,Science,1.0,1.0,0,0.0,1666.0,7.418780882750794,800,0.11111111111111116,0.6323688243658554
MOVIE,FILM,Action,MOVIE,FILM,Action,1.0,1.0,2,1.0,4273.0,8.360305435879093,100,0.8888888888888888,0.9544891837502881
SERIES,SERIES,,MOVIE,FILM,Comedy,0.0,0.0,0,0.0,2050.0,7.62608275807238,664,0.26222222222222225,0.055787392013602936
,DOCUMENTARY,History,MOVIE,FILM,Drama,0.0,0.0,0,0.0,,7.794823152179389,859,0.04555555555555557,0.0026976614580939626
MOVIE,FILM,Comedy,MOVIE,FILM,Sci-Fi,1.0,1.0,0,0.0,2629.0,7.874739125171811,225,0.75,0.7552626493304482
MOVIE,FILM,Sci-Fi,,SERIES,Drama,0.0,0.0,0,0.0,2427.0,7.794823152179389,255,0.7166666666666667,0.07877771899827186
SERIES,SERIES,Drama,SERIES,SERIES,Comedy,1.0,1.0,0,0.0,,,445,0.5055555555555555,
MOVIE,FILM,Action,SERIES,SERIES,Action,0.0,0.0,2,1.0,1753.0,7.469654172932128,607,0.3255555555555556,0.2922124850174332
SERIES,SERIES,,DOCUMENTARY,DOCUMENTARY,History,0.0,0.0,0,0.0,661.0,6.495265555937008,810,0.09999999999999998,0.04102837617278716
DOCUMENTARY,DOCUMENTARY,History,DOCUMENTARY,DOCUMENTARY,Science,1.0,1.0,0,0.0,4120.0,8.323851131338817,627,0.30333333333333334,0.6484679917164138
MOVIE,FILM,,MOVIE,FILM,Action,1.0,1.0,0,0.0,2544.0,7.841885928984623,714,0.20666666666666667,0.7267022457615387
MOVIE,FILM,Sci-Fi,MOVIE,FILM,Comedy,1.0,1.0,0,0.0,2907.0,7.97522083865341,140,0.8444444444444444,0.7734748908181027
SERIES,SERIES,Drama,MOVIE,FILM,Drama,0.0,0.0,1,0.5,90.0,4.51085950651685,487,0.4588888888888889,0.19484462948438047
MOVIE,FILM,Action,MOVIE,FILM,Sci-Fi,1.0,1.0,1,0.5,2500.0,7.824445930877619,186,0.7933333333333333,0.8137045721182915
SERIES,SERIES,Drama,SERIES,SERIES,Drama,1.0,1.0,2,1.0,,5.288267030694535,51,0.9433333333333334,0.9841567486903811
DOCUMENTARY,DOCUMENTARY,History,SERIES,SERIES,Comedy,0.0,0.0,0,0.0,4944.0,8.506132244056813,386,0.5711111111111111,0.06127321192640152
,FILM,Comedy,SERIES,SERIES,Action,1.0,1.0,0,0.0,2346.0,7.760893195851024,386,0.5711111111111111,0.7554746276635389
MOVIE,FILM,Sci-Fi,DOCUMENTARY,DOCUMENTARY,History,1.0,1.0,1,0.5,4517.0,8.415824697027949,626,0.3044444444444444,0.8321239517201638
SERIES,SERIES,Drama,DOCUMENTARY,DOCUMENTARY,Science,1.0,1.0,0,0.0,4410.0,8.39185670010494,557,0.38111111111111107,0.6982714231550986
MOVIE,FILM,Action,MOVIE,FILM,Action,1.0,1.0,2,1.0,73.0,4.30406509320417,666,0.26,0.832037908294599
SERIES,SERIES,Drama,MOVIE,FILM,Comedy,0.0,0.0,0,0.0,137.0,4.927253685157205,124,0.8622222222222222,0.07861864812981666
DOCUMENTARY,DOCUMENTARY,,,FILM,Drama,0.0,0.0,0,0.0,4849.0,8.48673398393153,406,0.5488888888888889,0.11324054054324742
MOVIE,FILM,Comedy,,FILM,Sci-Fi,0.0,1.0,0,0.0,4508.0,8.413830678421084,817,0.0922222222222222,0.3630035359891218
MOVIE,FILM,Sci-Fi,SERIES,SERIES,Drama,0.0,0.0,0,0.0,898.0,6.80128303447162,71,0.9211111111111111,0.1556141300535267
SERIES,SERIES,Drama,SERIES,SERIES,Comedy,1.0,1.0,0,0.0,3484.0,8.156223323194624,643,0.28555555555555556,0.6370450469247326
MOVIE,FILM,Action,SERIES,SERIES,Action,0.0,0.0,2,1.0,4043.0,8.304989580140361,438,0.5133333333333333,0.3372909673383443
SERIES,SERIES,Drama,,DOCUMENTARY,History,0.0,0.0,0,0.0,1995.0,7.59890045687141,738,0.18000000000000005,0.08223834741391638
DOCUMENTARY,DOCUMENTARY,History,DOCUMENTARY,DOCUMENTARY,Science,1.0,1.0,0,0.0,2811.0,7.941651252930556,327,0.6366666666666667,0.6692128274900019
MOVIE,FILM,Comedy,MOVIE,FILM,Action,1.0,1.0,0,0.0,1607.0,7.382746449738912,173,0.8077777777777778,0.733352848759865
MOVIE,FILM,Sci-Fi,MOVIE,FILM,Comedy,1.0,1.0,0,0.0,3388.0,8.128290171607052,653,0.2744444444444445,0.6917854504897296
SERIES,SERIES,Drama,MOVIE,FILM,Drama,0.0,0.0,1,0.5,3478.0,8.154500175151941,51,0.9433333333333334,0.2415526187886066
MOVIE,FILM,,MOVIE,FILM,Sci-Fi,1.0,1.0,0,0.0,2499.0,7.824046010856292,32,0.9644444444444444,0.6956531266084365
SERIES,SERIES,Drama,SERIES,SERIES,Drama,1.0,1.0,2,1.0,,6.214608098422191,724,0.1955555555555556,0.8974050926907757
DOCUMENTARY,DOCUMENTARY,History,SERIES,SERIES,Comedy,0.0,0.0,0,0.0,4580.0,8.429672593886743,46,0.9488888888888889,0.12253493750962369
MOVIE,FILM,Comedy,SERIES,SERIES,Action,1.0,1.0,0,0.0,349.0,5.857933154483459,459,0.49,0.6905930863279385
MOVIE,FILM,Sci-Fi,DOCUMENTARY,DOCUMENTARY,History,1.0,1.0,1,0.5,,,734,0.1844444444444444,
SERIES,SERIES,Drama,DOCUMENTARY,DOCUMENTARY,Science,1.0,1.0,0,0.0,4581.0,8.42989086301344,460,0.48888888888888893,0.6930647059050381
MOVIE,FILM,Action,,FILM,Action,1.0,1.0,2,1.0,431.0,6.068425588244111,679,0.24555555555555553,0.9103351474773423
SERIES,SERIES,Drama,,FILM,Comedy,0.0,0.0,0,0.0,4392.0,8.38776764397578,269,0.7011111111111111,0.12066371656676145
DOCUMENTARY,DOCUMENTARY,History,,FILM,Drama,0.0,0.0,0,0.0,422.0,6.0473721790462776,386,0.5711111111111111,0.07485551791006123
MOVIE,FILM,Comedy,MOVIE,FILM,Sci-Fi,1.0,1.0,0,0.0,4729.0,8.46168048148598,605,0.3277777777777777,0.6780957787333423
MOVIE,FILM,Sci-Fi,SERIES,SERIES,Drama,0.0,0.0,0,0.0,391.0,5.971261839790462,696,0.22666666666666668,0.05197622932448024
SERIES,SERIES,Drama,,SERIES,Comedy,1.0,1.0,0,0.0,,7.766840537085513,301,0.6655555555555556,0.663447369054636
MOVIE,FILM,Action,SERIES,SERIES,Action,0.0,0.0,2,1.0,1462.0,7.288244401020124,413,0.5411111111111111,0.3408143622657721
SERIES,SERIES,Drama,DOCUMENTARY,DOCUMENTARY,History,0.0,0.0,0,0.0,3162.0,8.059276223305648,418,0.5355555555555556,0.08935766807878077
,DOCUMENTARY,History,DOCUMENTARY,DOCUMENTARY,Science,1.0,1.0,0,0.0,3791.0,8.240648863374913,310,0.6555555555555556,0.7233714674129266
MOVIE,FILM,Comedy,MOVIE,FILM,Action,1.0,1.0,0,0.0,3581.0,8.183676582620658,139,0.8455555555555556,0.7697494807061481
MOVIE,FILM,,MOVIE,FILM,Comedy,1.0,1.0,0,0.0,2783.0,7.931644021454311,603,0.32999999999999996,0.6296672853050164
SERIES,SERIES,,MOVIE,FILM,Drama,0.0,0.0,1,0.5,1271.0,7.148345743900068,824,0.08444444444444443,0.1009998538771203
MOVIE,FILM,Action,MOVIE,FILM,Sci-Fi,1.0,1.0,1,0.5,1946.0,7.5740450053721995,794,0.11777777777777776,0.7936543153835821
SERIES,SERIES,Drama,SERIES,SERIES,Drama,1.0,1.0,2,1.0,3995.0,8.293049139768444,678,0.2466666666666667,0.9213111571895599
DOCUMENTARY,DOCUMENTARY,History,SERIES,SERIES,Comedy,0.0,0.0,0,0.0,829.0,6.721425700790643,387,0.5700000000000001,0.09197831141038305
MOVIE,FILM,Comedy,SERIES,SERIES,Action,1.0,1.0,0,0.0,522.0,6.259581464064923,415,0.5388888888888889,0.6878454386962264
MOVIE,FILM,Sci-Fi,,DOCUMENTARY,History,1.0,1.0,1,0.5,2937.0,7.9854843567338225,530,0.4111111111111111,0.8365327629237927
SERIES,SERIES,,DOCUMENTARY,DOCUMENTARY,Science,1.0,1.0,0,0.0,3826.0,8.249836485425702,323,0.6411111111111112,0.7487562163360701
MOVIE,FILM,Action,MOVIE,FILM,Action,1.0,1.0,2,1.0,2678.0,7.893198869544609,652,0.27555555555555555,0.9371559082387442
SERIES,SERIES,Drama,,FILM,Comedy,0.0,0.0,0,0.0,3748.0,8.229244416735913,361,0.5988888888888889,0.08863845476668879
DOCUMENTARY,DOCUMENTARY,History,MOVIE,FILM,Drama,0.0,0.0,0,0.0,,6.7357800142423265,648,0.28,0.0
MOVIE,FILM,Comedy,MOVIE,FILM,Sci-Fi,1.0,1.0,0,0.0,4137.0,8.327967858305488,26,0.9711111111111111,0.7772013878335828
MOVIE,FILM,Sci-Fi,SERIES,SERIES,Drama,0.0,0.0,0,0.0,,7.916807490937603,462,0.4866666666666667,0.12050433772402824
SERIES,SERIES,,SERIES,SERIES,Comedy,1.0,1.0,0,0.0,1031.0,6.939253946041508,133,0.8522222222222222,0.7554001032308151
MOVIE,FILM,Action,SERIES,SERIES,Action,0.0,0.0,2,1.0,3061.0,8.026823576217629,411,0.5433333333333333,0.30361883196216427
SERIES,SERIES,Drama,DOCUMENTARY,DOCUMENTARY,History,0.0,0.0,0,0.0,2127.0,7.662937850461535,243,0.73,0.12727133336763954
DOCUMENTARY,DOCUMENTARY,History,DOCUMENTARY,DOCUMENTARY,Science,1.0,1.0,0,0.0,1868.0,7.533158807455563,36,0.96,0.775296597049757
MOVIE,FILM,,MOVIE,FILM,Action,1.0,1.0,0,0.0,,,835,0.07222222222222219,
MOVIE,FILM,Sci-Fi,MOVIE,FILM,Comedy,1.0,1.0,0,0.0,2130.0,7.664346632098617,504,0.43999999999999995,0.6717804650824887
SERIES,SERIES,Drama,MOVIE,FILM,Drama,0.0,0.0,1,0.5,554.0,6.318968113746434,784,0.12888888888888894,0.1541795540803267
MOVIE,FILM,Action,MOVIE,FILM,Sci-Fi,1.0,1.0,1,0.5,2511.0,7.828834527588089,884,0.01777777777777778,0.7989907594346952
SERIES,SERIES,Drama,SERIES,SERIES,Drama,1.0,1.0,2,1.0,4518.0,8.41604600941128,259,0.7122222222222222,0.9703491732960838
DOCUMENTARY,DOCUMENTARY,History,SERIES,SERIES,Comedy,0.0,0.0,0,0.0,944.0,6.851184927493743,672,0.2533333333333333,0.02226321606065617
MOVIE,FILM,Comedy,SERIES,SERIES,Action,1.0,1.0,0,0.0,2479.0,7.8160138391590275,162,0.8200000000000001,0.7491763278359526
,FILM,Sci-Fi,DOCUMENTARY,DOCUMENTARY,History,1.0,1.0,1,0.5,3248.0,8.0861025356691,788,0.12444444444444447,0.8057425269507622
SERIES,SERIES,Drama,DOCUMENTARY,DOCUMENTARY,Science,1.0,1.0,0,0.0,1911.0,7.555905093611346,451,0.49888888888888894,0.7061095761948695
MOVIE,FILM,Action,,FILM,Action,0.0,1.0,2,1.0,3459.0,8.14902386805177,88,0.9022222222222223,0.6530276538956283
SERIES,SERIES,Drama,,FILM,Comedy,0.0,0.0,0,0.0,253.0,5.537334267018537,111,0.8766666666666667,0.10451586413617715
DOCUMENTARY,DOCUMENTARY,History,MOVIE,FILM,Drama,0.0,0.0,0,0.0,2679.0,7.893572073504902,553,0.38555555555555554,0.11798646617594802
MOVIE,FILM,Comedy,MOVIE,FILM,Sci-Fi,1.0,1.0,0,0.0,1467.0,7.291656209174461,265,0.7055555555555555,0.6959421509738396
MOVIE,FILM,,SERIES,SERIES,Drama,0.0,0.0,0,0.0,1549.0,7.346010209913293,302,0.6644444444444444,0.08147375582781237
SERIES,SERIES,Drama,SERIES,SERIES,Comedy,1.0,1.0,0,0.0,4806.0,8.47782846789396,358,0.6022222222222222,0.7182310252631323
MOVIE,FILM,Action,SERIES,SERIES,Action,0.0,0.0,2,1.0,4743.0,8.464635940677562,683,0.24111111111111116,0.32810033612292705
SERIES,SERIES,Drama,DOCUMENTARY,DOCUMENTARY,History,0.0,0.0,0,0.0,2638.0,7.878155336503324,670,0.25555555555555554,0.01564838417051201
DOCUMENTARY,DOCUMENTARY,History,DOCUMENTARY,DOCUMENTARY,Science,1.0,1.0,0,0.0,4508.0,8.413830678421084,267,0.7033333333333334,0.6884192338555751
MOVIE,FILM,Comedy,MOVIE,FILM,Action,1.0,1.0,0,0.0,3483.0,8.155936337972394,511,0.4322222222222222,0.6383389729367248
MOVIE,FILM,Sci-Fi,MOVIE,FILM,Comedy,1.0,1.0,0,0.0,2573.0,7.853216388156072,15,0.9833333333333333,0.7542173740382919
SERIES,SERIES,Drama,MOVIE,FILM,Drama,0.0,0.0,1,0.5,2478.0,7.8156105320351905,446,0.5044444444444445,0.17163131673729343
MOVIE,FILM,Action,MOVIE,FILM,Sci-Fi,1.0,1.0,1,0.5,2744.0,7.917536353943631,390,0.5666666666666667,0.820319213828101
SERIES,SERIES,Drama,SERIES,SERIES,Drama,1.0,1.0,2,1.0,3391.0,8.129174996911793,179,0.8011111111111111,0.9960821234608037
DOCUMENTARY,DOCUMENTARY,History,SERIES,SERIES,Comedy,0.0,0.0,0,0.0,860.0,6.7580945044277305,840,0.06666666666666665,0.017456360618415632
MOVIE,FILM,Comedy,SERIES,SERIES,Action,1.0,1.0,0,0.0,2805.0,7.939515260662406,366,0.5933333333333333,0.7215585285074674
MOVIE,FILM,Sci-Fi,DOCUMENTARY,DOCUMENTARY,History,1.0,1.0,1,0.5,353.0,5.869296913133774,784,0.12888888888888894,0.7699945157147097
SERIES,SERIES,Drama,,DOCUMENTARY,Science,0.0,1.0,0,0.0,4859.0,8.48879371689454,833,0.07444444444444442,0.3453358459724244
MOVIE,FILM,Action,MOVIE,FILM,Action,1.0,1.0,2,1.0,598.0,6.395261598115449,811,0.09888888888888892,0.9125661157898423
SERIES,SERIES,Drama,MOVIE,FILM,Comedy,0.0,0.0,0,0.0,3759.0,8.23217423638394,382,0.5755555555555556,0.07338498572091257
DOCUMENTARY,DOCUMENTARY,History,MOVIE,FILM,Drama,0.0,0.0,0,0.0,,,578,0.35777777777777775,
MOVIE,FILM,Comedy,MOVIE,FILM,Sci-Fi,1.0,1.0,0,0.0,795.0,6.679599185844383,378,0.5800000000000001,0.7389994094242567
MOVIE,FILM,Sci-Fi,SERIES,SERIES,Drama,0.0,0.0,0,0.0,2321.0,7.7501841622578365,889,0.012222222222222245,0.04746879127321329
SERIES,SERIES,Drama,SERIES,SERIES,Comedy,1.0,1.0,0,0.0,2506.0,7.826842098158293,217,0.758888888888889,0.6887659920370586
MOVIE,FILM,,SERIES,SERIES,Action,0.0,0.0,2,1.0,748.0,6.618738983517219,182,0.7977777777777778,0.36886293731744024
SERIES,SERIES,Drama,DOCUMENTARY,DOCUMENTARY,History,0.0,0.0,0,0.0,622.0,6.434546518787453,162,0.8200000000000001,0.0780596658548571
DOCUMENTARY,DOCUMENTARY,History,DOCUMENTARY,DOCUMENTARY,Science,1.0,1.0,0,0.0,178.0,5.187385805840755,828,0.07999999999999996,0.6934304401247893
MOVIE,FILM,,MOVIE,FILM,Action,1.0,1.0,0,0.0,3312.0,8.105609402299896,60,0.9333333333333333,0.7800812292054526
MOVIE,FILM,Sci-Fi,MOVIE,FILM,Comedy,1.0,1.0,0,0.0,3851.0,8.256347772918016,762,0.15333333333333332,0.6807247766016322
SERIES,SERIES,Drama,MOVIE,FILM,Drama,0.0,0.0,1,0.5,4144.0,8.329658067569396,348,0.6133333333333333,0.22307102115894978
MOVIE,FILM,Action,MOVIE,FILM,Sci-Fi,1.0,1.0,1,0.5,4078.0,8.313607139317558,288,0.6799999999999999,0.838678397382811
SERIES,SERIES,Drama,SERIES,SERIES,Drama,1.0,1.0,2,1.0,1733.0,7.458186157340487,812,0.09777777777777774,0.9232809903524031
DOCUMENTARY,DOCUMENTARY,History,SERIES,SERIES,Comedy,0.0,0.0,0,0.0,2965.0,7.994969522697877,581,0.35444444444444445,0.05985429723923983
MOVIE,FILM,Comedy,SERIES,SERIES,Action,1.0,1.0,0,0.0,3207.0,8.073402968986406,408,0.5466666666666666,0.7176155537591365
MOVIE,FILM,Sci-Fi,,DOCUMENTARY,History,0.0,1.0,1,0.5,556.0,6.322565239927284,413,0.5411111111111111,0.5083694320619271
SERIES,SERIES,Drama,DOCUMENTARY,DOCUMENTARY,Science,1.0,1.0,0,0.0,2196.0,7.69484807238461,514,0.4288888888888889,0.6802340173492751
MOVIE,FILM,Action,MOVIE,FILM,Action,1.0,1.0,2,1.0,4040.0,8.304247465078474,739,0.17888888888888888,0.896310873200628
SERIES,SERIES,Drama,MOVIE,FILM,Comedy,0.0,0.0,0,0.0,712.0,6.569481420414296,160,0.8222222222222222,0.07558895300232976
DOCUMENTARY,DOCUMENTARY,History,MOVIE,FILM,Drama,0.0,0.0,0,0.0,2894.0,7.970740390007095,725,0.19444444444444442,0.022935774905135257
MOVIE,FILM,Comedy,MOVIE,FILM,Sci-Fi,1.0,1.0,0,0.0,962.0,6.870053411798126,865,0.03888888888888886,0.5995706002647466
MOVIE,FILM,Sci-Fi,SERIES,SERIES,Drama,0.0,0.0,0,0.0,198.0,5.293304824724492,284,0.6844444444444444,0.11386510733590809
SERIES,SERIES,Drama,SERIES,SERIES,Comedy,1.0,1.0,0,0.0,133.0,4.897839799950911,385,0.5722222222222222,0.7532578353733761
MOVIE,FILM,Action,,SERIES,Action,0.0,0.0,2,1.0,1351.0,7.20934025660291,495,0.44999999999999996,0.3598013805556776
SERIES,SERIES,Drama,DOCUMENTARY,DOCUMENTARY,History,0.0,0.0,0,0.0,1664.0,7.417580402414544,513,0.43000000000000005,0.027184489351935834
DOCUMENTARY,DOCUMENTARY,History,DOCUMENTARY,DOCUMENTARY,Science,1.0,1.0,0,0.0,4675.0,8.450198322591959,649,0.27888888888888885,0.7071909660248725
MOVIE,FILM,Comedy,MOVIE,FILM,Action,1.0,1.0,0,0.0,4202.0,8.343553835005117,319,0.6455555555555555,0.764301207542174
,FILM,Sci-Fi,MOVIE,FILM,Comedy,1.0,1.0,0,0.0,4711.0,8.457867725331422,422,0.5311111111111111,0.6969973349126465
SERIES,SERIES,Drama,MOVIE,FILM,Drama,0.0,0.0,1,0.5,4349.0,8.37793112408273,626,0.3044444444444444,0.1907231168043136
MOVIE,FILM,,MOVIE,FILM,Sci-Fi,1.0,1.0,1,0.5,1792.0,7.491645473605133,424,0.528888888888889,0.7659482994696606
SERIES,SERIES,Drama,,SERIES,Drama,1.0,1.0,2,1.0,,,127,0.8588888888888889,
DOCUMENTARY,DOCUMENTARY,,SERIES,SERIES,Comedy,0.0,0.0,0,0.0,4146.0,8.330140460246382,841,0.06555555555555559,0.011671610162497958
MOVIE,FILM,Comedy,,SERIES,Action,0.0,1.0,0,0.0,1626.0,7.394493107219038,654,0.2733333333333333,0.34618679768054117
MOVIE,FILM,Sci-Fi,,DOCUMENTARY,History,1.0,1.0,1,0.5,4180.0,8.338305731356565,39,0.9566666666666667,0.8258897155848074
,SERIES,Drama,DOCUMENTARY,DOCUMENTARY,Science,1.0,1.0,0,0.0,1333.0,7.195937226475569,668,0.2577777777777778,0.6940454677408862
MOVIE,FILM,Action,MOVIE,FILM,Action,1.0,1.0,2,1.0,3450.0,8.146419323098003,257,0.7144444444444444,0.998386132809903
SERIES,SERIES,Drama,MOVIE,FILM,Comedy,0.0,0.0,0,0.0,528.0,6.270988431858299,600,0.33333333333333337,0.03770899717902631
DOCUMENTARY,DOCUMENTARY,History,MOVIE,FILM,Drama,0.0,0.0,0,0.0,1037.0,6.945051063725834,384,0.5733333333333333,0.05409254950757956
MOVIE,FILM,Comedy,MOVIE,FILM,Sci-Fi,1.0,1.0,0,0.0,2184.0,7.68937110752969,49,0.9455555555555556,0.6840498469791881
MOVIE,FILM,Sci-Fi,SERIES,SERIES,Drama,0.0,0.0,0,0.0,2461.0,7.808729306744399,320,0.6444444444444444,0.0911575020077198
SERIES,SERIES,Drama,SERIES,SERIES,Comedy,1.0,1.0,0,0.0,139.0,4.941642422609304,81,0.91,0.7155150371831488
MOVIE,FILM,Action,SERIES,SERIES,Action,0.0,0.0,2,1.0,1102.0,7.005789019253503,720,0.19999999999999996,0.24460625771512948
SERIES,SERIES,Drama,DOCUMENTARY,DOCUMENTARY,History,0.0,0.0,0,0.0,4207.0,8.344742754417545,796,0.11555555555555552,0.0622338638201098
DOCUMENTARY,DOCUMENTARY,History,DOCUMENTARY,DOCUMENTARY,Science,1.0,1.0,0,0.0,3427.0,8.13973227971767,220,0.7555555555555555,0.7182330320094725
MOVIE,FILM,Comedy,MOVIE,FILM,Action,1.0,1.0,0,0.0,3515.0,8.165079258805068,170,0.8111111111111111,0.705128273501999
MOVIE,FILM,Sci-Fi,MOVIE,FILM,Comedy,1.0,1.0,0,0.0,,6.20050917404269,136,0.8488888888888889,0.7158095352709763
SERIES,SERIES,Drama,MOVIE,FILM,Drama,0.0,0.0,1,0.5,2552.0,7.845024417241484,303,0.6633333333333333,0.25333924468896174
MOVIE,FILM,Action,MOVIE,FILM,Sci-Fi,1.0,1.0,1,0.5,2542.0,7.841099765422119,430,0.5222222222222221,0.8451596628256438
SERIES,SERIES,Drama,SERIES,SERIES,Drama,1.0,1.0,2,1.0,4124.0,8.324821298768782,857,0.04777777777777781,0.8978762017051288
DOCUMENTARY,DOCUMENTARY,History,,SERIES,Comedy,0.0,0.0,0,0.0,1196.0,7.087573705557973,422,0.5311111111111111,0.10318458924531435
MOVIE,FILM,Comedy,SERIES,SERIES,Action,1.0,1.0,0,0.0,1539.0,7.3395376954076745,495,0.44999999999999996,0.6627928088435432
,FILM,Sci-Fi,DOCUMENTARY,DOCUMENTARY,History,1.0,1.0,1,0.5,763.0,6.638567789166521,49,0.9455555555555556,0.8650314043069957
SERIES,SERIES,Drama,DOCUMENTARY,DOCUMENTARY,Science,1.0,1.0,0,0.0,1513.0,7.322510433997394,673,0.25222222222222224,0.6821863829545827
MOVIE,FILM,Action,MOVIE,FILM,Action,1.0,1.0,2,1.0,1714.0,7.44716835960004,155,0.8277777777777777,0.961781208565483
SERIES,SERIES,,MOVIE,FILM,Comedy,0.0,0.0,0,0.0,2183.0,7.688913336864796,134,0.8511111111111112,0.1323478093536772
DOCUMENTARY,DOCUMENTARY,History,MOVIE,FILM,Drama,0.0,0.0,0,0.0,1543.0,7.342131730584722,522,0.42000000000000004,0.05121869294104302
MOVIE,FILM,Comedy,MOVIE,FILM,Sci-Fi,1.0,1.0,0,0.0,4288.0,8.36380888451688,218,0.7577777777777778,0.7482448829422474
MOVIE,FILM,Sci-Fi,SERIES,SERIES,Drama,0.0,0.0,0,0.0,3700.0,8.216358332386156,387,0.5700000000000001,0.11007291128987723
SERIES,SERIES,Drama,SERIES,SERIES,Comedy,1.0,1.0,0,0.0,821.0,6.71174039505618,559,0.37888888888888894,0.6002040497793378
MOVIE,FILM,Action,,SERIES,Action,0.0,0.0,2,1.0,,,183,0.7966666666666666,
SERIES,SERIES,Drama,DOCUMENTARY,DOCUMENTARY,History,0.0,0.0,0,0.0,1280.0,7.155396301896734,213,0.7633333333333333,0.016706117714513982
DOCUMENTARY,DOCUMENTARY,History,,DOCUMENTARY,Science,1.0,1.0,0,0.0,82.0,4.418840607796598,795,0.1166666666666667,0.6328244874901902
MOVIE,FILM,Comedy,MOVIE,FILM,Action,1.0,1.0,0,0.0,,7.014814351275545,229,0.7455555555555555,0.7564929492556242
MOVIE,FILM,Sci-Fi,MOVIE,FILM,Comedy,1.0,1.0,0,0.0,503.0,6.222576268071369,721,0.1988888888888889,0.6580261816560774
SERIES,SERIES,Drama,MOVIE,FILM,Drama,0.0,0.0,1,0.5,365.0,5.902633333401366,216,0.76,0.17824834645214205
MOVIE,FILM,Action,MOVIE,FILM,Sci-Fi,1.0,1.0,1,0.5,3035.0,8.01829613851552,433,0.518888888888889,0.7947136487641245
SERIES,SERIES,Drama,,SERIES,Drama,0.0,1.0,2,1.0,854.0,6.75110146893676,446,0.5044444444444445,0.6312565122515598
DOCUMENTARY,DOCUMENTARY,History,SERIES,SERIES,Comedy,0.0,0.0,0,0.0,685.0,6.530877627725885,289,0.6788888888888889,0.03926987576232256
MOVIE,FILM,Comedy,SERIES,SERIES,Action,1.0,1.0,0,0.0,1519.0,7.326465613840322,639,0.29000000000000004,0.7154318024237065
MOVIE,FILM,Sci-Fi,DOCUMENTARY,DOCUMENTARY,History,1.0,1.0,1,0.5,,8.169053149927343,76,0.9155555555555556,0.8662093954728529
SERIES,SERIES,Drama,DOCUMENTARY,DOCUMENTARY,Science,1.0,1.0,0,0.0,1404.0,7.247792581767846,395,0.5611111111111111,0.672551662672362
MOVIE,FILM,Action,MOVIE,FILM,Action,1.0,1.0,2,1.0,1160.0,7.057036981697891,869,0.0344444444444445,0.8773156010829101
SERIES,SERIES,Drama,MOVIE,FILM,Comedy,0.0,0.0,0,0.0,3062.0,8.027150106832774,18,0.98,0.10315949246398531
DOCUMENTARY,DOCUMENTARY,History,MOVIE,FILM,Drama,0.0,0.0,0,0.0,2794.0,7.9355873855892,71,0.9211111111111111,0.15336714440615232
MOVIE,FILM,Comedy,MOVIE,FILM,Sci-Fi,1.0,1.0,0,0.0,1239.0,7.122866658599083,337,0.6255555555555555,0.73618557499777
MOVIE,FILM,Sci-Fi,SERIES,SERIES,Drama,0.0,0.0,0,0.0,3882.0,8.264363329731667,488,0.45777777777777773,0.03093344744919268
SERIES,SERIES,Drama,SERIES,SERIES,Comedy,1.0,1.0,0,0.0,1944.0,7.573017256052546,251,0.721111111111111,0.7136612020268758
MOVIE,FILM,,SERIES,SERIES,Action,0.0,0.0,0,0.0,1285.0,7.1592919047975645,322,0.6422222222222222,0.07014572748432754
SERIES,SERIES,Drama,DOCUMENTARY,DOCUMENTARY,History,0.0,0.0,0,0.0,2437.0,7.798933310041217,342,0.62,0.1354672248761865
DOCUMENTARY,DOCUMENTARY,History,DOCUMENTARY,DOCUMENTARY,Science,1.0,1.0,0,0.0,1041.0,6.948897222313312,658,0.26888888888888884,0.6372699029998222
MOVIE,FILM,Comedy,MOVIE,FILM,Action,1.0,1.0,0,0.0,3614.0,8.192847134592865,525,0.41666666666666663,0.746206193738741
MOVIE,FILM,Sci-Fi,MOVIE,FILM,Comedy,1.0,1.0,0,0.0,2704.0,7.902857191280582,66,0.9266666666666666,0.7467916342201835
SERIES,SERIES,,MOVIE,FILM,Drama,0.0,0.0,1,0.5,2603.0,7.86480400332846,718,0.2022222222222222,0.1403188744900572
MOVIE,FILM,Action,,FILM,Sci-Fi,0.0,1.0,1,0.5,2013.0,7.607878073278507,892,0.008888888888888835,0.41438345480540395
SERIES,SERIES,Drama,SERIES,SERIES,Drama,1.0,1.0,2,1.0,3771.0,8.235360643753348,569,0.36777777777777776,0.9093308154158504
DOCUMENTARY,DOCUMENTARY,History,,SERIES,Comedy,0.0,0.0,0,0.0,99.0,4.605170185988092,764,0.15111111111111108,0.0
MOVIE,FILM,Comedy,SERIES,SERIES,Action,1.0,1.0,0,0.0,706.0,6.561030665896573,396,0.56,0.708004942084785
MOVIE,FILM,Sci-Fi,DOCUMENTARY,DOCUMENTARY,History,1.0,1.0,1,0.5,4681.0,8.451480648050856,509,0.4344444444444444,0.7841691141372485
,SERIES,Drama,DOCUMENTARY,DOCUMENTARY,Science,1.0,1.0,0,0.0,,,863,0.0411111111111111,
MOVIE,FILM,Action,MOVIE,FILM,Action,1.0,1.0,2,1.0,4480.0,8.407601514786142,314,0.6511111111111111,0.95108793482916
SERIES,SERIES,Drama,MOVIE,FILM,Comedy,0.0,0.0,0,0.0,2825.0,7.946617563244473,336,0.6266666666666667,0.04389928105521674
DOCUMENTARY,DOCUMENTARY,History,MOVIE,FILM,Drama,0.0,0.0,0,0.0,945.0,6.852242569051878,35,0.9611111111111111,0.10400069648709384
MOVIE,FILM,,MOVIE,FILM,Sci-Fi,1.0,1.0,0,0.0,2870.0,7.962415680121064,690,0.23333333333333328,0.6514487608091041
MOVIE,FILM,Sci-Fi,SERIES,SERIES,Drama,0.0,0.0,0,0.0,4396.0,8.388677769180811,740,0.1777777777777778,0.028924307924473626
SERIES,SERIES,,SERIES,SERIES,Comedy,1.0,1.0,0,0.0,1083.0,6.988413181999592,370,0.5888888888888889,0.769977396078814
MOVIE,FILM,Action,SERIES,SERIES,Action,0.0,0.0,2,1.0,4501.0,8.412277021466677,512,0.4311111111111111,0.3221913559993835
SERIES,SERIES,Drama,DOCUMENTARY,DOCUMENTARY,History,0.0,0.0,0,0.0,,8.285261134068948,66,0.9266666666666666,0.13685117975461086
DOCUMENTARY,DOCUMENTARY,History,DOCUMENTARY,DOCUMENTARY,Science,1.0,1.0,0,0.0,1459.0,7.286191714702382,762,0.15333333333333332,0.6144244587306307
MOVIE,FILM,Comedy,MOVIE,FILM,Action,1.0,1.0,0,0.0,3835.0,8.252185436003328,182,0.7977777777777778,0.7168352634842405
MOVIE,FILM,Sci-Fi,MOVIE,FILM,Comedy,1.0,1.0,0,0.0,3584.0,8.184513753033722,273,0.6966666666666667,0.732501362245062
SERIES,SERIES,,,FILM,Drama,0.0,0.0,0,0.0,4046.0,8.305731144875866,458,0.49111111111111116,0.05528960436761367
MOVIE,FILM,Action,MOVIE,FILM,Sci-Fi,1.0,1.0,1,0.5,1637.0,7.401231264413015,275,0.6944444444444444,0.8695806909251531
SERIES,SERIES,Drama,SERIES,SERIES,Drama,1.0,1.0,2,1.0,1857.0,7.527255919373784,173,0.8077777777777778,0.9381513509535194
DOCUMENTARY,DOCUMENTARY,History,SERIES,SERIES,Comedy,0.0,0.0,0,0.0,,7.491087593534876,703,0.2188888888888889,0.04659162745086641
MOVIE,FILM,Comedy,SERIES,SERIES,Action,1.0,1.0,0,0.0,1374.0,7.226209010100671,826,0.0822222222222222,0.6427571575122919
MOVIE,FILM,Sci-Fi,DOCUMENTARY,DOCUMENTARY,History,1.0,1.0,1,0.5,3057.0,8.025516386489008,304,0.6622222222222223,0.8468208037214087
SERIES,SERIES,Drama,DOCUMENTARY,DOCUMENTARY,Science,1.0,1.0,0,0.0,2702.0,7.902117546276448,240,0.7333333333333334,0.709239153605566
,FILM,Action,MOVIE,FILM,Action,1.0,1.0,2,1.0,319.0,5.768320995793772,202,0.7755555555555556,0.9550657289469554
SERIES,SERIES,Drama,,FILM,Comedy,0.0,0.0,0,0.0,,7.091742115095153,781,0.13222222222222224,0.03765717331375
DOCUMENTARY,DOCUMENTARY,History,MOVIE,FILM,Drama,0.0,0.0,0,0.0,3425.0,8.139148678884066,448,0.5022222222222222,0.06436458362885683
MOVIE,FILM,Comedy,MOVIE,FILM,Sci-Fi,1.0,1.0,0,0.0,4934.0,8.504107951867582,522,0.42000000000000004,0.7143488513965472
MOVIE,FILM,Sci-Fi,SERIES,SERIES,Drama,0.0,0.0,0,0.0,4275.0,8.360773272144936,757,0.15888888888888886,0.060199532454655806
SERIES,SERIES,,SERIES,SERIES,Comedy,1.0,1.0,0,0.0,3940.0,8.279189777195004,814,0.0955555555555555,0.6636935362077162
MOVIE,FILM,Action,SERIES,SERIES,Action,0.0,0.0,2,1.0,1869.0,7.533693709848633,266,0.7044444444444444,0.33101377759546846
SERIES,SERIES,Drama,DOCUMENTARY,DOCUMENTARY,History,0.0,0.0,0,0.0,4705.0,8.456593569287309,453,0.4966666666666667,0.11114784789021019
DOCUMENTARY,DOCUMENTARY,History,DOCUMENTARY,DOCUMENTARY,Science,1.0,1.0,0,0.0,2069.0,7.635303886259415,834,0.07333333333333336,0.6541929899578387
,FILM,Comedy,MOVIE,FILM,Action,1.0,1.0,0,0.0,3597.0,8.188133414510478,295,0.6722222222222223,0.7144130076519352
MOVIE,FILM,Sci-Fi,,FILM,Comedy,0.0,1.0,0,0.0,,,167,0.8144444444444444,
SERIES,SERIES,Drama,MOVIE,FILM,Drama,0.0,0.0,1,0.5,78.0,4.3694478524670215,777,0.13666666666666671,0.2039840353889789
MOVIE,FILM,Action,MOVIE,FILM,Sci-Fi,1.0,1.0,1,0.5,,8.414938957377482,153,0.83,0.8201890424588194
SERIES,SERIES,Drama,SERIES,SERIES,Drama,1.0,1.0,2,1.0,4832.0,8.483222671845084,797,0.11444444444444446,0.9322433631109722
DOCUMENTARY,DOCUMENTARY,History,SERIES,SERIES,Comedy,0.0,0.0,0,0.0,4081.0,8.31434234336979,385,0.5722222222222222,0.037379720022278136
MOVIE,FILM,Comedy,SERIES,SERIES,Action,1.0,1.0,0,0.0,4681.0,8.451480648050856,65,0.9277777777777778,0.756858108738196
MOVIE,FILM,,DOCUMENTARY,DOCUMENTARY,History,1.0,1.0,0,0.0,2845.0,7.953669778649798,600,0.33333333333333337,0.7359354616222612
SERIES,SERIES,Drama,DOCUMENTARY,DOCUMENTARY,Science,1.0,1.0,0,0.0,4141.0,8.328934041955529,699,0.22333333333333338,0.6940108736982661
MOVIE,FILM,Action,MOVIE,FILM,Action,1.0,1.0,2,1.0,1237.0,7.121252453244542,50,0.9444444444444444,0.9912132077039474
SERIES,SERIES,Drama,MOVIE,FILM,Comedy,0.0,0.0,0,0.0,811.0,6.699500340161678,645,0.2833333333333333,0.0412954063366263
DOCUMENTARY,DOCUMENTARY,History,MOVIE,FILM,Drama,0.0,0.0,0,0.0,2029.0,7.615791072035833,342,0.62,0.09677937633481588
MOVIE,FILM,Comedy,,FILM,Sci-Fi,1.0,1.0,0,0.0,1186.0,7.079184394609668,182,0.7977777777777778,0.7236789350694979
MOVIE,FILM,Sci-Fi,SERIES,SERIES,Drama,0.0,0.0,0,0.0,3234.0,8.081784206935001,736,0.18222222222222217,0.030561964903992676
SERIES,SERIES,Drama,SERIES,SERIES,Comedy,1.0,1.0,0,0.0,1014.0,6.922643891475888,358,0.6022222222222222,0.7022932599423135
MOVIE,FILM,Action,SERIES,SERIES,Action,0.0,0.0,2,1.0,1609.0,7.383989457978509,453,0.4966666666666667,0.3284358324098088
SERIES,SERIES,Drama,DOCUMENTARY,DOCUMENTARY,History,0.0,0.0,0,0.0,4278.0,8.361474616416817,49,0.9455555555555556,0.10870115290593332
DOCUMENTARY,DOCUMENTARY,History,DOCUMENTARY,DOCUMENTARY,Science,1.0,1.0,0,0.0,1703.0,7.440733707389261,174,0.8066666666666666,0.7095481396345229
MOVIE,FILM,Comedy,,FILM,Action,0.0,1.0,0,0.0,3156.0,8.057377488557991,202,0.7755555555555556,0.35255881904360364
MOVIE,FILM,Sci-Fi,MOVIE,FILM,Comedy,1.0,1.0,0,0.0,1182.0,7.075808863978387,453,0.4966666666666667,0.7128364568447931
SERIES,SERIES,Drama,MOVIE,FILM,Drama,0.0,0.0,1,0.5,128.0,4.859812404361672,688,0.23555555555555552,0.1815144196561748
,FILM,Action,MOVIE,FILM,Sci-Fi,1.0,1.0,1,0.5,3987.0,8.291045131081729,621,0.31000000000000005,0.81479890279857
SERIES,SERIES,Drama,SERIES,SERIES,Drama,1.0,1.0,2,1.0,2339.0,7.757906208351747,660,0.2666666666666667,0.9501013645967566
DOCUMENTARY,DOCUMENTARY,History,SERIES,SERIES,Comedy,0.0,0.0,0,0.0,2011.0,7.60688453121963,321,0.6433333333333333,0.10077773814006462
MOVIE,FILM,Comedy,SERIES,SERIES,Action,1.0,1.0,0,0.0,704.0,6.558197802812269,10,0.9888888888888889,0.7597967628001385
MOVIE,FILM,Sci-Fi,DOCUMENTARY,DOCUMENTARY,History,1.0,1.0,1,0.5,2928.0,7.982416346827733,336,0.6266666666666667,0.8472591954216946
SERIES,SERIES,Drama,DOCUMENTARY,DOCUMENTARY,Science,1.0,1.0,0,0.0,3828.0,8.250358951477294,701,0.22111111111111115,0.6760331725351306
MOVIE,FILM,Action,MOVIE,FILM,Action,1.0,1.0,2,1.0,2433.0,7.797291273547472,430,0.5222222222222221,0.9309521952607661
SERIES,SERIES,Drama,MOVIE,FILM,Comedy,0.0,0.0,0,0.0,3859.0,8.258422462458876,578,0.35777777777777775,0.13890645608468566
DOCUMENTARY,DOCUMENTARY,History,,FILM,Drama,0.0,0.0,0,0.0,2472.0,7.813187267521416,99,0.89,0.11016674734893438
MOVIE,FILM,,MOVIE,FILM,Sci-Fi,1.0,1.0,0,0.0,,,327,0.6366666666666667,
MOVIE,FILM,Sci-Fi,SERIES,SERIES,Drama,0.0,0.0,0,0.0,3575.0,8.182000136293405,798,0.11333333333333329,0.06071807308702945
SERIES,SERIES,Drama,SERIES,SERIES,Comedy,1.0,1.0,0,0.0,2165.0,7.680637427560936,97,0.8922222222222222,0.7509140210257877
MOVIE,FILM,,SERIES,SERIES,Action,0.0,0.0,2,1.0,4646.0,8.443977129084978,500,0.4444444444444444,0.2798294852565123
SERIES,SERIES,Drama,DOCUMENTARY,DOCUMENTARY,History,0.0,0.0,0,0.0,4848.0,8.486527777105353,103,0.8855555555555555,0.15995380442404708
DOCUMENTARY,DOCUMENTARY,History,,DOCUMENTARY,Science,0.0,1.0,0,0.0,4334.0,8.374476889214643,566,0.37111111111111106,0.35150517113598456
MOVIE,FILM,Comedy,MOVIE,FILM,Action,1.0,1.0,0,0.0,2674.0,7.891704659330107,894,0.00666666666666671,0.6224129767405512
,FILM,Sci-Fi,MOVIE,FILM,Comedy,1.0,1.0,0,0.0,3833.0,8.251663923605589,494,0.45111111111111113,0.7374486964244189
SERIES,SERIES,Drama,MOVIE,FILM,Drama,0.0,0.0,1,0.5,4141.0,8.328934041955529,697,0.2255555555555555,0.19834330733435365
MOVIE,FILM,Action,MOVIE,FILM,Sci-Fi,1.0,1.0,1,0.5,2607.0,7.866338923046544,485,0.46111111111111114,0.7831363576773251
SERIES,SERIES,Drama,SERIES,SERIES,Drama,1.0,1.0,2,1.0,719.0,6.579251212010101,132,0.8533333333333333,1.0
DOCUMENTARY,DOCUMENTARY,History,SERIES,SERIES,Comedy,0.0,0.0,0,0.0,1372.0,7.224753405767971,111,0.8766666666666667,0.13954060285439898
MOVIE,FILM,,SERIES,SERIES,Action,1.0,1.0,0,0.0,1322.0,7.187657164114956,250,0.7222222222222222,0.7238614817050929
MOVIE,FILM,Sci-Fi,DOCUMENTARY,DOCUMENTARY,History,1.0,1.0,1,0.5,4265.0,8.358431899031295,673,0.25222222222222224,0.8500773726087926
SERIES,SERIES,Drama,DOCUMENTARY,DOCUMENTARY,Science,1.0,1.0,0,0.0,3924.0,8.275121630216509,494,0.45111111111111113,0.7066683629825182
MOVIE,FILM,Action,MOVIE,FILM,Action,1.0,1.0,2,1.0,1192.0,7.084226422097916,320,0.6444444444444444,0.9550874029562032
SERIES,SERIES,Drama,MOVIE,FILM,Comedy,0.0,0.0,0,0.0,,8.107418811719974,167,0.8144444444444444,0.09766841346031799
DOCUMENTARY,DOCUMENTARY,History,MOVIE,FILM,Drama,0.0,0.0,0,0.0,46.0,3.8501476017100584,453,0.4966666666666667,0.0842339469645904
MOVIE,FILM,Comedy,MOVIE,FILM,Sci-Fi,1.0,1.0,0,0.0,213.0,5.365976015021851,415,0.5388888888888889,0.7120357601975944
MOVIE,FILM,Sci-Fi,,SERIES,Drama,0.0,0.0,0,0.0,2426.0,7.794411205726601,700,0.2222222222222222,0.05730445399992068
SERIES,SERIES,Drama,SERIES,SERIES,Comedy,1.0,1.0,0,0.0,4480.0,8.407601514786142,387,0.5700000000000001,0.690667527227466
MOVIE,FILM,Action,SERIES,SERIES,Action,0.0,0.0,2,1.0,3898.0,8.268475388982598,618,0.31333333333333335,0.31198000846490487
SERIES,SERIES,Drama,,DOCUMENTARY,History,0.0,0.0,0,0.0,2652.0,7.88344635413774,244,0.7288888888888889,0.10583246466774805
DOCUMENTARY,DOCUMENTARY,,DOCUMENTARY,DOCUMENTARY,Science,1.0,1.0,0,0.0,2881.0,7.966239776559467,148,0.8355555555555556,0.6989568361115718
MOVIE,FILM,Comedy,MOVIE,FILM,Action,1.0,1.0,0,0.0,4659.0,8.446770727119691,82,0.9088888888888889,0.7042757215808065
MOVIE,FILM,Sci-Fi,MOVIE,FILM,Comedy,1.0,1.0,0,0.0,4890.0,8.495152060539358,573,0.3633333333333333,0.7110441660778014
SERIES,SERIES,Drama,MOVIE,FILM,Drama,0.0,0.0,1,0.5,473.0,6.161207321695077,718,0.2022222222222222,0.08954871642264967
MOVIE,FILM,,MOVIE,FILM,Sci-Fi,1.0,1.0,1,0.5,,8.254268770090183,58,0.9355555555555556,0.8764035103425719
SERIES,SERIES,,SERIES,SERIES,Drama,1.0,1.0,2,1.0,1611.0,7.385230923066573,619,0.3122222222222222,0.9097029790365702
DOCUMENTARY,DOCUMENTARY,History,SERIES,SERIES,Comedy,0.0,0.0,0,0.0,,,374,0.5844444444444444,
MOVIE,FILM,Comedy,SERIES,SERIES,Action,1.0,1.0,0,0.0,662.0,6.4967749901858625,169,0.8122222222222222,0.7152927314595432
MOVIE,FILM,Sci-Fi,DOCUMENTARY,DOCUMENTARY,History,1.0,1.0,1,0.5,4140.0,8.328692583545568,764,0.15111111111111108,0.8119120490210928
SERIES,SERIES,Drama,DOCUMENTARY,DOCUMENTARY,Science,1.0,1.0,0,0.0,4468.0,8.404919948933452,851,0.054444444444444406,0.6508922289803484
MOVIE,FILM,Action,,FILM,Action,1.0,1.0,2,1.0,467.0,6.148468295917647,680,0.24444444444444446,0.9151834148086629
SERIES,SERIES,Drama,MOVIE,FILM,Comedy,0.0,0.0,0,0.0,1060.0,6.966967138613983,258,0.7133333333333334,0.12440272765477481
DOCUMENTARY,DOCUMENTARY,History,MOVIE,FILM,Drama,0.0,0.0,0,0.0,4292.0,8.36474106822456,187,0.7922222222222222,0.10252217770237176
MOVIE,FILM,Comedy,MOVIE,FILM,Sci-Fi,1.0,1.0,0,0.0,4543.0,8.421562960400987,598,0.3355555555555556,0.7208813708034011
MOVIE,FILM,Sci-Fi,SERIES,SERIES,Drama,0.0,0.0,0,0.0,,6.693323668269949,217,0.758888888888889,0.07582605776800529
SERIES,SERIES,Drama,SERIES,SERIES,Comedy,1.0,1.0,0,0.0,2505.0,7.826443135456014,140,0.8444444444444444,0.7480664214343338
MOVIE,FILM,Action,,SERIES,Action,0.0,0.0,2,1.0,56.0,4.04305126783455,202,0.7755555555555556,0.36320386398512244
SERIES,SERIES,Drama,DOCUMENTARY,DOCUMENTARY,History,0.0,0.0,0,0.0,4786.0,8.473659189392508,633,0.29666666666666663,0.08712849892878785
DOCUMENTARY,DOCUMENTARY,History,DOCUMENTARY,DOCUMENTARY,Science,1.0,1.0,0,0.0,3610.0,8.191740021277457,824,0.08444444444444443,0.7223455241744067
MOVIE,FILM,Comedy,MOVIE,FILM,Action,1.0,1.0,0,0.0,182.0,5.209486152841421,141,0.8433333333333333,0.7045834256044199
MOVIE,FILM,Sci-Fi,,FILM,Comedy,1.0,1.0,0,0.0,4703.0,8.456168489578463,241,0.7322222222222222,0.6894307157465578
SERIES,SERIES,Drama,MOVIE,FILM,Drama,0.0,0.0,1,0.5,3030.0,8.016647877057803,396,0.56,0.1817994928654033
,FILM,Action,MOVIE,FILM,Sci-Fi,1.0,1.0,1,0.5,1371.0,7.22402480828583,311,0.6544444444444444,0.8573644983666124
SERIES,SERIES,,SERIES,SERIES,Drama,1.0,1.0,0,0.0,2543.0,7.841492924460013,226,0.7488888888888889,0.7446776565812371
DOCUMENTARY,DOCUMENTARY,History,SERIES,SERIES,Comedy,0.0,0.0,0,0.0,68.0,4.23410650459726,569,0.36777777777777776,0.058663728698743624
MOVIE,FILM,Comedy,SERIES,SERIES,Action,1.0,1.0,0,0.0,292.0,5.680172609017068,88,0.9022222222222223,0.7017787223446399
MOVIE,FILM,Sci-Fi,DOCUMENTARY,DOCUMENTARY,History,1.0,1.0,1,0.5,132.0,4.890349128221754,91,0.8988888888888888,0.8746297927030797
SERIES,SERIES,Drama,DOCUMENTARY,DOCUMENTARY,Science,1.0,1.0,0,0.0,2112.0,7.655864017616056,795,0.1166666666666667,0.6289515856376664
MOVIE,FILM,Action,MOVIE,FILM,Action,1.0,1.0,2,1.0,3140.0,8.052296499538647,779,0.13444444444444448,0.9440009163581455
SERIES,SERIES,Drama,MOVIE,FILM,Comedy,0.0,0.0,0,0.0,2701.0,7.9017475185201445,282,0.6866666666666666,0.18950869722095215
DOCUMENTARY,DOCUMENTARY,History,MOVIE,FILM,Drama,0.0,0.0,0,0.0,4008.0,8.296297112642508,767,0.14777777777777779,0.06264374378666877
MOVIE,FILM,Comedy,MOVIE,FILM,Sci-Fi,1.0,1.0,0,0.0,975.0,6.883462586413092,236,0.7377777777777778,0.741864188898235
MOVIE,FILM,Sci-Fi,SERIES,SERIES,Drama,0.0,0.0,0,0.0,2120.0,7.659642954564682,407,0.5477777777777777,0.07403484228675403
SERIES,SERIES,Drama,,SERIES,Comedy,0.0,1.0,0,0.0,2329.0,7.753623546559746,577,0.3588888888888889,0.29604303835210555
MOVIE,FILM,Action,SERIES,SERIES,Action,0.0,0.0,2,1.0,2145.0,7.671360923190644,108,0.88,0.3440133565454962
SERIES,SERIES,Drama,DOCUMENTARY,DOCUMENTARY,History,0.0,0.0,0,0.0,,,615,0.31666666666666665,
DOCUMENTARY,DOCUMENTARY,History,DOCUMENTARY,DOCUMENTARY,Science,1.0,1.0,0,0.0,53.0,3.9889840465642745,210,0.7666666666666666,0.6709853473589464
MOVIE,FILM,Comedy,MOVIE,FILM,Action,1.0,1.0,0,0.0,1346.0,7.205635176410364,534,0.4066666666666666,0.7443625101550266
MOVIE,FILM,Sci-Fi,MOVIE,FILM,Comedy,1.0,1.0,0,0.0,224.0,5.41610040220442,381,0.5766666666666667,0.7099240995505707
SERIES,SERIES,Drama,,FILM,Drama,0.0,0.0,1,0.5,4655.0,8.445911989411274,621,0.31000000000000005,0.19992801403802518
MOVIE,FILM,Action,MOVIE,FILM,Sci-Fi,1.0,1.0,1,0.5,,7.112327444710911,864,0.040000000000000036,0.7663396732428277
SERIES,SERIES,Drama,SERIES,SERIES,Drama,1.0,1.0,2,1.0,3665.0,8.20685642839965,762,0.15333333333333332,0.9066221183195843
DOCUMENTARY,DOCUMENTARY,History,SERIES,SERIES,Comedy,0.0,0.0,0,0.0,2089.0,7.644919344958857,634,0.29555555555555557,0.09246949533366382
MOVIE,FILM,Comedy,SERIES,SERIES,Action,1.0,1.0,0,0.0,3956.0,8.283241441385425,525,0.41666666666666663,0.6975109595119677
MOVIE,FILM,Sci-Fi,DOCUMENTARY,DOCUMENTARY,History,1.0,1.0,1,0.5,3879.0,8.263590432617319,859,0.04555555555555557,0.7972034422857079
SERIES,SERIES,Drama,DOCUMENTARY,DOCUMENTARY,Science,1.0,1.0,0,0.0,3129.0,8.048788283534199,783,0.13,0.6628922634359127
MOVIE,FILM,,MOVIE,FILM,Action,1.0,1.0,0,0.0,3396.0,8.130647968160584,631,0.29888888888888887,0.6757605153587524
SERIES,SERIES,Drama,MOVIE,FILM,Comedy,0.0,0.0,0,0.0,,6.648984550024776,847,0.05888888888888888,0.0
DOCUMENTARY,DOCUMENTARY,History,MOVIE,FILM,Drama,0.0,0.0,0,0.0,3133.0,8.050065422915965,782,0.13111111111111107,0.0
MOVIE,FILM,Comedy,MOVIE,FILM,Sci-Fi,1.0,1.0,0,0.0,551.0,6.313548046277095,581,0.35444444444444445,0.6756578009514618
MOVIE,FILM,Sci-Fi,,SERIES,Drama,0.0,0.0,0,0.0,4572.0,8.427924723658055,600,0.33333333333333337,0.07248567730938835
SERIES,SERIES,Drama,SERIES,SERIES,Comedy,1.0,1.0,0,0.0,4992.0,8.51579221050061,414,0.54,0.6732640642787391
MOVIE,FILM,Action,SERIES,SERIES,Action,0.0,0.0,2,1.0,1765.0,7.476472381163905,189,0.79,0.3511945201874673
SERIES,SERIES,Drama,DOCUMENTARY,DOCUMENTARY,History,0.0,0.0,0,0.0,1760.0,7.473637108496206,827,0.08111111111111113,0.04293985292747598
DOCUMENTARY,DOCUMENTARY,History,DOCUMENTARY,DOCUMENTARY,Science,1.0,1.0,0,0.0,3299.0,8.101677747454572,421,0.5322222222222222,0.6445494386957946
MOVIE,FILM,Comedy,MOVIE,FILM,Action,1.0,1.0,0,0.0,4602.0,8.434463543817241,669,0.2566666666666667,0.6556994315214695
MOVIE,FILM,Sci-Fi,MOVIE,FILM,Comedy,1.0,1.0,0,0.0,4965.0,8.510369966068112,398,0.5577777777777777,0.7258195611057002
,SERIES,Drama,MOVIE,FILM,Drama,0.0,0.0,1,0.5,4149.0,8.330863613224745,270,0.7,0.23863782238509343
MOVIE,FILM,Action,MOVIE,FILM,Sci-Fi,1.0,1.0,1,0.5,4898.0,8.496786381638575,507,0.43666666666666665,0.7868199142041787
SERIES,SERIES,Drama,SERIES,SERIES,Drama,1.0,1.0,2,1.0,402.0,5.998936561946683,129,0.8566666666666667,0.9770820484569773
DOCUMENTARY,DOCUMENTARY,History,SERIES,SERIES,Comedy,0.0,0.0,0,0.0,2253.0,7.720461694599722,481,0.4655555555555555,0.11154093540347959
MOVIE,FILM,Comedy,SERIES,SERIES,Action,1.0,1.0,0,0.0,4830.0,8.482808764554406,625,0.3055555555555556,0.7115691166121911
MOVIE,FILM,Sci-Fi,DOCUMENTARY,DOCUMENTARY,History,1.0,1.0,1,0.5,2423.0,7.793174347189205,467,0.48111111111111116,0.8198888679326451
SERIES,SERIES,Drama,DOCUMENTARY,DOCUMENTARY,Science,1.0,1.0,0,0.0,4799.0,8.476371196895983,306,0.6599999999999999,0.7096334714753646
MOVIE,FILM,Action,MOVIE,FILM,Action,1.0,1.0,2,1.0,,,595,0.3388888888888889,
SERIES,SERIES,Drama,,FILM,Comedy,0.0,0.0,0,0.0,2355.0,7.764720544771477,552,0.3866666666666667,0.08721112924182961
DOCUMENTARY,DOCUMENTARY,History,MOVIE,FILM,Drama,0.0,0.0,0,0.0,911.0,6.815639990074331,447,0.5033333333333334,0.08647818581683923
MOVIE,FILM,Comedy,,FILM,Sci-Fi,0.0,1.0,0,0.0,2811.0,7.941651252930556,13,0.9855555555555555,0.4327339035294241
MOVIE,FILM,Sci-Fi,SERIES,SERIES,Drama,0.0,0.0,0,0.0,1392.0,7.239214973779806,144,0.84,0.12013050316598925
SERIES,SERIES,,SERIES,SERIES,Comedy,1.0,1.0,0,0.0,,8.046229101075378,6,0.9933333333333333,0.7796572700707584
MOVIE,FILM,Action,SERIES,SERIES,Action,0.0,0.0,2,1.0,2010.0,7.606387389772652,196,0.7822222222222223,0.3548661643877206
SERIES,SERIES,Drama,DOCUMENTARY,DOCUMENTARY,History,0.0,0.0,0,0.0,2244.0,7.716460800176355,92,0.8977777777777778,0.14761382059584552
DOCUMENTARY,DOCUMENTARY,History,DOCUMENTARY,DOCUMENTARY,Science,1.0,1.0,0,0.0,233.0,5.455321115357702,590,0.34444444444444444,0.7048149991792557
MOVIE,FILM,Comedy,MOVIE,FILM,Action,1.0,1.0,0,0.0,1154.0,7.051855622955894,687,0.2366666666666667,0.650872448306393
MOVIE,FILM,Sci-Fi,MOVIE,FILM,Comedy,1.0,1.0,0,0.0,4776.0,8.471568013389962,329,0.6344444444444444,0.6668515364311665
SERIES,SERIES,Drama,MOVIE,FILM,Drama,0.0,0.0,1,0.5,311.0,5.7430031878094825,311,0.6544444444444444,0.2572736887373676
MOVIE,FILM,Action,MOVIE,FILM,Sci-Fi,1.0,1.0,1,0.5,1862.0,7.529943370601589,89,0.9011111111111111,0.8712772880129307
SERIES,SERIES,Drama,SERIES,SERIES,Drama,1.0,1.0,2,1.0,,8.440528106480752,402,0.5533333333333333,0.9014122147194754
DOCUMENTARY,DOCUMENTARY,History,SERIES,SERIES,Comedy,0.0,0.0,0,0.0,4789.0,8.474285690404962,34,0.9622222222222222,0.11247112926301629
MOVIE,FILM,Comedy,SERIES,SERIES,Action,1.0,1.0,0,0.0,3758.0,8.231908243564177,701,0.22111111111111115,0.7018535987424912
MOVIE,FILM,Sci-Fi,DOCUMENTARY,DOCUMENTARY,History,1.0,1.0,1,0.5,1932.0,7.566828479208331,480,0.4666666666666667,0.8119067105291614
,SERIES,Drama,DOCUMENTARY,DOCUMENTARY,Science,1.0,1.0,0,0.0,1859.0,7.528331766707247,209,0.7677777777777778,0.7148751874946807
MOVIE,FILM,Action,MOVIE,FILM,Action,1.0,1.0,2,1.0,3349.0,8.116715624819111,538,0.40222222222222226,0.9783229696974741
SERIES,SERIES,Drama,MOVIE,FILM,Comedy,0.0,0.0,0,0.0,2833.0,7.949444420250626,597,0.33666666666666667,0.03757891636515514
DOCUMENTARY,DOCUMENTARY,History,,FILM,Drama,0.0,0.0,0,0.0,3713.0,8.219864741912652,300,0.6666666666666667,0.07925479812030012
MOVIE,FILM,Comedy,MOVIE,FILM,Sci-Fi,1.0,1.0,0,0.0,3422.0,8.138272638530186,511,0.4322222222222222,0.7057339170893601
,FILM,Sci-Fi,SERIES,SERIES,Drama,0.0,0.0,0,0.0,2071.0,7.6362696033793735,32,0.9644444444444444,0.14209706842108036
SERIES,SERIES,Drama,SERIES,SERIES,Comedy,1.0,1.0,0,0.0,4332.0,8.374015421739909,420,0.5333333333333333,0.7254414706823995
MOVIE,FILM,Action,SERIES,SERIES,Action,0.0,0.0,2,1.0,779.0,6.659293919683638,744,0.17333333333333334,0.3142673365356623
SERIES,SERIES,,DOCUMENTARY,DOCUMENTARY,History,0.0,0.0,0,0.0,,8.439015410352214,184,0.7955555555555556,0.12301964933312202
DOCUMENTARY,DOCUMENTARY,History,DOCUMENTARY,DOCUMENTARY,Science,1.0,1.0,0,0.0,4117.0,8.323122887587735,793,0.11888888888888893,0.6835620643352089
MOVIE,FILM,Comedy,MOVIE,FILM,Action,1.0,1.0,0,0.0,4660.0,8.446985296372741,355,0.6055555555555556,0.710321434648871
MOVIE,FILM,,MOVIE,FILM,Comedy,1.0,1.0,0,0.0,3494.0,8.15908865466791,410,0.5444444444444445,0.7125880097845144
SERIES,SERIES,Drama,MOVIE,FILM,Drama,0.0,0.0,1,0.5,,,336,0.6266666666666667,
MOVIE,FILM,Action,MOVIE,FILM,Sci-Fi,1.0,1.0,1,0.5,2109.0,7.6544432264701125,787,0.12555555555555553,0.7930282473033272
SERIES,SERIES,Drama,SERIES,SERIES,Drama,1.0,1.0,2,1.0,1937.0,7.569411792450712,153,0.83,0.9998180244161528
DOCUMENTARY,DOCUMENTARY,History,SERIES,SERIES,Comedy,0.0,0.0,0,0.0,4334.0,8.374476889214643,33,0.9633333333333334,0.15020760107707667
MOVIE,FILM,Comedy,SERIES,SERIES,Action,1.0,1.0,0,0.0,4254.0,8.355850041007475,757,0.15888888888888886,0.6743525102692609
MOVIE,FILM,Sci-Fi,DOCUMENTARY,DOCUMENTARY,History,1.0,1.0,1,0.5,929.0,6.835184586147301,607,0.3255555555555556,0.7786603741679792
SERIES,SERIES,Drama,DOCUMENTARY,DOCUMENTARY,Science,1.0,1.0,0,0.0,3161.0,8.058960017769417,245,0.7277777777777779,0.7306255155986344
MOVIE,FILM,Action,,FILM,Action,1.0,1.0,2,1.0,2336.0,7.756623334538858,137,0.8477777777777777,0.978411125717745
SERIES,SERIES,Drama,,FILM,Comedy,0.0,0.0,0,0.0,700.0,6.55250788703459,99,0.89,0.12391770467010525
,DOCUMENTARY,History,MOVIE,FILM,Drama,0.0,0.0,0,0.0,1006.0,6.914730892718563,655,0.27222222222222225,0.12415011873740568
MOVIE,FILM,Comedy,MOVIE,FILM,Sci-Fi,1.0,1.0,0,0.0,1624.0,7.393263094763838,191,0.7877777777777778,0.7159235415093802
MOVIE,FILM,Sci-Fi,SERIES,SERIES,Drama,0.0,0.0,0,0.0,2449.0,7.803843303538772,813,0.09666666666666668,0.05701908525615533
SERIES,SERIES,Drama,SERIES,SERIES,Comedy,1.0,1.0,0,0.0,221.0,5.402677381872279,828,0.07999999999999996,0.684065761492317
MOVIE,FILM,Action,SERIES,SERIES,Action,0.0,0.0,2,1.0,4173.0,8.336630087637147,231,0.7433333333333334,0.35432508003470214
SERIES,SERIES,Drama,DOCUMENTARY,DOCUMENTARY,History,0.0,0.0,0,0.0,3460.0,8.149312843635345,354,0.6066666666666667,0.1670211884357665
DOCUMENTARY,DOCUMENTARY,History,DOCUMENTARY,DOCUMENTARY,Science,1.0,1.0,0,0.0,1792.0,7.491645473605133,601,0.3322222222222222,0.6751772455751898
MOVIE,FILM,Comedy,MOVIE,FILM,Action,1.0,1.0,0,0.0,1444.0,7.275864600546533,624,0.30666666666666664,0.6927265193386971
MOVIE,FILM,Sci-Fi,MOVIE,FILM,Comedy,1.0,1.0,0,0.0,1412.0,7.253470382684528,295,0.6722222222222223,0.6954956960206974
SERIES,SERIES,Drama,MOVIE,FILM,Drama,0.0,0.0,1,0.5,,8.441822884391462,450,0.5,0.19697347076521882
MOVIE,FILM,Action,MOVIE,FILM,Sci-Fi,1.0,1.0,1,0.5,1112.0,7.014814351275545,33,0.9633333333333334,0.874978303317569
SERIES,SERIES,Drama,,SERIES,Drama,1.0,1.0,2,1.0,728.0,6.591673732008658,275,0.6944444444444444,0.9841298940114926
DOCUMENTARY,DOCUMENTARY,History,SERIES,SERIES,Comedy,0.0,0.0,0,0.0,562.0,6.333279628139691,777,0.13666666666666671,0.05138742114577252
MOVIE,FILM,,SERIES,SERIES,Action,1.0,1.0,0,0.0,957.0,6.86484777797086,193,0.7855555555555556,0.7668394356043571
MOVIE,FILM,Sci-Fi,DOCUMENTARY,DOCUMENTARY,History,1.0,1.0,1,0.5,4368.0,8.382289428951436,6,0.9933333333333333,0.8737389936997819
SERIES,SERIES,Drama,,DOCUMENTARY,Science,1.0,1.0,0,0.0,4728.0,8.461469042643875,766,0.14888888888888885,0.662530362072136
MOVIE,FILM,Action,,FILM,Action,0.0,1.0,2,1.0,3220.0,8.0774471493312,574,0.3622222222222222,0.6732415405487425
SERIES,SERIES,Drama,MOVIE,FILM,Comedy,0.0,0.0,0,0.0,1613.0,7.3864708488298945,294,0.6733333333333333,0.11198922214472713
DOCUMENTARY,DOCUMENTARY,History,MOVIE,FILM,Drama,0.0,0.0,0,0.0,2212.0,7.70210434005105,890,0.011111111111111072,0.01375823957642601
MOVIE,FILM,Comedy,MOVIE,FILM,Sci-Fi,1.0,1.0,0,0.0,1419.0,7.258412150595307,812,0.09777777777777774,0.6412094744685373
MOVIE,FILM,,SERIES,SERIES,Drama,0.0,0.0,0,0.0,,,828,0.07999999999999996,
,SERIES,Drama,SERIES,SERIES,Comedy,1.0,1.0,0,0.0,1154.0,7.051855622955894,91,0.8988888888888888,0.7693275501110632
,FILM,Action,,SERIES,Action,0.0,0.0,2,1.0,2444.0,7.801800401908973,703,0.2188888888888889,0.2856322385550204
SERIES,SERIES,Drama,DOCUMENTARY,DOCUMENTARY,History,0.0,0.0,0,0.0,487.0,6.1903154058531475,198,0.78,0.10933338718459747
DOCUMENTARY,DOCUMENTARY,History,DOCUMENTARY,DOCUMENTARY,Science,1.0,1.0,0,0.0,3779.0,8.237479288613633,373,0.5855555555555556,0.7132613143829126
MOVIE,FILM,Comedy,MOVIE,FILM,Action,1.0,1.0,0,0.0,1595.0,7.3752557780097545,336,0.6266666666666667,0.737390353473827
MOVIE,FILM,Sci-Fi,MOVIE,FILM,Comedy,1.0,1.0,0,0.0,2425.0,7.793999089503996,899,0.0011111111111110628,0.6293487842779417
SERIES,SERIES,Drama,MOVIE,FILM,Drama,0.0,0.0,1,0.5,930.0,6.836259277277067,684,0.24,0.14211620598138539
MOVIE,FILM,Action,MOVIE,FILM,Sci-Fi,1.0,1.0,1,0.5,4607.0,8.435549202375727,812,0.09777777777777774,0.7939980267815623
SERIES,SERIES,Drama,SERIES,SERIES,Drama,1.0,1.0,2,1.0,3628.0,8.19671240721307,523,0.41888888888888887,0.9563475003508328
DOCUMENTARY,DOCUMENTARY,,SERIES,SERIES,Comedy,0.0,0.0,0,0.0,4183.0,8.339023005744759,88,0.9022222222222223,0.13726051608512815
MOVIE,FILM,Comedy,SERIES,SERIES,Action,1.0,1.0,0,0.0,2853.0,7.956476798036782,448,0.5022222222222222,0.6813007294516882
MOVIE,FILM,Sci-Fi,DOCUMENTARY,DOCUMENTARY,History,1.0,1.0,1,0.5,3618.0,8.193953023563742,174,0.8066666666666666,0.8774087809230252
SERIES,SERIES,Drama,,DOCUMENTARY,Science,0.0,1.0,0,0.0,4044.0,8.305236829492593,867,0.036666666666666625,0.2982630025404314
MOVIE,FILM,Action,MOVIE,FILM,Action,1.0,1.0,2,1.0,1706.0,7.442492722794441,826,0.0822222222222222,0.8856538083132728
SERIES,SERIES,Drama,MOVIE,FILM,Comedy,0.0,0.0,0,0.0,3401.0,8.132118772955806,408,0.5466666666666666,0.06249081102703241
DOCUMENTARY,DOCUMENTARY,,MOVIE,FILM,Drama,0.0,0.0,0,0.0,2097.0,7.6487397889562425,290,0.6777777777777778,0.14080692729936645
MOVIE,FILM,Comedy,MOVIE,FILM,Sci-Fi,1.0,1.0,0,0.0,3117.0,8.044947049617722,885,0.01666666666666672,0.6764246331180105
MOVIE,FILM,Sci-Fi,SERIES,SERIES,Drama,0.0,0.0,0,0.0,3050.0,8.02322468471667,386,0.5711111111111111,0.11091968875799585
SERIES,SERIES,Drama,SERIES,SERIES,Comedy,1.0,1.0,0,0.0,2207.0,7.699842407396986,73,0.9188888888888889,0.7835267533338158
MOVIE,FILM,Action,SERIES,SERIES,Action,0.0,0.0,2,1.0,4022.0,8.299783171949787,754,0.16222222222222227,0.37748962487804966
SERIES,SERIES,Drama,DOCUMENTARY,DOCUMENTARY,History,0.0,0.0,0,0.0,3488.0,8.157370441186774,110,0.8777777777777778,0.07275597439908102
,DOCUMENTARY,History,DOCUMENTARY,DOCUMENTARY,Science,1.0,1.0,0,0.0,,5.181783550292085,810,0.09999999999999998,0.6308788516860961
MOVIE,FILM,Comedy,MOVIE,FILM,Action,1.0,1.0,0,0.0,1981.0,7.591861714889934,418,0.5355555555555556,0.688811910652053
MOVIE,FILM,Sci-Fi,MOVIE,FILM,Comedy,1.0,1.0,0,0.0,2449.0,7.803843303538772,24,0.9733333333333334,0.7264924926775806
SERIES,SERIES,Drama,MOVIE,FILM,Drama,0.0,0.0,1,0.5,4393.0,8.387995252944556,290,0.6777777777777778,0.19273025925164222
MOVIE,FILM,Action,MOVIE,FILM,Sci-Fi,1.0,1.0,1,0.5,2454.0,7.805882040228621,502,0.4422222222222222,0.8099254393682442
SERIES,SERIES,Drama,SERIES,SERIES,Drama,1.0,1.0,2,1.0,90.0,4.51085950651685,417,0.5366666666666666,0.8972168196813928
DOCUMENTARY,DOCUMENTARY,History,SERIES,SERIES,Comedy,0.0,0.0,0,0.0,3073.0,8.03073492409854,21,0.9766666666666667,0.1434100929110048
MOVIE,FILM,Comedy,SERIES,SERIES,Action,1.0,1.0,0,0.0,,,899,0.0011111111111110628,
MOVIE,FILM,,,DOCUMENTARY,History,0.0,1.0,1,0.5,1026.0,6.934397209928558,632,0.2977777777777778,0.4750281808759255
SERIES,SERIES,Drama,DOCUMENTARY,DOCUMENTARY,Science,1.0,1.0,0,0.0,526.0,6.267200548541362,60,0.9333333333333333,0.7564194115426649
MOVIE,FILM,Action,MOVIE,FILM,Action,1.0,1.0,2,1.0,151.0,5.0238805208462765,295,0.6722222222222223,0.9676407856954504
SERIES,SERIES,Drama,MOVIE,FILM,Comedy,0.0,0.0,0,0.0,1204.0,7.094234845924755,815,0.09444444444444444,0.029772108988282444
DOCUMENTARY,DOCUMENTARY,History,MOVIE,FILM,Drama,0.0,0.0,0,0.0,3279.0,8.09559870137819,846,0.06000000000000005,0.10561474075180197
MOVIE,FILM,Comedy,MOVIE,FILM,Sci-Fi,1.0,1.0,0,0.0,1903.0,7.55171221535131,820,0.0888888888888889,0.6694849877849133
MOVIE,FILM,Sci-Fi,SERIES,SERIES,Drama,0.0,0.0,0,0.0,1745.0,7.465082736399547,96,0.8933333333333333,0.06663693624969859
SERIES,SERIES,Drama,SERIES,SERIES,Comedy,1.0,1.0,0,0.0,3840.0,8.253488028345904,760,0.15555555555555556,0.6421664521974397
MOVIE,FILM,Action,SERIES,SERIES,Action,0.0,0.0,2,1.0,3624.0,8.195609567288775,152,0.8311111111111111,0.30732095285044897
SERIES,SERIES,,DOCUMENTARY,DOCUMENTARY,History,0.0,0.0,0,0.0,4392.0,8.38776764397578,590,0.34444444444444444,0.07224345062554269
DOCUMENTARY,DOCUMENTARY,History,DOCUMENTARY,DOCUMENTARY,Science,1.0,1.0,0,0.0,1778.0,7.483806687665835,671,0.2544444444444445,0.6750516507791372
MOVIE,FILM,Comedy,MOVIE,FILM,Action,1.0,1.0,0,0.0,215.0,5.375278407684165,429,0.5233333333333333,0.6821706886527238
MOVIE,FILM,Sci-Fi,MOVIE,FILM,Comedy,1.0,1.0,0,0.0,2078.0,7.639642287858013,292,0.6755555555555556,0.7818373046513845
SERIES,SERIES,Drama,MOVIE,FILM,Drama,0.0,0.0,1,0.5,1448.0,7.278628942320682,377,0.5811111111111111,0.2269300592992881
MOVIE,FILM,Action,MOVIE,FILM,Sci-Fi,1.0,1.0,1,0.5,3038.0,8.019283792916793,815,0.09444444444444444,0.806868656589687
SERIES,SERIES,Drama,SERIES,SERIES,Drama,1.0,1.0,2,1.0,127.0,4.852030263919617,400,0.5555555555555556,0.9091879298680464
DOCUMENTARY,DOCUMENTARY,History,SERIES,SERIES,Comedy,0.0,0.0,0,0.0,3126.0,8.047829357457841,25,0.9722222222222222,0.10301600595988226
MOVIE,FILM,Comedy,,SERIES,Action,0.0,1.0,0,0.0,4425.0,8.395251520610994,685,0.23888888888888893,0.3423052828422909
MOVIE,FILM,Sci-Fi,DOCUMENTARY,DOCUMENTARY,History,1.0,1.0,1,0.5,994.0,6.902742737158593,567,0.37,0.8128690707991607
SERIES,SERIES,Drama,,DOCUMENTARY,Science,1.0,1.0,0,0.0,3936.0,8.278174290943738,445,0.5055555555555555,0.6516580942796496
,FILM,Action,MOVIE,FILM,Action,1.0,1.0,2,1.0,2927.0,7.982074875081202,169,0.8122222222222222,0.9712888998704304
SERIES,SERIES,Drama,MOVIE,FILM,Comedy,0.0,0.0,0,0.0,2420.0,7.791935956938058,501,0.44333333333333336,0.07938632229481875
DOCUMENTARY,DOCUMENTARY,History,MOVIE,FILM,Drama,0.0,0.0,0,0.0,3891.0,8.266678443305896,535,0.40555555555555556,0.07084187366378122
MOVIE,FILM,Comedy,,FILM,Sci-Fi,1.0,1.0,0,0.0,2725.0,7.9105906122564775,82,0.9088888888888889,0.7216453570174064
MOVIE,FILM,Sci-Fi,SERIES,SERIES,Drama,0.0,0.0,0,0.0,3060.0,8.026496938945412,599,0.33444444444444443,0.05293170871545652
SERIES,SERIES,Drama,,SERIES,Comedy,1.0,1.0,0,0.0,1050.0,6.957497370876951,146,0.8377777777777777,0.7293942125078249
MOVIE,FILM,Action,SERIES,SERIES,Action,0.0,0.0,2,1.0,2626.0,7.87359778968554,590,0.34444444444444444,0.3121622131069038
SERIES,SERIES,Drama,DOCUMENTARY,DOCUMENTARY,History,0.0,0.0,0,0.0,4779.0,8.472195825485501,274,0.6955555555555555,0.12535350670089704
DOCUMENTARY,DOCUMENTARY,History,DOCUMENTARY,DOCUMENTARY,Science,1.0,1.0,0,0.0,,,124,0.8622222222222222,
MOVIE,FILM,Comedy,MOVIE,FILM,Action,1.0,1.0,0,0.0,3369.0,8.122668023346407,209,0.7677777777777778,0.7240480928423889
MOVIE,FILM,Sci-Fi,MOVIE,FILM,Comedy,1.0,1.0,0,0.0,853.0,6.74993119378857,891,0.010000000000000009,0.6373150083111553
SERIES,SERIES,Drama,MOVIE,FILM,Drama,0.0,0.0,1,0.5,328.0,5.796057750765372,679,0.24555555555555553,0.18344548243165304
MOVIE,FILM,,MOVIE,FILM,Sci-Fi,1.0,1.0,0,0.0,644.0,6.4692503167957724,621,0.31000000000000005,0.6980775711225292
SERIES,SERIES,Drama,SERIES,SERIES,Drama,1.0,1.0,2,1.0,965.0,6.873163834212518,155,0.8277777777777777,0.9602991595987336
DOCUMENTARY,DOCUMENTARY,History,,SERIES,Comedy,0.0,0.0,0,0.0,4014.0,8.297792626380861,604,0.3288888888888889,0.09347977153734455
MOVIE,FILM,,SERIES,SERIES,Action,1.0,1.0,0,0.0,4786.0,8.473659189392508,218,0.7577777777777778,0.7628260455208681
,FILM,Sci-Fi,DOCUMENTARY,DOCUMENTARY,History,1.0,1.0,1,0.5,203.0,5.318119993844216,431,0.5211111111111111,0.8544977939424013
SERIES,SERIES,Drama,DOCUMENTARY,DOCUMENTARY,Science,1.0,1.0,0,0.0,2973.0,7.9976631270201,203,0.7744444444444445,0.7863392410994618
MOVIE,FILM,Action,,FILM,Action,1.0,1.0,2,1.0,1524.0,7.329749689041512,819,0.08999999999999997,0.8755841811248459
SERIES,SERIES,Drama,MOVIE,FILM,Comedy,0.0,0.0,0,0.0,1975.0,7.588829878307813,244,0.7288888888888889,0.10703396796134339
DOCUMENTARY,DOCUMENTARY,History,MOVIE,FILM,Drama,0.0,0.0,0,0.0,4792.0,8.474911799159631,685,0.23888888888888893,0.061893494450380386
MOVIE,FILM,Comedy,MOVIE,FILM,Sci-Fi,1.0,1.0,0,0.0,1554.0,7.349230824613334,808,0.10222222222222221,0.6599432632756397
MOVIE,FILM,Sci-Fi,,SERIES,Drama,0.0,0.0,0,0.0,3100.0,8.03947991910045,185,0.7944444444444445,0.09569757871880903
SERIES,SERIES,,SERIES,SERIES,Comedy,1.0,1.0,0,0.0,4841.0,8.485083137498004,479,0.46777777777777774,0.659922398291948
MOVIE,FILM,Action,SERIES,SERIES,Action,0.0,0.0,2,1.0,3489.0,8.157657015196472,520,0.4222222222222223,0.3212588590039655
SERIES,SERIES,Drama,DOCUMENTARY,DOCUMENTARY,History,0.0,0.0,0,0.0,2413.0,7.789040401657477,488,0.45777777777777773,0.05734506533204029
DOCUMENTARY,DOCUMENTARY,History,,DOCUMENTARY,Science,1.0,1.0,0,0.0,3640.0,8.200013648175434,756,0.16000000000000003,0.6750243095254308
MOVIE,FILM,Comedy,MOVIE,FILM,Action,1.0,1.0,0,0.0,1953.0,7.577633832602728,616,0.3155555555555556,0.6614126218939356
MOVIE,FILM,Sci-Fi,MOVIE,FILM,Comedy,1.0,1.0,0,0.0,84.0,4.442651256490317,409,0.5455555555555556,0.6613109218757379
SERIES,SERIES,Drama,MOVIE,FILM,Drama,0.0,0.0,1,0.5,294.0,5.68697535633982,416,0.5377777777777778,0.2060821746172617
MOVIE,FILM,Action,MOVIE,FILM,Sci-Fi,1.0,1.0,1,0.5,507.0,6.230481447578482,881,0.02111111111111108,0.7743297855712103
SERIES,SERIES,Drama,,SERIES,Drama,0.0,1.0,2,1.0,3644.0,8.201111644442758,745,0.17222222222222228,0.5910500664482625
DOCUMENTARY,DOCUMENTARY,History,SERIES,SERIES,Comedy,0.0,0.0,0,0.0,4460.0,8.403128235128264,200,0.7777777777777778,0.18070092737087662
MOVIE,FILM,Comedy,SERIES,SERIES,Action,1.0,1.0,0,0.0,,6.137727054086234,616,0.3155555555555556,0.687153028398931
MOVIE,FILM,Sci-Fi,,DOCUMENTARY,History,1.0,1.0,1,0.5,4489.0,8.4096079807363,272,0.6977777777777778,0.8617062662596409
SERIES,SERIES,,DOCUMENTARY,DOCUMENTARY,Science,1.0,1.0,0,0.0,1816.0,7.504942068396171,100,0.8888888888888888,0.70991734710463
MOVIE,FILM,Action,MOVIE,FILM,Action,1.0,1.0,2,1.0,4677.0,8.450625947144124,893,0.007777777777777772,0.8597288921045494
SERIES,SERIES,Drama,MOVIE,FILM,Comedy,0.0,0.0,0,0.0,,,631,0.29888888888888887,
DOCUMENTARY,DOCUMENTARY,History,MOVIE,FILM,Drama,0.0,0.0,0,0.0,,6.920671504248683,656,0.2711111111111111,0.03016525773199504
MOVIE,FILM,Comedy,MOVIE,FILM,Sci-Fi,1.0,1.0,0,0.0,2742.0,7.916807490937603,127,0.8588888888888889,0.7097563778156636
MOVIE,FILM,Sci-Fi,SERIES,SERIES,Drama,0.0,0.0,0,0.0,1724.0,7.45298232946546,839,0.06777777777777783,0.03872917605001657
SERIES,SERIES,Drama,SERIES,SERIES,Comedy,1.0,1.0,0,0.0,3686.0,8.212568398234145,509,0.4344444444444444,0.6972389760352746
MOVIE,FILM,Action,SERIES,SERIES,Action,0.0,0.0,2,1.0,3207.0,8.073402968986406,778,0.13555555555555554,0.2623621513355297
SERIES,SERIES,Drama,DOCUMENTARY,DOCUMENTARY,History,0.0,0.0,0,0.0,2909.0,7.975908360165538,341,0.6211111111111112,0.08841039615045383
DOCUMENTARY,DOCUMENTARY,History,DOCUMENTARY,DOCUMENTARY,Science,1.0,1.0,0,0.0,2694.0,7.899153483343097,645,0.2833333333333333,0.7203219536776948
MOVIE,FILM,Comedy,MOVIE,FILM,Action,1.0,1.0,0,0.0,379.0,5.940171252720432,423,0.53,0.6752209528582481
MOVIE,FILM,Sci-Fi,MOVIE,FILM,Comedy,1.0,1.0,0,0.0,1412.0,7.253470382684528,875,0.02777777777777779,0.6132052493920573
SERIES,SERIES,Drama,MOVIE,FILM,Drama,0.0,0.0,1,0.5,,8.183676582620658,531,0.41000000000000003,0.22564970454975225
MOVIE,FILM,Action,,FILM,Sci-Fi,0.0,1.0,1,0.5,2392.0,7.780303087908373,242,0.731111111111111,0.5224591433044006
SERIES,SERIES,Drama,SERIES,SERIES,Drama,1.0,1.0,2,1.0,289.0,5.66988092298052,45,0.95,0.9615839121493426
DOCUMENTARY,DOCUMENTARY,History,SERIES,SERIES,Comedy,0.0,0.0,0,0.0,1721.0,7.451241684987676,236,0.7377777777777778,0.05942939700502657
MOVIE,FILM,Comedy,SERIES,SERIES,Action,1.0,1.0,0,0.0,1393.0,7.2399325913204695,237,0.7366666666666667,0.7035054441571564
MOVIE,FILM,Sci-Fi,DOCUMENTARY,DOCUMENTARY,History,1.0,1.0,1,0.5,2124.0,7.661527081358517,302,0.6644444444444444,0.8388545428116709
SERIES,SERIES,Drama,DOCUMENTARY,DOCUMENTARY,Science,1.0,1.0,0,0.0,110.0,4.709530201312334,463,0.4855555555555555,0.7244569635912361
MOVIE,FILM,Action,MOVIE,FILM,Action,1.0,1.0,2,1.0,,8.069342366811636,307,0.6588888888888889,0.9306551734952954
SERIES,SERIES,Drama,MOVIE,FILM,Comedy,0.0,0.0,0,0.0,2623.0,7.8724551500639794,84,0.9066666666666666,0.12311975977716239
DOCUMENTARY,DOCUMENTARY,History,MOVIE,FILM,Drama,0.0,0.0,0,0.0,2124.0,7.661527081358517,860,0.0444444444444444,0.0587500157139959
MOVIE,FILM,Comedy,MOVIE,FILM,Sci-Fi,1.0,1.0,0,0.0,4650.0,8.444837529224097,359,0.6011111111111112,0.6462057021484495
MOVIE,FILM,,SERIES,SERIES,Drama,0.0,0.0,0,0.0,3526.0,8.168202930236053,567,0.37,0.10431670917254944
SERIES,SERIES,Drama,SERIES,SERIES,Comedy,1.0,1.0,0,0.0,1970.0,7.58629630715272,108,0.88,0.7062433553100413
,FILM,,,SERIES,Action,0.0,0.0,2,1.0,4449.0,8.400659375160286,53,0.9411111111111111,0.38140723980442043
SERIES,SERIES,Drama,DOCUMENTARY,DOCUMENTARY,History,0.0,0.0,0,0.0,674.0,6.51471269087253,271,0.6988888888888889,0.10624366200331134
DOCUMENTARY,DOCUMENTARY,History,DOCUMENTARY,DOCUMENTARY,Science,1.0,1.0,0,0.0,3396.0,8.130647968160584,636,0.29333333333333333,0.7180071382690736
MOVIE,FILM,Comedy,MOVIE,FILM,Action,1.0,1.0,0,0.0,2935.0,7.984803389734406,50,0.9444444444444444,0.766460190936737
MOVIE,FILM,Sci-Fi,MOVIE,FILM,Comedy,1.0,1.0,0,0.0,3650.0,8.202756381655638,268,0.7022222222222223,0.6553602024999035
SERIES,SERIES,Drama,,FILM,Drama,0.0,0.0,1,0.5,4129.0,8.326032685955079,77,0.9144444444444444,0.2249056567451206
MOVIE,FILM,Action,,FILM,Sci-Fi,1.0,1.0,1,0.5,,,426,0.5266666666666666,
,SERIES,Drama,SERIES,SERIES,Drama,1.0,1.0,2,1.0,4642.0,8.443115988019922,45,0.95,0.9866755633631616
DOCUMENTARY,DOCUMENTARY,History,SERIES,SERIES,Comedy,0.0,0.0,0,0.0,1002.0,6.910750787961936,563,0.37444444444444447,0.08248721428364506
MOVIE,FILM,Comedy,SERIES,SERIES,Action,1.0,1.0,0,0.0,2446.0,7.802618063442671,656,0.2711111111111111,0.705470410285392
MOVIE,FILM,Sci-Fi,DOCUMENTARY,DOCUMENTARY,History,1.0,1.0,1,0.5,3193.0,8.069029328774958,432,0.52,0.8461159046652237
SERIES,SERIES,Drama,DOCUMENTARY,DOCUMENTARY,Science,1.0,1.0,0,0.0,4293.0,8.364973978438726,377,0.5811111111111111,0.7088605249608716
MOVIE,FILM,Action,MOVIE,FILM,Action,1.0,1.0,2,1.0,2465.0,7.81035268372429,484,0.4622222222222222,0.885544790482938
SERIES,SERIES,Drama,MOVIE,FILM,Comedy,0.0,0.0,0,0.0,101.0,4.624972813284271,180,0.8,0.08689099726006336
DOCUMENTARY,DOCUMENTARY,History,MOVIE,FILM,Drama,0.0,0.0,0,0.0,1626.0,7.394493107219038,168,0.8133333333333334,0.12668879158736437
MOVIE,FILM,Comedy,MOVIE,FILM,Sci-Fi,1.0,1.0,0,0.0,1417.0,7.257002707092073,164,0.8177777777777777,0.7013177055661172
MOVIE,FILM,Sci-Fi,SERIES,SERIES,Drama,0.0,0.0,0,0.0,2067.0,7.63433723562832,11,0.9877777777777778,0.15164640739532873
SERIES,SERIES,Drama,SERIES,SERIES,Comedy,1.0,1.0,0,0.0,640.0,6.46302945692067,221,0.7544444444444445,0.7514208187265555
MOVIE,FILM,,SERIES,SERIES,Action,0.0,0.0,2,1.0,775.0,6.654152520183219,640,0.28888888888888886,0.3022689093785785
SERIES,SERIES,Drama,DOCUMENTARY,DOCUMENTARY,History,0.0,0.0,0,0.0,1496.0,7.311218384419629,260,0.7111111111111111,0.011692019052493147
DOCUMENTARY,DOCUMENTARY,History,DOCUMENTARY,DOCUMENTARY,Science,1.0,1.0,0,0.0,3280.0,8.0959035329611,55,0.9388888888888889,0.711528031487362
MOVIE,FILM,,MOVIE,FILM,Action,1.0,1.0,0,0.0,64.0,4.174387269895637,210,0.7666666666666666,0.7718051737339965
MOVIE,FILM,Sci-Fi,,FILM,Comedy,0.0,1.0,0,0.0,4002.0,8.294799358992574,872,0.03111111111111109,0.3035807522491157
SERIES,SERIES,Drama,MOVIE,FILM,Drama,0.0,0.0,1,0.5,1518.0,7.325807502595773,88,0.9022222222222223,0.18325706998433355
MOVIE,FILM,Action,MOVIE,FILM,Sci-Fi,1.0,1.0,1,0.5,3095.0,8.037866234709618,666,0.26,0.8387812715813511
SERIES,SERIES,Drama,SERIES,SERIES,Drama,1.0,1.0,2,1.0,540.0,6.293419278846481,705,0.21666666666666667,0.9100380867634058
,DOCUMENTARY,History,SERIES,SERIES,Comedy,0.0,0.0,0,0.0,3302.0,8.10258642539079,569,0.36777777777777776,0.10593748767046861
MOVIE,FILM,Comedy,SERIES,SERIES,Action,1.0,1.0,0,0.0,3876.0,8.262816937670928,309,0.6566666666666667,0.7306990577573408
MOVIE,FILM,Sci-Fi,DOCUMENTARY,DOCUMENTARY,History,1.0,1.0,1,0.5,1884.0,7.541683099882111,71,0.9211111111111111,0.8793864767525079
SERIES,SERIES,Drama,DOCUMENTARY,DOCUMENTARY,Science,1.0,1.0,0,0.0,3768.0,8.234564993267135,851,0.054444444444444406,0.6729327885126228
MOVIE,FILM,Action,MOVIE,FILM,Action,1.0,1.0,2,1.0,1555.0,7.349873704738337,452,0.49777777777777776,0.9633685324898005
SERIES,SERIES,Drama,MOVIE,FILM,Comedy,0.0,0.0,0,0.0,2432.0,7.796880342783522,195,0.7833333333333333,0.1813090483134986
DOCUMENTARY,DOCUMENTARY,History,MOVIE,FILM,Drama,0.0,0.0,0,0.0,,7.587310506022615,499,0.4455555555555556,0.10740712566109838
MOVIE,FILM,Comedy,MOVIE,FILM,Sci-Fi,1.0,1.0,0,0.0,4973.0,8.51197962436335,724,0.1955555555555556,0.6299763965729156
MOVIE,FILM,Sci-Fi,SERIES,SERIES,Drama,0.0,0.0,0,0.0,724.0,6.586171654854675,575,0.36111111111111116,0.07878283059105455
SERIES,SERIES,Drama,SERIES,SERIES,Comedy,1.0,1.0,0,0.0,,,189,0.79,
MOVIE,FILM,Action,SERIES,SERIES,Action,0.0,0.0,2,1.0,2032.0,7.617267813628347,449,0.5011111111111111,0.3600466589233215
SERIES,SERIES,Drama,DOCUMENTARY,DOCUMENTARY,History,0.0,0.0,0,0.0,4127.0,8.325548307161398,234,0.74,0.09820428742894433
DOCUMENTARY,DOCUMENTARY,History,DOCUMENTARY,DOCUMENTARY,Science,1.0,1.0,0,0.0,2957.0,7.992268643270745,24,0.9733333333333334,0.7878028606590696
MOVIE,FILM,Comedy,,FILM,Action,0.0,1.0,0,0.0,1163.0,7.059617628291383,443,0.5077777777777778,0.3899861281122757
MOVIE,FILM,Sci-Fi,MOVIE,FILM,Comedy,1.0,1.0,0,0.0,,8.442900586834382,611,0.3211111111111111,0.7668106368283559
SERIES,SERIES,Drama,MOVIE,FILM,Drama,0.0,0.0,1,0.5,3256.0,8.088561805276234,878,0.02444444444444449,0.1358935559359946
,FILM,Action,MOVIE,FILM,Sci-Fi,1.0,1.0,1,0.5,1395.0,7.241366283322318,221,0.7544444444444445,0.832406277300531
SERIES,SERIES,Drama,SERIES,SERIES,Drama,1.0,1.0,2,1.0,2984.0,8.001355025826703,816,0.09333333333333338,0.8957113397720978
DOCUMENTARY,DOCUMENTARY,,SERIES,SERIES,Comedy,0.0,0.0,0,0.0,4947.0,8.506738733512378,75,0.9166666666666666,0.11476772987000289
MOVIE,FILM,Comedy,SERIES,SERIES,Action,1.0,1.0,0,0.0,1730.0,7.456454555176209,520,0.4222222222222223,0.6686613977523197
MOVIE,FILM,Sci-Fi,DOCUMENTARY,DOCUMENTARY,History,1.0,1.0,1,0.5,3010.0,8.010027528481734,478,0.4688888888888889,0.7396087460674844
SERIES,SERIES,Drama,DOCUMENTARY,DOCUMENTARY,Science,1.0,1.0,0,0.0,907.0,6.811244378601294,491,0.45444444444444443,0.6826756574709785
MOVIE,FILM,Action,MOVIE,FILM,Action,1.0,1.0,2,1.0,1612.0,7.385851078125209,339,0.6233333333333333,0.9662400799159983
SERIES,SERIES,Drama,MOVIE,FILM,Comedy,0.0,0.0,0,0.0,4301.0,8.366835309827675,549,0.39,0.061389279345167906
DOCUMENTARY,DOCUMENTARY,History,MOVIE,FILM,Drama,0.0,0.0,0,0.0,273.0,5.6131281063880705,214,0.7622222222222222,0.15923089375648694
MOVIE,FILM,Comedy,MOVIE,FILM,Sci-Fi,1.0,1.0,0,0.0,2812.0,7.9420068084898565,800,0.11111111111111116,0.6668101935303197
MOVIE,FILM,Sci-Fi,SERIES,SERIES,Drama,0.0,0.0,0,0.0,1170.0,7.065613363597717,310,0.6555555555555556,0.13568915327151393
SERIES,SERIES,Drama,SERIES,SERIES,Comedy,1.0,1.0,0,0.0,1629.0,7.396335293800808,125,0.8611111111111112,0.7468263247987917
MOVIE,FILM,Action,SERIES,SERIES,Action,0.0,0.0,2,1.0,30.0,3.4339872044851463,620,0.3111111111111111,0.31116549576117614
SERIES,SERIES,Drama,DOCUMENTARY,DOCUMENTARY,History,0.0,0.0,0,0.0,3675.0,8.209580483475577,426,0.5266666666666666,0.09753093765567611
DOCUMENTARY,DOCUMENTARY,History,,DOCUMENTARY,Science,0.0,1.0,0,0.0,501.0,6.218600119691729,237,0.7366666666666667,0.42236842837795907
MOVIE,FILM,Comedy,MOVIE,FILM,Action,1.0,1.0,0,0.0,1213.0,7.101675971619444,767,0.14777777777777779,0.6680189626000586
MOVIE,FILM,Sci-Fi,MOVIE,FILM,Comedy,1.0,1.0,0,0.0,1270.0,7.147559271189454,14,0.9844444444444445,0.7650949957812835
SERIES,SERIES,Drama,MOVIE,FILM,Drama,0.0,0.0,1,0.5,256.0,5.54907608489522,385,0.5722222222222222,0.21287477060903565
MOVIE,FILM,Action,MOVIE,FILM,Sci-Fi,1.0,1.0,1,0.5,2832.0,7.949091499830517,751,0.16555555555555557,0.7832362873665384
SERIES,SERIES,Drama,SERIES,SERIES,Drama,1.0,1.0,2,1.0,135.0,4.912654885736052,142,0.8422222222222222,0.978205713504345
DOCUMENTARY,DOCUMENTARY,History,SERIES,SERIES,Comedy,0.0,0.0,0,0.0,2384.0,7.776954403322442,138,0.8466666666666667,0.18626249584514132
MOVIE,FILM,Comedy,SERIES,SERIES,Action,1.0,1.0,0,0.0,466.0,6.1463292576688975,12,0.9866666666666667,0.7378717773267764
MOVIE,FILM,Sci-Fi,DOCUMENTARY,DOCUMENTARY,History,1.0,1.0,1,0.5,,,158,0.8244444444444444,
SERIES,SERIES,Drama,DOCUMENTARY,DOCUMENTARY,Science,1.0,1.0,0,0.0,413.0,6.025865973825314,601,0.3322222222222222,0.7177372172986405
MOVIE,FILM,Action,MOVIE,FILM,Action,1.0,1.0,2,1.0,591.0,6.3835066348840055,643,0.28555555555555556,0.9511342945833685
SERIES,SERIES,,MOVIE,FILM,Comedy,0.0,0.0,0,0.0,4679.0,8.451053388911692,420,0.5333333333333333,0.09124506314896626
DOCUMENTARY,DOCUMENTARY,History,MOVIE,FILM,Drama,0.0,0.0,0,0.0,1151.0,7.049254841255837,379,0.5788888888888889,0.017717249316860653
MOVIE,FILM,Comedy,MOVIE,FILM,Sci-Fi,1.0,1.0,0,0.0,3201.0,8.07153089355666,137,0.8477777777777777,0.7561523329752615
MOVIE,FILM,Sci-Fi,SERIES,SERIES,Drama,0.0,0.0,0,0.0,1355.0,7.212294468500341,431,0.5211111111111111,0.017581525434643266
,SERIES,Drama,SERIES,SERIES,Comedy,1.0,1.0,0,0.0,3522.0,8.167068178341237,362,0.5977777777777777,0.7601739754986426
MOVIE,FILM,Action,SERIES,SERIES,Action,0.0,0.0,2,1.0,2095.0,7.647786045440933,73,0.9188888888888889,0.3709632652266464
SERIES,SERIES,Drama,,DOCUMENTARY,History,0.0,0.0,0,0.0,390.0,5.968707559985366,498,0.44666666666666666,0.10118447641831685
DOCUMENTARY,DOCUMENTARY,History,DOCUMENTARY,DOCUMENTARY,Science,1.0,1.0,0,0.0,4965.0,8.510369966068112,462,0.4866666666666667,0.6794271990370935
MOVIE,FILM,,MOVIE,FILM,Action,1.0,1.0,0,0.0,3746.0,8.228710798793687,755,0.1611111111111111,0.6261079349067482
MOVIE,FILM,Sci-Fi,MOVIE,FILM,Comedy,1.0,1.0,0,0.0,4563.0,8.425954710981966,594,0.33999999999999997,0.6992713191285994
SERIES,SERIES,Drama,MOVIE,FILM,Drama,0.0,0.0,1,0.5,1242.0,7.1252830915107115,240,0.7333333333333334,0.22399315498580782
MOVIE,FILM,Action,MOVIE,FILM,Sci-Fi,1.0,1.0,1,0.5,1924.0,7.562681246721884,173,0.8077777777777778,0.8396434696451601
,SERIES,Drama,SERIES,SERIES,Drama,1.0,1.0,2,1.0,1100.0,7.00397413672268,12,0.9866666666666667,0.9923352790296394
DOCUMENTARY,DOCUMENTARY,,SERIES,SERIES,Comedy,0.0,0.0,0,0.0,4131.0,8.326516830239528,559,0.37888888888888894,0.15791870711758793
MOVIE,FILM,,SERIES,SERIES,Action,1.0,1.0,0,0.0,1345.0,7.204892510204673,268,0.7022222222222223,0.7472797331330926
MOVIE,FILM,Sci-Fi,DOCUMENTARY,DOCUMENTARY,History,1.0,1.0,1,0.5,,8.244596756382498,684,0.24,0.8321276104264885
SERIES,SERIES,Drama,DOCUMENTARY,DOCUMENTARY,Science,1.0,1.0,0,0.0,4516.0,8.415603335654604,811,0.09888888888888892,0.6926096771272878
MOVIE,FILM,Action,MOVIE,FILM,Action,1.0,1.0,2,1.0,,8.243282523048375,748,0.16888888888888887,0.957909564418003
SERIES,SERIES,Drama,MOVIE,FILM,Comedy,0.0,0.0,0,0.0,215.0,5.375278407684165,702,0.21999999999999997,0.04018797606935172
DOCUMENTARY,DOCUMENTARY,History,MOVIE,FILM,Drama,0.0,0.0,0,0.0,2684.0,7.895436006942965,689,0.23444444444444446,0.0
MOVIE,FILM,Comedy,MOVIE,FILM,Sci-Fi,1.0,1.0,0,0.0,380.0,5.942799375126701,888,0.013333333333333308,0.6420881910103828
MOVIE,FILM,Sci-Fi,SERIES,SERIES,Drama,0.0,0.0,0,0.0,4137.0,8.327967858305488,681,0.2433333333333333,0.0856985951145861
SERIES,SERIES,,SERIES,SERIES,Comedy,1.0,1.0,0,0.0,743.0,6.612041034833092,870,0.033333333333333326,0.6236261705235838
MOVIE,FILM,,,SERIES,Action,0.0,0.0,0,0.0,2251.0,7.719573989259581,225,0.75,0.10401823921536268
SERIES,SERIES,Drama,DOCUMENTARY,DOCUMENTARY,History,0.0,0.0,0,0.0,4152.0,8.331586243630754,237,0.7366666666666667,0.08994284657051174
DOCUMENTARY,DOCUMENTARY,History,DOCUMENTARY,DOCUMENTARY,Science,1.0,1.0,0,0.0,203.0,5.318119993844216,541,0.39888888888888885,0.7285858553057127
MOVIE,FILM,,MOVIE,FILM,Action,1.0,1.0,0,0.0,,,180,0.8,
MOVIE,FILM,Sci-Fi,MOVIE,FILM,Comedy,1.0,1.0,0,0.0,3858.0,8.258163361537619,793,0.11888888888888893,0.6881380557817083
SERIES,SERIES,Drama,MOVIE,FILM,Drama,0.0,0.0,1,0.5,1009.0,6.917705609835305,143,0.8411111111111111,0.253504508770675
MOVIE,FILM,Action,,FILM,Sci-Fi,1.0,1.0,1,0.5,696.0,6.546785410760524,268,0.7022222222222223,0.8382015686934831
SERIES,SERIES,Drama,SERIES,SERIES,Drama,1.0,1.0,2,1.0,4080.0,8.314097335405807,95,0.8944444444444445,0.9923226766331843
DOCUMENTARY,DOCUMENTARY,History,SERIES,SERIES,Comedy,0.0,0.0,0,0.0,,7.978996370854115,687,0.2366666666666667,0.0235733353433821
MOVIE,FILM,Comedy,,SERIES,Action,1.0,1.0,0,0.0,4094.0,8.31752199628717,329,0.6344444444444444,0.6548179495098705
MOVIE,FILM,Sci-Fi,DOCUMENTARY,DOCUMENTARY,History,1.0,1.0,1,0.5,2428.0,7.795234929002173,537,0.4033333333333333,0.8194812558170272
SERIES,SERIES,Drama,DOCUMENTARY,DOCUMENTARY,Science,1.0,1.0,0,0.0,525.0,6.26530121273771,748,0.16888888888888887,0.6744543797447764
MOVIE,FILM,Action,MOVIE,FILM,Action,1.0,1.0,2,1.0,1110.0,7.01301578963963,683,0.24111111111111116,0.9515580072289375
SERIES,SERIES,Drama,MOVIE,FILM,Comedy,0.0,0.0,0,0.0,2060.0,7.630946580890459,535,0.40555555555555556,0.12161094817531752
DOCUMENTARY,DOCUMENTARY,History,MOVIE,FILM,Drama,0.0,0.0,0,0.0,4443.0,8.39931015075952,713,0.20777777777777773,0.10520799966445515
MOVIE,FILM,Comedy,,FILM,Sci-Fi,1.0,1.0,0,0.0,1437.0,7.271008538280992,289,0.6788888888888889,0.6902637745935438
MOVIE,FILM,Sci-Fi,SERIES,SERIES,Drama,0.0,0.0,0,0.0,1752.0,7.469083884921234,852,0.053333333333333344,0.027961310662267966
SERIES,SERIES,Drama,,SERIES,Comedy,0.0,1.0,0,0.0,3466.0,8.151044945685024,103,0.8855555555555555,0.41919245085726375
MOVIE,FILM,Action,SERIES,SERIES,Action,0.0,0.0,2,1.0,4388.0,8.386856689688234,452,0.49777777777777776,0.4030098367308797
,SERIES,Drama,DOCUMENTARY,DOCUMENTARY,History,0.0,0.0,0,0.0,4111.0,8.321664807135,779,0.13444444444444448,0.09483259747646192
,DOCUMENTARY,History,DOCUMENTARY,DOCUMENTARY,Science,1.0,1.0,0,0.0,2974.0,7.99799931797973,653,0.2744444444444445,0.7165730229398615
MOVIE,FILM,Comedy,MOVIE,FILM,Action,1.0,1.0,0,0.0,796.0,6.680854678790215,670,0.25555555555555554,0.6636146043503668
MOVIE,FILM,Sci-Fi,MOVIE,FILM,Comedy,1.0,1.0,0,0.0,3489.0,8.157657015196472,627,0.30333333333333334,0.6600935977995529
SERIES,SERIES,,MOVIE,FILM,Drama,0.0,0.0,0,0.0,3048.0,8.022568946988255,169,0.8122222222222222,0.14054532071033388
MOVIE,FILM,Action,MOVIE,FILM,Sci-Fi,1.0,1.0,1,0.5,4318.0,8.3707791729607,588,0.3466666666666667,0.7788502917305724
SERIES,SERIES,Drama,SERIES,SERIES,Drama,1.0,1.0,2,1.0,1373.0,7.2254814727822945,347,0.6144444444444445,0.946404604905179
DOCUMENTARY,DOCUMENTARY,History,SERIES,SERIES,Comedy,0.0,0.0,0,0.0,757.0,6.630683385642372,279,0.69,0.09502636546613064
MOVIE,FILM,Comedy,SERIES,SERIES,Action,1.0,1.0,0,0.0,119.0,4.787491742782046,834,0.07333333333333336,0.696398437086049
MOVIE,FILM,Sci-Fi,DOCUMENTARY,DOCUMENTARY,History,1.0,1.0,1,0.5,640.0,6.46302945692067,264,0.7066666666666667,0.8287503229419684
,SERIES,,DOCUMENTARY,DOCUMENTARY,Science,1.0,1.0,0,0.0,1775.0,7.4821189235521155,437,0.5144444444444445,0.6315208171697199
MOVIE,FILM,Action,MOVIE,FILM,Action,1.0,1.0,2,1.0,3697.0,8.21554741194707,49,0.9455555555555556,1.0
SERIES,SERIES,Drama,MOVIE,FILM,Comedy,0.0,0.0,0,0.0,3508.0,8.163086375583216,343,0.6188888888888888,0.07719861718725206
DOCUMENTARY,DOCUMENTARY,History,MOVIE,FILM,Drama,0.0,0.0,0,0.0,,,242,0.731111111111111,
MOVIE,FILM,Comedy,MOVIE,FILM,Sci-Fi,1.0,1.0,0,0.0,2449.0,7.803843303538772,315,0.65,0.7170826069904641
MOVIE,FILM,Sci-Fi,,SERIES,Drama,0.0,0.0,0,0.0,4628.0,8.44009614103127,568,0.36888888888888893,0.06618930741893927
SERIES,SERIES,Drama,SERIES,SERIES,Comedy,1.0,1.0,0,0.0,4104.0,8.31996102188653,152,0.8311111111111111,0.7637989331063703
MOVIE,FILM,Action,SERIES,SERIES,Action,0.0,0.0,2,1.0,1542.0,7.341483852363161,103,0.8855555555555555,0.31519842632658834
SERIES,SERIES,Drama,DOCUMENTARY,DOCUMENTARY,History,0.0,0.0,0,0.0,2697.0,7.900266036767701,717,0.20333333333333337,0.03993520008144788
DOCUMENTARY,DOCUMENTARY,History,DOCUMENTARY,DOCUMENTARY,Science,1.0,1.0,0,0.0,1556.0,7.350516171833998,268,0.7022222222222223,0.7434123203794504
MOVIE,FILM,Comedy,MOVIE,FILM,Action,1.0,1.0,0,0.0,2739.0,7.9157131993821155,676,0.24888888888888894,0.6616472931813674
MOVIE,FILM,Sci-Fi,MOVIE,FILM,Comedy,1.0,1.0,0,0.0,3148.0,8.054840221101024,861,0.043333333333333335,0.6118684219267944
SERIES,SERIES,Drama,MOVIE,FILM,Drama,0.0,0.0,1,0.5,1137.0,7.037027614686276,29,0.9677777777777777,0.26811011636297444
MOVIE,FILM,Action,MOVIE,FILM,Sci-Fi,1.0,1.0,1,0.5,1095.0,6.999422467507961,393,0.5633333333333334,0.861134716546615
SERIES,SERIES,Drama,SERIES,SERIES,Drama,1.0,1.0,2,1.0,1304.0,7.173958319756794,512,0.4311111111111111,0.9336455140807401
DOCUMENTARY,DOCUMENTARY,History,SERIES,SERIES,Comedy,0.0,0.0,0,0.0,1027.0,6.93537044601511,674,0.25111111111111106,0.0
MOVIE,FILM,Comedy,SERIES,SERIES,Action,1.0,1.0,0,0.0,,7.806289289267033,382,0.5755555555555556,0.7334292670199292
MOVIE,FILM,,DOCUMENTARY,DOCUMENTARY,History,1.0,1.0,0,0.0,4544.0,8.421783006611578,288,0.6799999999999999,0.675633510253461
SERIES,SERIES,Drama,DOCUMENTARY,DOCUMENTARY,Science,1.0,1.0,0,0.0,3989.0,8.29154650988391,569,0.36777777777777776,0.7028930739049292
MOVIE,FILM,Action,,FILM,Action,1.0,1.0,2,1.0,3841.0,8.253748343328501,136,0.8488888888888889,0.9549483001169731
SERIES,SERIES,Drama,MOVIE,FILM,Comedy,0.0,0.0,0,0.0,2299.0,7.7406644019172415,436,0.5155555555555555,0.05116332987995656
DOCUMENTARY,DOCUMENTARY,History,MOVIE,FILM,Drama,0.0,0.0,0,0.0,2647.0,7.881559917056899,235,0.7388888888888889,0.09566074356341772
MOVIE,FILM,Comedy,,FILM,Sci-Fi,0.0,1.0,0,0.0,911.0,6.815639990074331,816,0.09333333333333338,0.3141261399297348
MOVIE,FILM,Sci-Fi,SERIES,SERIES,Drama,0.0,0.0,0,0.0,714.0,6.5722825426940075,33,0.9633333333333334,0.10621723045593548
SERIES,SERIES,Drama,SERIES,SERIES,Comedy,1.0,1.0,0,0.0,3778.0,8.237214703349489,536,0.4044444444444445,0.7147153859168969
MOVIE,FILM,Action,SERIES,SERIES,Action,0.0,0.0,2,1.0,915.0,6.82001636467413,237,0.7366666666666667,0.3305957691558978
SERIES,SERIES,Drama,DOCUMENTARY,DOCUMENTARY,History,0.0,0.0,0,0.0,3407.0,8.133880887949207,416,0.5377777777777778,0.11933408565215115
DOCUMENTARY,DOCUMENTARY,,DOCUMENTARY,DOCUMENTARY,Science,1.0,1.0,0,0.0,4224.0,8.348774539791274,278,0.6911111111111111,0.7346519707017101
,FILM,Comedy,MOVIE,FILM,Action,1.0,1.0,0,0.0,3135.0,8.0507033814703,229,0.7455555555555555,0.7094097432753123
MOVIE,FILM,,MOVIE,FILM,Comedy,1.0,1.0,0,0.0,,5.170483995038151,478,0.4688888888888889,0.6638906212407566
SERIES,SERIES,Drama,MOVIE,FILM,Drama,0.0,0.0,1,0.5,4777.0,8.471777327885755,560,0.37777777777777777,0.14600523248584685
MOVIE,FILM,Action,MOVIE,FILM,Sci-Fi,1.0,1.0,1,0.5,3074.0,8.031060180240619,722,0.19777777777777783,0.804193373914852
SERIES,SERIES,Drama,SERIES,SERIES,Drama,1.0,1.0,2,1.0,,,766,0.14888888888888885,
DOCUMENTARY,DOCUMENTARY,History,,SERIES,Comedy,0.0,0.0,0,0.0,1628.0,7.395721608602045,351,0.61,0.022704007974103657
MOVIE,FILM,Comedy,SERIES,SERIES,Action,1.0,1.0,0,0.0,3015.0,8.011686729127847,711,0.20999999999999996,0.6605360503908196
,FILM,Sci-Fi,DOCUMENTARY,DOCUMENTARY,History,1.0,1.0,1,0.5,2906.0,7.9748769005588755,209,0.7677777777777778,0.8251906542359465
SERIES,SERIES,Drama,DOCUMENTARY,DOCUMENTARY,Science,1.0,1.0,0,0.0,259.0,5.560681631015528,738,0.18000000000000005,0.7099844683474112
MOVIE,FILM,Action,MOVIE,FILM,Action,1.0,1.0,2,1.0,1543.0,7.342131730584722,602,0.33111111111111113,0.8746594493346884
SERIES,SERIES,Drama,,FILM,Comedy,0.0,0.0,0,0.0,251.0,5.529429087511423,524,0.4177777777777778,0.02311249417469583
DOCUMENTARY,DOCUMENTARY,History,,FILM,Drama,0.0,0.0,0,0.0,259.0,5.560681631015528,171,0.81,0.13901322987546225
MOVIE,FILM,,MOVIE,FILM,Sci-Fi,1.0,1.0,0,0.0,4956.0,8.508555998020574,771,0.1433333333333333,0.7128520324928993
MOVIE,FILM,Sci-Fi,SERIES,SERIES,Drama,0.0,0.0,0,0.0,1349.0,7.2078598714324755,414,0.54,0.06368544460015288
,SERIES,Drama,SERIES,SERIES,Comedy,1.0,1.0,0,0.0,3277.0,8.094988759303774,451,0.49888888888888894,0.6869040420237496
MOVIE,FILM,Action,SERIES,SERIES,Action,0.0,0.0,2,1.0,2056.0,7.6290038896529575,781,0.13222222222222224,0.30561596807283475
SERIES,SERIES,Drama,DOCUMENTARY,DOCUMENTARY,History,0.0,0.0,0,0.0,3840.0,8.253488028345904,818,0.09111111111111114,0.0
DOCUMENTARY,DOCUMENTARY,History,DOCUMENTARY,DOCUMENTARY,Science,1.0,1.0,0,0.0,3851.0,8.256347772918016,67,0.9255555555555556,0.6934146240111356
MOVIE,FILM,Comedy,MOVIE,FILM,Action,1.0,1.0,0,0.0,416.0,6.0330862217988015,199,0.7788888888888889,0.7162806034046957
MOVIE,FILM,Sci-Fi,MOVIE,FILM,Comedy,1.0,1.0,0,0.0,335.0,5.817111159963204,57,0.9366666666666666,0.7860172110281548
SERIES,SERIES,Drama,MOVIE,FILM,Drama,0.0,0.0,1,0.5,1743.0,7.463936604468925,466,0.4822222222222222,0.18832337115263748
MOVIE,FILM,Action,MOVIE,FILM,Sci-Fi,1.0,1.0,1,0.5,3208.0,8.073714641109857,647,0.2811111111111111,0.8070223910458764
SERIES,SERIES,Drama,,SERIES,Drama,1.0,1.0,2,1.0,1301.0,7.171656822768514,550,0.38888888888888884,0.9647765973892249
DOCUMENTARY,DOCUMENTARY,History,SERIES,SERIES,Comedy,0.0,0.0,0,0.0,4928.0,8.502891406705377,588,0.3466666666666667,0.13566383713925717
MOVIE,FILM,Comedy,SERIES,SERIES,Action,1.0,1.0,0,0.0,2300.0,7.741099090035366,691,0.23222222222222222,0.6603216528723745
MOVIE,FILM,Sci-Fi,DOCUMENTARY,DOCUMENTARY,History,1.0,1.0,1,0.5,2370.0,7.771067086065406,429,0.5233333333333333,0.8263663075593991
SERIES,SERIES,Drama,DOCUMENTARY,DOCUMENTARY,Science,1.0,1.0,0,0.0,949.0,6.856461984594587,742,0.17555555555555558,0.7226903765718169
MOVIE,FILM,Action,MOVIE,FILM,Action,1.0,1.0,2,1.0,3018.0,8.012680929706839,590,0.34444444444444444,0.8843903814318433
SERIES,SERIES,Drama,,FILM,Comedy,0.0,0.0,0,0.0,3293.0,8.099857910737585,627,0.30333333333333334,0.09716013394211503
DOCUMENTARY,DOCUMENTARY,History,MOVIE,FILM,Drama,0.0,0.0,0,0.0,533.0,6.280395838960195,740,0.1777777777777778,0.015141182202318679
MOVIE,FILM,Comedy,MOVIE,FILM,Sci-Fi,1.0,1.0,0,0.0,2492.0,7.821242083523558,31,0.9655555555555555,0.7543908024954217
MOVIE,FILM,Sci-Fi,SERIES,SERIES,Drama,0.0,0.0,0,0.0,2639.0,7.878534196140362,805,0.10555555555555551,0.03829269167194893
SERIES,SERIES,Drama,SERIES,SERIES,Comedy,1.0,1.0,0,0.0,1393.0,7.2399325913204695,842,0.06444444444444442,0.6298815746070543
MOVIE,FILM,Action,SERIES,SERIES,Action,0.0,0.0,2,1.0,,,306,0.6599999999999999,
,SERIES,Drama,DOCUMENTARY,DOCUMENTARY,History,0.0,0.0,0,0.0,3615.0,8.193123721512068,465,0.4833333333333333,0.09303964746766626
DOCUMENTARY,DOCUMENTARY,,DOCUMENTARY,DOCUMENTARY,Science,1.0,1.0,0,0.0,4557.0,8.42463920980563,202,0.7755555555555556,0.7648645763329056
MOVIE,FILM,Comedy,MOVIE,FILM,Action,1.0,1.0,0,0.0,,8.038512020976814,573,0.3633333333333333,0.6881679673309087
MOVIE,FILM,Sci-Fi,,FILM,Comedy,1.0,1.0,0,0.0,2451.0,7.804659297056102,765,0.15000000000000002,0.6717907694155792
SERIES,SERIES,Drama,MOVIE,FILM,Drama,0.0,0.0,1,0.5,2751.0,7.920083199053234,489,0.45666666666666667,0.218002258428968
MOVIE,FILM,Action,,FILM,Sci-Fi,1.0,1.0,1,0.5,2195.0,7.694392802629421,407,0.5477777777777777,0.7998265159324087
SERIES,SERIES,Drama,SERIES,SERIES,Drama,1.0,1.0,2,1.0,1717.0,7.4489161025442,710,0.21111111111111114,0.9364081801525842
DOCUMENTARY,DOCUMENTARY,History,SERIES,SERIES,Comedy,0.0,0.0,0,0.0,2217.0,7.704361167910313,595,0.3388888888888889,0.0927107869913938
MOVIE,FILM,Comedy,SERIES,SERIES,Action,1.0,1.0,0,0.0,,3.713572066704308,242,0.731111111111111,0.7877246648145315
MOVIE,FILM,Sci-Fi,DOCUMENTARY,DOCUMENTARY,History,1.0,1.0,1,0.5,76.0,4.343805421853684,502,0.4422222222222222,0.7922448983803402
SERIES,SERIES,,DOCUMENTARY,DOCUMENTARY,Science,1.0,1.0,0,0.0,1936.0,7.5688956634069955,740,0.1777777777777778,0.6576748600095429
MOVIE,FILM,Action,,FILM,Action,0.0,1.0,2,1.0,3673.0,8.20903626577507,416,0.5377777777777778,0.6333313595506572
SERIES,SERIES,,MOVIE,FILM,Comedy,0.0,0.0,0,0.0,1879.0,7.539027055823995,399,0.5566666666666666,0.11374657864880414
DOCUMENTARY,DOCUMENTARY,History,MOVIE,FILM,Drama,0.0,0.0,0,0.0,3208.0,8.073714641109857,226,0.7488888888888889,0.094719450470298
MOVIE,FILM,Comedy,MOVIE,FILM,Sci-Fi,1.0,1.0,0,0.0,1368.0,7.221835825288449,258,0.7133333333333334,0.7113355011378251
MOVIE,FILM,Sci-Fi,SERIES,SERIES,Drama,0.0,0.0,0,0.0,3087.0,8.035278911144667,14,0.9844444444444445,0.15039072030718417
SERIES,SERIES,Drama,SERIES,SERIES,Comedy,1.0,1.0,0,0.0,4363.0,8.381144346952961,477,0.47,0.6794220032088624
MOVIE,FILM,Action,SERIES,SERIES,Action,0.0,0.0,2,1.0,1386.0,7.234898420314831,427,0.5255555555555556,0.3123946400053933
SERIES,SERIES,Drama,DOCUMENTARY,DOCUMENTARY,History,0.0,0.0,0,0.0,335.0,5.817111159963204,671,0.2544444444444445,0.05398605484311173
DOCUMENTARY,DOCUMENTARY,History,DOCUMENTARY,DOCUMENTARY,Science,1.0,1.0,0,0.0,939.0,6.84587987526405,570,0.3666666666666667,0.7169709599902858
MOVIE,FILM,Comedy,MOVIE,FILM,Action,1.0,1.0,0,0.0,576.0,6.3578422665081,877,0.025555555555555554,0.6326746738102054
MOVIE,FILM,Sci-Fi,MOVIE,FILM,Comedy,1.0,1.0,0,0.0,3270.0,8.092851027538384,860,0.0444444444444444,0.6051411373725839
,SERIES,Drama,,FILM,Drama,0.0,0.0,1,0.5,3553.0,8.175829008714597,846,0.06000000000000005,0.10483909379096301
MOVIE,FILM,Action,MOVIE,FILM,Sci-Fi,1.0,1.0,1,0.5,3157.0,8.057694194815587,260,0.7111111111111111,0.8091406933091075
SERIES,SERIES,,SERIES,SERIES,Drama,1.0,1.0,0,0.0,1612.0,7.385851078125209,449,0.5011111111111111,0.6635420843567807
DOCUMENTARY,DOCUMENTARY,History,SERIES,SERIES,Comedy,0.0,0.0,0,0.0,3846.0,8.255048902752295,431,0.5211111111111111,0.08416189458696849
MOVIE,FILM,Comedy,SERIES,SERIES,Action,1.0,1.0,0,0.0,3301.0,8.102283624480073,128,0.8577777777777778,0.7061215226119834
,FILM,Sci-Fi,DOCUMENTARY,DOCUMENTARY,History,1.0,1.0,1,0.5,496.0,6.208590026096629,681,0.2433333333333333,0.7708444179880156
SERIES,SERIES,Drama,,DOCUMENTARY,Science,0.0,1.0,0,0.0,,,850,0.05555555555555558,
MOVIE,FILM,Action,MOVIE,FILM,Action,1.0,1.0,2,1.0,1561.0,7.3537223303996315,842,0.06444444444444442,0.8859124189763364
SERIES,SERIES,Drama,MOVIE,FILM,Comedy,0.0,0.0,0,0.0,2368.0,7.7702232041587855,562,0.37555555555555553,0.11176501085306606
DOCUMENTARY,DOCUMENTARY,History,MOVIE,FILM,Drama,0.0,0.0,0,0.0,2506.0,7.826842098158293,129,0.8566666666666667,0.1403110592302857
MOVIE,FILM,Comedy,MOVIE,FILM,Sci-Fi,1.0,1.0,0,0.0,3370.0,8.12296471523406,508,0.4355555555555556,0.700141503414876
MOVIE,FILM,Sci-Fi,SERIES,SERIES,Drama,0.0,0.0,0,0.0,649.0,6.476972362889683,185,0.7944444444444445,0.09440019986208457
SERIES,SERIES,Drama,SERIES,SERIES,Comedy,1.0,1.0,0,0.0,2898.0,7.972121128921655,679,0.24555555555555553,0.6669902253187391
MOVIE,FILM,,SERIES,SERIES,Action,0.0,0.0,2,1.0,,8.508354242749032,584,0.35111111111111115,0.3227584129552208
SERIES,SERIES,Drama,DOCUMENTARY,DOCUMENTARY,History,0.0,0.0,0,0.0,3229.0,8.080237416216702,66,0.9266666666666666,0.14610390516153182
DOCUMENTARY,DOCUMENTARY,History,DOCUMENTARY,DOCUMENTARY,Science,1.0,1.0,0,0.0,4054.0,8.307705966549513,130,0.8555555555555556,0.7152501680016466
MOVIE,FILM,Comedy,MOVIE,FILM,Action,1.0,1.0,0,0.0,,7.64826303090192,778,0.13555555555555554,0.6686422583613245
MOVIE,FILM,,MOVIE,FILM,Comedy,1.0,1.0,0,0.0,3947.0,8.280964400553373,573,0.3633333333333333,0.6321890324981243
SERIES,SERIES,Drama,MOVIE,FILM,Drama,0.0,0.0,1,0.5,4194.0,8.341648618901306,167,0.8144444444444444,0.24486985183134594
,FILM,Action,MOVIE,FILM,Sci-Fi,1.0,1.0,1,0.5,4131.0,8.326516830239528,87,0.9033333333333333,0.8902045520598253
SERIES,SERIES,Drama,SERIES,SERIES,Drama,1.0,1.0,2,1.0,2426.0,7.794411205726601,395,0.5611111111111111,0.942350879885692
DOCUMENTARY,DOCUMENTARY,History,SERIES,SERIES,Comedy,0.0,0.0,0,0.0,3358.0,8.119398589612294,815,0.09444444444444444,0.10002647028248002
MOVIE,FILM,Comedy,SERIES,SERIES,Action,1.0,1.0,0,0.0,3651.0,8.20303024171486,620,0.3111111111111111,0.6611318698734291
MOVIE,FILM,Sci-Fi,,DOCUMENTARY,History,0.0,1.0,1,0.5,3743.0,8.227909837597483,756,0.16000000000000003,0.45909170062619775
SERIES,SERIES,Drama,DOCUMENTARY,DOCUMENTARY,Science,1.0,1.0,0,0.0,4452.0,8.401333305321703,469,0.4788888888888889,0.7041534056236735
MOVIE,FILM,,MOVIE,FILM,Action,1.0,1.0,0,0.0,1269.0,7.146772179452637,17,0.9811111111111112,0.7468656129964873
SERIES,SERIES,Drama,MOVIE,FILM,Comedy,0.0,0.0,0,0.0,4453.0,8.401557847817314,324,0.64,0.09791059206126786
DOCUMENTARY,DOCUMENTARY,History,MOVIE,FILM,Drama,0.0,0.0,0,0.0,1444.0,7.275864600546533,610,0.3222222222222222,0.06777254912493541
MOVIE,FILM,Comedy,MOVIE,FILM,Sci-Fi,1.0,1.0,0,0.0,,7.923348211930154,539,0.4011111111111111,0.720764754356934
,FILM,Sci-Fi,SERIES,SERIES,Drama,0.0,0.0,0,0.0,2523.0,7.8336002236611035,189,0.79,0.1551480880822917
SERIES,SERIES,Drama,SERIES,SERIES,Comedy,1.0,1.0,0,0.0,1677.0,7.425357887027151,819,0.08999999999999997,0.6619340832738849
MOVIE,FILM,Action,SERIES,SERIES,Action,0.0,0.0,2,1.0,2243.0,7.716015266642587,473,0.47444444444444445,0.3461973277946716
SERIES,SERIES,Drama,DOCUMENTARY,DOCUMENTARY,History,0.0,0.0,0,0.0,4003.0,8.295049140435111,82,0.9088888888888889,0.10670276556948591
DOCUMENTARY,DOCUMENTARY,History,DOCUMENTARY,DOCUMENTARY,Science,1.0,1.0,0,0.0,2383.0,7.776535028185241,859,0.04555555555555557,0.6820965970403882
MOVIE,FILM,Comedy,MOVIE,FILM,Action,1.0,1.0,0,0.0,305.0,5.723585101952381,188,0.7911111111111111,0.7016895214049788
MOVIE,FILM,Sci-Fi,MOVIE,FILM,Comedy,1.0,1.0,0,0.0,,,301,0.6655555555555556,
SERIES,SERIES,Drama,MOVIE,FILM,Drama,0.0,0.0,1,0.5,,6.7464121285733745,557,0.38111111111111107,0.25441439133767885
MOVIE,FILM,Action,MOVIE,FILM,Sci-Fi,1.0,1.0,1,0.5,294.0,5.68697535633982,6,0.9933333333333333,0.8609462627223687
SERIES,SERIES,Drama,SERIES,SERIES,Drama,1.0,1.0,2,1.0,4275.0,8.360773272144936,52,0.9422222222222222,0.9256049098186442
DOCUMENTARY,DOCUMENTARY,History,SERIES,SERIES,Comedy,0.0,0.0,0,0.0,2498.0,7.823645930834952,347,0.6144444444444445,0.07977401613969955
MOVIE,FILM,Comedy,,SERIES,Action,0.0,1.0,0,0.0,1544.0,7.3427791893318455,330,0.6333333333333333,0.41292416153682066
DOCUMENTARY,DOCUMENTARY,History,,DOCUMENTARY,Science,0.0,1.0,0,0.0,3224.0,8.078688229229872,156,0.8266666666666667,0.3789283168225844
SERIES,SERIES,Drama,,FILM,Drama,0.0,0.0,1,0.5,294.0,5.68697535633982,416,0.5377777777777778,0.2060821746172617
DOCUMENTARY,DOCUMENTARY,History,MOVIE,FILM,Drama,0.0,0.0,0,0.0,3208.0,8.073714641109857,226,0.7488888888888889,0.094719450470298
SERIES,SERIES,Drama,,DOCUMENTARY,History,0.0,0.0,0,0.0,929.0,6.835184586147301,339,0.6233333333333333,0.09634726997297186
MOVIE,FILM,Action,SERIES,SERIES,Action,0.0,0.0,2,1.0,1119.0,7.02108396428914,464,0.48444444444444446,0.2933434387184797
,FILM,Action,MOVIE,FILM,Action,1.0,1.0,2,1.0,2246.0,7.717351272185329,195,0.7833333333333333,0.968700072800192
MOVIE,FILM,Action,SERIES,SERIES,Action,0.0,0.0,2,1.0,,7.01571242048723,697,0.2255555555555555,0.31231163315587174
MOVIE,FILM,Comedy,MOVIE,FILM,Sci-Fi,1.0,1.0,0,0.0,177.0,5.181783550292085,200,0.7777777777777778,0.6947977692004843
MOVIE,FILM,Comedy,MOVIE,FILM,Action,1.0,1.0,0,0.0,2276.0,7.7306140660637395,232,0.7422222222222222,0.7461671769010616
MOVIE,FILM,Sci-Fi,SERIES,SERIES,Drama,0.0,0.0,0,0.0,3100.0,8.03947991910045,185,0.7944444444444445,0.09569757871880903
MOVIE,FILM,,SERIES,SERIES,Action,0.0,0.0,2,1.0,1869.0,7.533693709848633,266,0.7044444444444444,0.33101377759546846
MOVIE,FILM,Sci-Fi,DOCUMENTARY,DOCUMENTARY,History,1.0,1.0,1,0.5,,7.243512974665482,51,0.9433333333333334,0.8874837146929919
MOVIE,FILM,Sci-Fi,,SERIES,Drama,0.0,0.0,0,0.0,2598.0,7.8628820346414905,7,0.9922222222222222,0.1357026263549715
SERIES,SERIES,Drama,SERIES,SERIES,Drama,1.0,1.0,2,1.0,1900.0,7.550135342488429,524,0.4177777777777778,0.9407122039041936
MOVIE,FILM,Sci-Fi,SERIES,SERIES,Drama,0.0,0.0,0,0.0,3034.0,8.017966703493599,898,0.0022222222222222365,0.06841623992668218
SERIES,SERIES,Drama,,SERIES,Comedy,0.0,1.0,0,0.0,4091.0,8.316789127071518,760,0.15555555555555556,0.3211248674332877
MOVIE,FILM,,SERIES,SERIES,Action,0.0,0.0,0,0.0,2767.0,7.92588031673756,752,0.1644444444444444,0.06109289590159424
MOVIE,FILM,Action,,FILM,Action,0.0,1.0,2,1.0,3960.0,8.284251797621916,897,0.0033333333333332993,0.5301253203525157
SERIES,SERIES,Drama,DOCUMENTARY,DOCUMENTARY,Science,1.0,1.0,0,0.0,525.0,6.26530121273771,748,0.16888888888888887,0.6744543797447764
MOVIE,FILM,Comedy,MOVIE,FILM,Sci-Fi,1.0,1.0,0,0.0,2742.0,7.916807490937603,127,0.8588888888888889,0.7097563778156636
MOVIE,FILM,Action,MOVIE,FILM,Action,1.0,1.0,2,1.0,4008.0,8.296297112642508,540,0.4,0.9152256906054592
SERIES,SERIES,,DOCUMENTARY,DOCUMENTARY,History,0.0,0.0,0,0.0,2447.0,7.803026643632217,476,0.47111111111111115,0.06590644825534023
MOVIE,FILM,Action,SERIES,SERIES,Action,0.0,0.0,2,1.0,3038.0,8.019283792916793,458,0.49111111111111116,0.2742662792644894
MOVIE,FILM,,MOVIE,FILM,Sci-Fi,1.0,1.0,0,0.0,644.0,6.4692503167957724,621,0.31000000000000005,0.6980775711225292
DOCUMENTARY,DOCUMENTARY,History,DOCUMENTARY,DOCUMENTARY,Science,1.0,1.0,0,0.0,,8.101071503119543,780,0.1333333333333333,0.6853073711360207
SERIES,SERIES,Drama,DOCUMENTARY,DOCUMENTARY,History,0.0,0.0,0,0.0,4705.0,8.456593569287309,453,0.4966666666666667,0.11114784789021019
SERIES,SERIES,Drama,DOCUMENTARY,DOCUMENTARY,History,0.0,0.0,0,0.0,846.0,6.741700694652055,781,0.13222222222222224,0.012115723835901458
SERIES,SERIES,Drama,SERIES,SERIES,Drama,1.0,1.0,2,1.0,4275.0,8.360773272144936,52,0.9422222222222222,0.9256049098186442
DOCUMENTARY,DOCUMENTARY,History,DOCUMENTARY,DOCUMENTARY,Science,1.0,1.0,0,0.0,1180.0,7.074116816197362,680,0.24444444444444446,0.6871368281843142
SERIES,SERIES,Drama,DOCUMENTARY,DOCUMENTARY,Science,1.0,1.0,0,0.0,2513.0,7.829630389150193,552,0.3866666666666667,0.674420629032635
SERIES,SERIES,Drama,,SERIES,Comedy,0.0,1.0,0,0.0,2954.0,7.991253929840199,106,0.8822222222222222,0.4038527939034891
DOCUMENTARY,DOCUMENTARY,History,SERIES,SERIES,Comedy,0.0,0.0,0,0.0,750.0,6.621405651764134,652,0.27555555555555555,0.0640160518999126
MOVIE,FILM,Action,SERIES,SERIES,Action,0.0,0.0,2,1.0,4334.0,8.374476889214643,788,0.12444444444444447,0.3219515464538344
MOVIE,FILM,Comedy,MOVIE,FILM,Sci-Fi,1.0,1.0,0,0.0,962.0,6.870053411798126,865,0.03888888888888886,0.5995706002647466
SERIES,SERIES,Drama,,DOCUMENTARY,Science,1.0,1.0,0,0.0,4637.0,8.442038517815478,369,0.5900000000000001,0.6929231979371662
MOVIE,FILM,Action,SERIES,SERIES,Action,0.0,0.0,2,1.0,4043.0,8.304989580140361,438,0.5133333333333333,0.3372909673383443
MOVIE,FILM,Action,MOVIE,FILM,Action,1.0,1.0,2,1.0,4480.0,8.407601514786142,314,0.6511111111111111,0.95108793482916
SERIES,SERIES,,SERIES,SERIES,Drama,1.0,1.0,0,0.0,2543.0,7.841492924460013,226,0.7488888888888889,0.7446776565812371
SERIES,SERIES,Drama,SERIES,SERIES,Drama,1.0,1.0,2,1.0,3464.0,8.150467911624004,489,0.45666666666666667,0.9923454670751315
MOVIE,FILM,Comedy,,FILM,Sci-Fi,1.0,1.0,0,0.0,2111.0,7.655390644826152,187,0.7922222222222222,0.7323212052211463
SERIES,SERIES,,SERIES,SERIES,Drama,1.0,1.0,2,1.0,4283.0,8.36264243156764,442,0.508888888888889,1.0
SERIES,SERIES,Drama,,FILM,Drama,0.0,0.0,1,0.5,4129.0,8.326032685955079,77,0.9144444444444444,0.2249056567451206
MOVIE,FILM,Sci-Fi,MOVIE,FILM,Comedy,1.0,1.0,0,0.0,2184.0,7.68937110752969,39,0.9566666666666667,0.7662944869916928
SERIES,SERIES,Drama,MOVIE,FILM,Comedy,0.0,0.0,0,0.0,2174.0,7.684783943522785,97,0.8922222222222222,0.1327913881299816
SERIES,SERIES,Drama,SERIES,SERIES,Drama,1.0,1.0,2,1.0,4958.0,8.508959386489133,148,0.8355555555555556,0.9937083103693196
MOVIE,FILM,Sci-Fi,SERIES,SERIES,Drama,0.0,0.0,0,0.0,2611.0,7.867871490396322,295,0.6722222222222223,0.07352178493527506
,SERIES,Drama,MOVIE,FILM,Drama,0.0,0.0,1,0.5,3030.0,8.016647877057803,396,0.56,0.1817994928654033
MOVIE,FILM,Action,SERIES,SERIES,Action,0.0,0.0,2,1.0,4874.0,8.491875383431948,730,0.18888888888888888,0.37795292307624734
,FILM,Sci-Fi,MOVIE,FILM,Comedy,1.0,1.0,0,0.0,1270.0,7.147559271189454,14,0.9844444444444445,0.7650949957812835
DOCUMENTARY,DOCUMENTARY,History,DOCUMENTARY,DOCUMENTARY,Science,1.0,1.0,0,0.0,752.0,6.6240652277998935,324,0.64,0.7348721843802528
SERIES,SERIES,Drama,SERIES,SERIES,Drama,1.0,1.0,2,1.0,1717.0,7.4489161025442,710,0.21111111111111114,0.9364081801525842
MOVIE,FILM,Comedy,MOVIE,FILM,Action,1.0,1.0,0,0.0,3097.0,8.038512020976814,573,0.3633333333333333,0.6881679673309087
MOVIE,FILM,Sci-Fi,MOVIE,FILM,Comedy,1.0,1.0,0,0.0,,,247,0.7255555555555555,
MOVIE,FILM,Comedy,MOVIE,FILM,Sci-Fi,1.0,1.0,0,0.0,1285.0,7.1592919047975645,6,0.9933333333333333,0.7377376787458686
MOVIE,FILM,Comedy,SERIES,SERIES,Action,1.0,1.0,0,0.0,499.0,6.214608098422191,103,0.8855555555555555,0.7549285920304322
SERIES,SERIES,Drama,SERIES,SERIES,Comedy,1.0,1.0,0,0.0,3588.0,8.185628891147607,556,0.38222222222222224,0.7352103717588492
SERIES,SERIES,Drama,MOVIE,FILM,Comedy,0.0,0.0,0,0.0,4763.0,8.46884293047519,408,0.5466666666666666,0.1179565483088081
MOVIE,FILM,Comedy,SERIES,SERIES,Action,1.0,1.0,0,0.0,2805.0,7.939515260662406,366,0.5933333333333333,0.7215585285074674
MOVIE,FILM,Action,MOVIE,FILM,Sci-Fi,1.0,1.0,1,0.5,294.0,5.68697535633982,6,0.9933333333333333,0.8609462627223687
MOVIE,FILM,Comedy,MOVIE,FILM,Action,1.0,1.0,0,0.0,111.0,4.718498871295094,483,0.4633333333333334,0.6997182089436846
MOVIE,FILM,Comedy,MOVIE,FILM,Sci-Fi,1.0,1.0,0,0.0,2603.0,7.86480400332846,666,0.26,0.6600764061091166
SERIES,SERIES,Drama,DOCUMENTARY,DOCUMENTARY,Science,1.0,1.0,0,0.0,4824.0,8.481566013773087,215,0.7611111111111111,0.7429379619321216
SERIES,SERIES,Drama,MOVIE,FILM,Drama,0.0,0.0,1,0.5,351.0,5.863631175598097,96,0.8933333333333333,0.23766531497469653
DOCUMENTARY,DOCUMENTARY,History,MOVIE,FILM,Drama,0.0,0.0,0,0.0,2078.0,7.639642287858013,346,0.6155555555555556,0.0607855823123663
MOVIE,FILM,Comedy,SERIES,SERIES,Action,1.0,1.0,0,0.0,1519.0,7.326465613840322,639,0.29000000000000004,0.7154318024237065
MOVIE,FILM,Sci-Fi,SERIES,SERIES,Drama,0.0,0.0,0,0.0,848.0,6.744059186311348,840,0.06666666666666665,0.0014800472724281755
SERIES,SERIES,Drama,,DOCUMENTARY,History,0.0,0.0,0,0.0,720.0,6.580639137284949,498,0.44666666666666666,0.14080590696355288
SERIES,SERIES,Drama,,FILM,Comedy,0.0,0.0,0,0.0,3293.0,8.099857910737585,627,0.30333333333333334,0.09716013394211503
SERIES,SERIES,,DOCUMENTARY,DOCUMENTARY,History,0.0,0.0,0,0.0,191.0,5.2574953720277815,864,0.040000000000000036,0.04123302076822
SERIES,SERIES,Drama,SERIES,SERIES,Drama,1.0,1.0,2,1.0,202.0,5.313205979041787,312,0.6533333333333333,0.939969641012517
DOCUMENTARY,DOCUMENTARY,History,DOCUMENTARY,DOCUMENTARY,Science,1.0,1.0,0,0.0,233.0,5.455321115357702,590,0.34444444444444444,0.7048149991792557
SERIES,SERIES,Drama,SERIES,SERIES,Comedy,1.0,1.0,0,0.0,259.0,5.560681631015528,887,0.014444444444444482,0.6070790215217019
SERIES,SERIES,Drama,SERIES,SERIES,Comedy,1.0,1.0,0,0.0,3204.0,8.07246736935477,398,0.5577777777777777,0.7270514048627812
SERIES,SERIES,,MOVIE,FILM,Comedy,0.0,0.0,0,0.0,3946.0,8.280711075662847,481,0.4655555555555555,0.05375300353898775
SERIES,SERIES,Drama,DOCUMENTARY,DOCUMENTARY,Science,1.0,1.0,0,0.0,2822.0,7.945555428253489,669,0.2566666666666667,0.6700470987798596
SERIES,SERIES,Drama,SERIES,SERIES,Comedy,1.0,1.0,0,0.0,2136.0,7.667158255319148,511,0.4322222222222222,0.6863343933113252
MOVIE,FILM,,MOVIE,FILM,Sci-Fi,1.0,1.0,1,0.5,2832.0,7.949091499830517,751,0.16555555555555557,0.7832362873665384
SERIES,SERIES,Drama,DOCUMENTARY,DOCUMENTARY,Science,1.0,1.0,0,0.0,2851.0,7.955775781534187,832,0.0755555555555556,0.6738754712909539
MOVIE,FILM,Comedy,MOVIE,FILM,Sci-Fi,1.0,1.0,0,0.0,2184.0,7.68937110752969,49,0.9455555555555556,0.6840498469791881
MOVIE,FILM,Action,MOVIE,FILM,Sci-Fi,1.0,1.0,1,0.5,696.0,6.546785410760524,268,0.7022222222222223,0.8382015686934831
MOVIE,FILM,,SERIES,SERIES,Action,1.0,1.0,0,0.0,,,899,0.0011111111111110628,
MOVIE,FILM,Sci-Fi,SERIES,SERIES,Drama,0.0,0.0,0,0.0,2048.0,7.6251071482389,496,0.4488888888888889,0.0710786305001803
MOVIE,FILM,,SERIES,SERIES,Action,1.0,1.0,0,0.0,,8.276903481267057,766,0.14888888888888885,0.6458055877991429
DOCUMENTARY,DOCUMENTARY,History,DOCUMENTARY,DOCUMENTARY,Science,1.0,1.0,0,0.0,4054.0,8.307705966549513,130,0.8555555555555556,0.7152501680016466
DOCUMENTARY,DOCUMENTARY,History,SERIES,SERIES,Comedy,0.0,0.0,0,0.0,1097.0,7.001245622069476,488,0.45777777777777773,0.0299900865509148
,FILM,Comedy,,SERIES,Action,0.0,1.0,0,0.0,4425.0,8.395251520610994,685,0.23888888888888893,0.3423052828422909
MOVIE,FILM,Sci-Fi,MOVIE,FILM,Comedy,1.0,1.0,0,0.0,3447.0,8.145549631783584,282,0.6866666666666666,0.6852544399498827
MOVIE,FILM,Sci-Fi,DOCUMENTARY,DOCUMENTARY,History,1.0,1.0,1,0.5,4323.0,8.371936178759098,454,0.4955555555555555,0.7929545234884591
MOVIE,FILM,Sci-Fi,MOVIE,FILM,Comedy,1.0,1.0,0,0.0,728.0,6.591673732008658,379,0.5788888888888889,0.7435607816916532
MOVIE,FILM,,MOVIE,FILM,Sci-Fi,1.0,1.0,0,0.0,3991.0,8.292047637431354,814,0.0955555555555555,0.6319065357862352
MOVIE,FILM,Sci-Fi,SERIES,SERIES,Drama,0.0,0.0,0,0.0,,6.5722825426940075,33,0.9633333333333334,0.10621723045593548
MOVIE,FILM,Comedy,MOVIE,FILM,Sci-Fi,1.0,1.0,0,0.0,4650.0,8.444837529224097,359,0.6011111111111112,0.6462057021484495
SERIES,SERIES,Drama,DOCUMENTARY,DOCUMENTARY,Science,1.0,1.0,0,0.0,2340.0,7.75833346749091,734,0.1844444444444444,0.6815007107102583
MOVIE,FILM,Action,MOVIE,FILM,Action,1.0,1.0,2,1.0,973.0,6.881411303642535,60,0.9333333333333333,1.0
,DOCUMENTARY,History,MOVIE,FILM,Drama,0.0,0.0,0,0.0,2509.0,7.828038032125829,563,0.37444444444444447,0.10371093323046639
DOCUMENTARY,DOCUMENTARY,History,DOCUMENTARY,DOCUMENTARY,Science,1.0,1.0,0,0.0,2932.0,7.983781068977451,540,0.4,0.7312177600103437
MOVIE,FILM,Sci-Fi,SERIES,SERIES,Drama,0.0,0.0,0,0.0,3427.0,8.13973227971767,223,0.7522222222222222,0.08101829459043369
MOVIE,FILM,Comedy,MOVIE,FILM,Sci-Fi,1.0,1.0,0,0.0,551.0,6.313548046277095,581,0.35444444444444445,0.6756578009514618
MOVIE,FILM,Action,MOVIE,FILM,Action,1.0,1.0,2,1.0,,8.438366410870266,546,0.3933333333333333,0.9769227670486775
MOVIE,FILM,Sci-Fi,MOVIE,FILM,Comedy,1.0,1.0,0,0.0,492.0,6.20050917404269,136,0.8488888888888889,0.7158095352709763
MOVIE,FILM,Action,MOVIE,FILM,Action,1.0,1.0,2,1.0,591.0,6.3835066348840055,643,0.28555555555555556,0.9511342945833685
MOVIE,FILM,Comedy,MOVIE,FILM,Action,1.0,1.0,0,0.0,4397.0,8.388905171114706,51,0.9433333333333334,0.7108096053273857
,DOCUMENTARY,History,SERIES,SERIES,Comedy,0.0,0.0,0,0.0,3846.0,8.255048902752295,431,0.5211111111111111,0.08416189458696849
MOVIE,FILM,Action,SERIES,SERIES,Action,0.0,0.0,2,1.0,1046.0,6.953684210870537,174,0.8066666666666666,0.3740486176421169
MOVIE,FILM,Comedy,MOVIE,FILM,Sci-Fi,1.0,1.0,0,0.0,1605.0,7.381501894506707,86,0.9044444444444444,0.7299750481743754
MOVIE,FILM,Sci-Fi,DOCUMENTARY,DOCUMENTARY,History,1.0,1.0,1,0.5,1192.0,7.084226422097916,35,0.9611111111111111,0.857766369045132
MOVIE,FILM,Comedy,MOVIE,FILM,Sci-Fi,1.0,1.0,0,0.0,80.0,4.394449154672439,801,0.10999999999999999,0.612051845624062
DOCUMENTARY,DOCUMENTARY,History,DOCUMENTARY,DOCUMENTARY,Science,1.0,1.0,0,0.0,1505.0,7.317212408359839,414,0.54,0.7247096787204163
MOVIE,FILM,Sci-Fi,SERIES,SERIES,Drama,0.0,0.0,0,0.0,198.0,5.293304824724492,284,0.6844444444444444,0.11386510733590809
,DOCUMENTARY,History,MOVIE,FILM,Drama,0.0,0.0,0,0.0,46.0,3.8501476017100584,453,0.4966666666666667,0.0842339469645904
MOVIE,FILM,Sci-Fi,SERIES,SERIES,Drama,0.0,0.0,0,0.0,,,0,1.0,
DOCUMENTARY,DOCUMENTARY,History,SERIES,SERIES,Comedy,0.0,0.0,0,0.0,601.0,6.400257445308821,568,0.36888888888888893,0.03212310707340124
SERIES,SERIES,Drama,SERIES,SERIES,Comedy,1.0,1.0,0,0.0,2538.0,7.839525581704678,590,0.34444444444444444,0.6267547157134779
MOVIE,FILM,Sci-Fi,SERIES,SERIES,Drama,0.0,0.0,0,0.0,560.0,6.329720905522696,392,0.5644444444444445,0.11117930899002082
MOVIE,FILM,,,FILM,Action,0.0,1.0,0,0.0,,,543,0.3966666666666666,
SERIES,SERIES,Drama,MOVIE,FILM,Comedy,0.0,0.0,0,0.0,2481.0,7.8168199657645525,364,0.5955555555555556,0.0690922833167444
SERIES,SERIES,Drama,SERIES,SERIES,Comedy,1.0,1.0,0,0.0,2052.0,7.627057417018934,695,0.22777777777777775,0.6935752029477993
MOVIE,FILM,Action,MOVIE,FILM,Action,1.0,1.0,2,1.0,2678.0,7.893198869544609,652,0.27555555555555555,0.9371559082387442
SERIES,SERIES,Drama,,DOCUMENTARY,History,0.0,0.0,0,0.0,4868.0,8.4906438561827,722,0.19777777777777783,0.05468609606656863
DOCUMENTARY,DOCUMENTARY,,MOVIE,FILM,Drama,0.0,0.0,0,0.0,1102.0,7.005789019253503,516,0.42666666666666664,0.08393074321620579
MOVIE,FILM,Action,MOVIE,FILM,Sci-Fi,1.0,1.0,1,0.5,268.0,5.594711379601839,489,0.45666666666666667,0.8347024097532834
MOVIE,FILM,Sci-Fi,DOCUMENTARY,DOCUMENTARY,History,1.0,1.0,1,0.5,4006.0,8.295798110636145,260,0.7111111111111111,0.867281128776832
MOVIE,FILM,Comedy,MOVIE,FILM,Action,1.0,1.0,0,0.0,,8.480736654405622,783,0.13,0.6539602962836131
MOVIE,FILM,Action,SERIES,SERIES,Action,0.0,0.0,2,1.0,,8.509967146324497,765,0.15000000000000002,0.29831910932254385
MOVIE,FILM,Sci-Fi,,SERIES,Drama,0.0,0.0,0,0.0,1355.0,7.212294468500341,431,0.5211111111111111,0.017581525434643266
MOVIE,FILM,Sci-Fi,MOVIE,FILM,Comedy,1.0,1.0,0,0.0,1928.0,7.564757012905729,131,0.8544444444444445,0.8105436552045477
SERIES,SERIES,Drama,MOVIE,FILM,Comedy,0.0,0.0,0,0.0,2825.0,7.946617563244473,336,0.6266666666666667,0.04389928105521674
SERIES,SERIES,Drama,MOVIE,FILM,Comedy,0.0,0.0,0,0.0,1794.0,7.492760300922379,869,0.0344444444444445,0.05866884207159215
MOVIE,FILM,Action,MOVIE,FILM,Action,1.0,1.0,2,1.0,1160.0,7.057036981697891,869,0.0344444444444445,0.8773156010829101
MOVIE,FILM,Sci-Fi,SERIES,SERIES,Drama,0.0,0.0,0,0.0,,8.0774471493312,416,0.5377777777777778,0.03905750986717556
MOVIE,FILM,Sci-Fi,SERIES,SERIES,Drama,0.0,0.0,0,0.0,724.0,6.586171654854675,575,0.36111111111111116,0.07878283059105455
MOVIE,FILM,Comedy,MOVIE,FILM,Sci-Fi,1.0,1.0,0,0.0,1554.0,7.349230824613334,808,0.10222222222222221,0.6599432632756397
SERIES,SERIES,Drama,SERIES,SERIES,Comedy,1.0,1.0,0,0.0,4862.0,8.489410810403786,494,0.45111111111111113,0.7422025836906143
MOVIE,FILM,,MOVIE,FILM,Action,1.0,1.0,0,0.0,572.0,6.35088571671474,446,0.5044444444444445,0.6743860136186158
SERIES,SERIES,Drama,DOCUMENTARY,DOCUMENTARY,Science,1.0,1.0,0,0.0,2702.0,7.902117546276448,240,0.7333333333333334,0.709239153605566
DOCUMENTARY,DOCUMENTARY,History,SERIES,SERIES,Comedy,0.0,0.0,0,0.0,1721.0,7.451241684987676,236,0.7377777777777778,0.05942939700502657
MOVIE,FILM,Action,MOVIE,FILM,Action,1.0,1.0,2,1.0,4583.0,8.430327258394575,472,0.4755555555555555,0.938961179342294
MOVIE,FILM,Sci-Fi,MOVIE,FILM,Comedy,1.0,1.0,0,0.0,853.0,6.74993119378857,891,0.010000000000000009,0.6373150083111553
MOVIE,FILM,Comedy,MOVIE,FILM,Sci-Fi,1.0,1.0,0,0.0,4558.0,8.424858580213442,433,0.518888888888889,0.7542839380098506
SERIES,SERIES,Drama,MOVIE,FILM,Drama,0.0,0.0,1,0.5,1941.0,7.571473648851271,859,0.04555555555555557,0.1830921208111723
MOVIE,FILM,Comedy,SERIES,SERIES,Action,1.0,1.0,0,0.0,3057.0,8.025516386489008,134,0.8511111111111112,0.6521115080984881
MOVIE,FILM,Comedy,SERIES,SERIES,Action,1.0,1.0,0,0.0,1742.0,7.463363045520021,14,0.9844444444444445,0.7615461515188638
SERIES,SERIES,Drama,SERIES,SERIES,Drama,1.0,1.0,2,1.0,4856.0,8.488176242345745,228,0.7466666666666666,0.9710978867211983
DOCUMENTARY,DOCUMENTARY,History,MOVIE,FILM,Drama,0.0,0.0,0,0.0,945.0,6.852242569051878,35,0.9611111111111111,0.10400069648709384
MOVIE,FILM,Sci-Fi,MOVIE,FILM,Comedy,1.0,1.0,0,0.0,731.0,6.595780513961311,50,0.9444444444444444,0.7618385978956898
SERIES,SERIES,Drama,MOVIE,FILM,Comedy,0.0,0.0,0,0.0,2299.0,7.7406644019172415,436,0.5155555555555555,0.05116332987995656
DOCUMENTARY,DOCUMENTARY,History,MOVIE,FILM,Drama,0.0,0.0,0,0.0,3425.0,8.139148678884066,448,0.5022222222222222,0.06436458362885683
SERIES,SERIES,Drama,MOVIE,FILM,Comedy,0.0,0.0,0,0.0,1144.0,7.0431599159883405,206,0.7711111111111111,0.14853598729434161
MOVIE,FILM,Sci-Fi,DOCUMENTARY,DOCUMENTARY,History,1.0,1.0,1,0.5,520.0,6.255750041753367,24,0.9733333333333334,0.8121800573931519
DOCUMENTARY,DOCUMENTARY,History,MOVIE,FILM,Drama,0.0,0.0,0,0.0,2452.0,7.8050670442584895,256,0.7155555555555555,0.06452417951966893
DOCUMENTARY,DOCUMENTARY,History,,FILM,Drama,0.0,0.0,0,0.0,4761.0,8.468423027046809,230,0.7444444444444445,0.13459541599440175
MOVIE,FILM,Sci-Fi,SERIES,SERIES,Drama,0.0,0.0,0,0.0,3807.0,8.244859395911256,402,0.5533333333333333,0.08554589957956328
MOVIE,FILM,Comedy,SERIES,SERIES,Action,1.0,1.0,0,0.0,,7.426549072397305,373,0.5855555555555556,0.705529300686201
SERIES,SERIES,Drama,MOVIE,FILM,Drama,0.0,0.0,1,0.5,2766.0,7.925518979786926,781,0.13222222222222224,0.16297175574176737
MOVIE,FILM,Sci-Fi,MOVIE,FILM,Comedy,1.0,1.0,0,0.0,3270.0,8.092851027538384,860,0.0444444444444444,0.6051411373725839
MOVIE,FILM,Sci-Fi,,DOCUMENTARY,History,0.0,1.0,1,0.5,4653.0,8.445482343862237,8,0.9911111111111112,0.5551259708722083
SERIES,SERIES,Drama,MOVIE,FILM,Drama,0.0,0.0,1,0.5,4593.0,8.432506383249043,848,0.05777777777777782,0.1364616652780054
SERIES,SERIES,Drama,MOVIE,FILM,Comedy,0.0,0.0,0,0.0,4301.0,8.366835309827675,549,0.39,0.061389279345167906
SERIES,SERIES,Drama,MOVIE,FILM,Drama,0.0,0.0,1,0.5,3466.0,8.151044945685024,576,0.36,0.15029628153171465
MOVIE,FILM,,SERIES,SERIES,Drama,0.0,0.0,0,0.0,3513.0,8.164510268747042,446,0.5044444444444445,0.08241032694834657
MOVIE,FILM,Sci-Fi,DOCUMENTARY,DOCUMENTARY,History,1.0,1.0,1,0.5,3248.0,8.0861025356691,788,0.12444444444444447,0.8057425269507622
DOCUMENTARY,DOCUMENTARY,History,DOCUMENTARY,DOCUMENTARY,Science,1.0,1.0,0,0.0,233.0,5.455321115357702,895,0.005555555555555536,0.6195045190705815
SERIES,SERIES,Drama,,FILM,Drama,0.0,0.0,1,0.5,90.0,4.51085950651685,487,0.4588888888888889,0.19484462948438047
DOCUMENTARY,DOCUMENTARY,History,DOCUMENTARY,DOCUMENTARY,Science,1.0,1.0,0,0.0,4997.0,8.516793111394898,413,0.5411111111111111,0.6961259958198036
DOCUMENTARY,DOCUMENTARY,History,DOCUMENTARY,DOCUMENTARY,Science,1.0,1.0,0,0.0,,5.056245805348308,679,0.24555555555555553,0.6921019960243115
SERIES,SERIES,Drama,MOVIE,FILM,Comedy,0.0,0.0,0,0.0,2368.0,7.7702232041587855,562,0.37555555555555553,0.11176501085306606
MOVIE,FILM,,SERIES,SERIES,Action,0.0,0.0,2,1.0,1554.0,7.349230824613334,532,0.40888888888888886,0.3049646749916107
MOVIE,FILM,Action,MOVIE,FILM,Sci-Fi,1.0,1.0,1,0.5,,8.107720061910534,205,0.7722222222222223,0.8628820229982295
SERIES,SERIES,Drama,SERIES,SERIES,Comedy,1.0,1.0,0,0.0,1031.0,6.939253946041508,133,0.8522222222222222,0.7554001032308151
SERIES,SERIES,Drama,SERIES,SERIES,Comedy,1.0,1.0,0,0.0,2807.0,7.940227765145702,460,0.48888888888888893,0.6955921015720943
,SERIES,Drama,DOCUMENTARY,DOCUMENTARY,History,0.0,0.0,0,0.0,3759.0,8.23217423638394,47,0.9477777777777778,0.15398087092638357
DOCUMENTARY,DOCUMENTARY,History,MOVIE,FILM,Drama,0.0,0.0,0,0.0,4027.0,8.301025253838453,550,0.38888888888888884,0.03164887742995752
MOVIE,FILM,,MOVIE,FILM,Comedy,1.0,1.0,0,0.0,2852.0,7.9561263512135,37,0.9588888888888889,0.792286673971467
MOVIE,FILM,Sci-Fi,SERIES,SERIES,Drama,0.0,0.0,0,0.0,4177.0,8.33758794211651,619,0.3122222222222222,0.05073194458363892
MOVIE,FILM,Action,MOVIE,FILM,Action,1.0,1.0,2,1.0,3605.0,8.190354403763262,27,0.97,0.9449318249482165
,SERIES,Drama,MOVIE,FILM,Comedy,0.0,0.0,0,0.0,4843.0,8.485496104672983,411,0.5433333333333333,0.10014951238002073
MOVIE,FILM,Comedy,SERIES,SERIES,Action,1.0,1.0,0,0.0,119.0,4.787491742782046,834,0.07333333333333336,0.696398437086049
SERIES,SERIES,Drama,SERIES,SERIES,Drama,1.0,1.0,2,1.0,4642.0,8.443115988019922,45,0.95,0.9866755633631616
SERIES,SERIES,Drama,DOCUMENTARY,DOCUMENTARY,Science,1.0,1.0,0,0.0,3410.0,8.134760782418645,257,0.7144444444444444,0.7690501646120835
MOVIE,FILM,Sci-Fi,MOVIE,FILM,Comedy,1.0,1.0,0,0.0,1630.0,7.396948602621014,850,0.05555555555555558,0.6135987140837366
SERIES,SERIES,Drama,MOVIE,FILM,Drama,0.0,0.0,1,0.5,3553.0,8.175829008714597,846,0.06000000000000005,0.10483909379096301
DOCUMENTARY,DOCUMENTARY,History,SERIES,SERIES,Comedy,0.0,0.0,0,0.0,3488.0,8.157370441186774,736,0.18222222222222217,0.01780597258463302
MOVIE,FILM,Comedy,MOVIE,FILM,Sci-Fi,1.0,1.0,0,0.0,989.0,6.897704943128636,439,0.5122222222222222,0.6981981495112737
MOVIE,FILM,Comedy,SERIES,SERIES,Action,1.0,1.0,0,0.0,4006.0,8.295798110636145,739,0.17888888888888888,0.7590354285508235
MOVIE,FILM,Comedy,MOVIE,FILM,Sci-Fi,1.0,1.0,0,0.0,2705.0,7.903226808730733,598,0.3355555555555556,0.6844572814463118
SERIES,SERIES,Drama,SERIES,SERIES,Comedy,1.0,1.0,0,0.0,1050.0,6.957497370876951,146,0.8377777777777777,0.7293942125078249
DOCUMENTARY,DOCUMENTARY,History,MOVIE,FILM,Drama,0.0,0.0,0,0.0,,8.345692873253865,726,0.19333333333333336,0.06945801096528179
MOVIE,FILM,Comedy,MOVIE,FILM,Sci-Fi,1.0,1.0,0,0.0,4652.0,8.445267451844648,278,0.6911111111111111,0.7389519935896962
,FILM,Sci-Fi,SERIES,SERIES,Drama,0.0,0.0,0,0.0,2523.0,7.8336002236611035,189,0.79,0.1551480880822917
MOVIE,FILM,Action,MOVIE,FILM,Sci-Fi,1.0,1.0,1,0.5,3208.0,8.073714641109857,647,0.2811111111111111,0.8070223910458764
,SERIES,Drama,SERIES,SERIES,Drama,1.0,1.0,2,1.0,4630.0,8.440528106480752,402,0.5533333333333333,0.9014122147194754
MOVIE,FILM,Comedy,MOVIE,FILM,Sci-Fi,1.0,1.0,0,0.0,2102.0,7.6511201757027,742,0.17555555555555558,0.5946182038596173
,FILM,,SERIES,SERIES,Action,1.0,1.0,0,0.0,,,319,0.6455555555555555,
SERIES,SERIES,Drama,SERIES,SERIES,Comedy,1.0,1.0,0,0.0,1393.0,7.2399325913204695,842,0.06444444444444442,0.6298815746070543
SERIES,SERIES,Drama,MOVIE,FILM,Comedy,0.0,0.0,0,0.0,4818.0,8.480321716640333,415,0.5388888888888889,0.12541977334999166
MOVIE,FILM,Comedy,MOVIE,FILM,Action,1.0,1.0,0,0.0,716.0,6.57507584059962,736,0.18222222222222217,0.6678643381697349
SERIES,SERIES,Drama,DOCUMENTARY,DOCUMENTARY,Science,1.0,1.0,0,0.0,,7.860185057472165,217,0.758888888888889,0.696824428279772
SERIES,SERIES,Drama,DOCUMENTARY,DOCUMENTARY,History,0.0,0.0,0,0.0,3233.0,8.081475040137052,393,0.5633333333333334,0.08073697240715455
MOVIE,FILM,Comedy,MOVIE,FILM,Action,1.0,1.0,0,0.0,1346.0,7.205635176410364,534,0.4066666666666666,0.7443625101550266
DOCUMENTARY,DOCUMENTARY,History,,SERIES,Comedy,0.0,0.0,0,0.0,3467.0,8.151333337900432,29,0.9677777777777777,0.11684278641769186
